PC1,PC2,class,cluster
0.9962451914150512,-0.9468915891571602,p,0
1.4417328178159914,-0.1641541481689434,e,0
1.5240847692761912,-0.4087459606232535,e,0
1.1517999087368105,-0.6758196751815968,p,0
0.6175033813680959,-0.996143393793211,e,0
1.5003235933362689,0.023611408389423577,e,0
1.4316155308720053,-0.29334150847115736,e,0
1.5777343177430123,-0.25067256058640475,e,0
0.9051984772544623,-0.5710449380160314,p,0
1.4069910703460067,-0.15773013272649913,e,0
1.4174434223570649,0.12800040217243824,e,0
1.5187685905956416,-0.03973607710466151,e,0
1.5222175781708127,-0.23075488458719592,e,0
0.8593848035988858,-0.7068636407003152,p,0
0.5350677096688676,-0.832119654706395,e,0
0.7632496499436321,-0.2976558934074368,e,0
0.7109425878974462,-0.8933424673471916,e,0
1.083524396301634,-0.9157413540751661,p,0
1.1565944424493018,-0.6813274043661375,p,0
1.0010397251275425,-0.9523993183417009,p,0
1.4459109929565173,-0.2669418665004326,e,0
0.8544946003964777,-0.7645274922200584,p,0
1.4557469863956103,-0.07849132074844387,e,0
1.5313094743675488,-0.21088605435881033,e,0
1.4754290858997334,-0.3237186541862975,e,0
0.8984413851950492,-0.8533526147234892,p,0
1.4797495692804046,-0.014866660574062052,e,0
1.5455762964863957,-0.17144582152140606,e,0
0.6913873007385531,-0.4975567924893538,e,0
1.0220937867842392,-0.9233975751071201,e,0
1.3679720490307699,-0.13286071619589976,e,0
1.1030451266556265,-0.6751346859879748,p,0
1.4797495692804046,-0.014866660574062052,e,0
1.119914908154766,0.2145809644877717,e,0
1.5092963021892858,-0.08468403912660635,e,0
1.1300585696119614,-0.6613653752803993,e,0
0.5217494156387668,-0.5055343193645971,e,0
1.0618137460125754,-0.7607321304554202,p,0
1.0959988604411817,-0.5716139973751044,e,0
1.4411164592440262,-0.26143413731589193,e,0
1.5346648599576411,-0.05171369934766143,e,0
1.1755227644960542,0.37573056331609855,e,0
0.6956485416918599,-0.404664124546782,e,0
0.9099930109669534,-0.5765526672005721,p,0
1.462507753781085,-0.18840011662905584,e,0
1.5735561426024864,-0.14788484225491552,e,0
1.4652192748019661,-0.03354335872649902,e,0
1.5357403030473027,-0.3598963672733949,e,0
1.1872719206729117,0.18856563370219728,e,0
1.141479468761359,0.2142940600460133,e,0
1.3101554541890847,-0.05911102656005368,e,0
1.5491898546849552,-0.3550120861593412,e,0
1.4705354534825161,-0.4025532422450909,e,0
0.7672153955098946,-0.7956777273020522,p,0
0.8447542764473017,-0.8898064572677634,p,0
1.5018904801290593,-0.06976694942961129,e,0
0.7432421384859025,-0.7389019362102867,e,0
1.5468420386968111,-0.36636626033185427,e,0
1.4369382841035003,-0.15864641898440265,e,0
1.1151203744422749,0.22008869367231243,e,0
0.5265439493512578,-0.5110420485491378,e,0
1.4557469863956103,-0.07849132074844387,e,0
1.411785604058498,-0.16323786191103992,e,0
1.3778080424698627,0.055589829556089154,e,0
1.6031028755113677,-0.2177022208074598,e,0
0.5034025749205064,-1.2292716640786538,e,0
1.6027391704786302,-0.3612048045375038,e,0
1.300294750585514,0.20099518896376203,e,0
1.497712304988533,0.03302076890187791,e,0
0.5856607248689283,-0.38484665730602485,e,0
1.0576122305898554,-0.5608026607282834,e,0
1.4900596130513175,-0.14077583761884946,e,0
1.0916719397606351,-0.6505540386335783,e,0
1.1220749969066413,0.03843149324295178,e,0
1.4664850170123815,-0.22846379753694693,e,0
0.9470361594143977,-0.8134255000425498,e,0
0.9479464933723061,-1.0493072922989295,e,0
1.0815282783034394,0.2253923011345927,e,0
0.8181534229558347,-0.7924610851677606,p,0
1.2722200239336188,0.11844042081913288,e,0
0.42003722270046734,-1.0987775465917367,e,0
1.1829185094819825,-0.629067361208986,p,0
0.8206507931284917,-0.2598099039352523,e,0
0.8399986125163006,-0.7620585988699431,e,0
1.3338868467243492,0.19569158150148175,e,0
0.6001590489509043,-1.2524283267383105,e,0
1.585861060012048,-0.39123567686245375,e,0
1.6075337041911215,-0.3667125337220445,e,0
1.264814201873392,0.13335751051612793,e,0
0.5091736222611611,-0.7666821030441052,e,0
0.7881177800960457,-0.5200685766988782,e,0
1.5349230325661083,-0.3944523189967455,e,0
1.456462443672302,0.1031309856418388,e,0
1.3872803308762185,0.10053779157803402,e,0
0.6001330542779992,-1.2517834482881782,e,0
1.5198589994994267,-0.2568158107544891,e,0
1.2425036488794698,0.03594395880752149,e,0
1.4904875998971758,-0.16483913736256525,e,0
1.5055921773805798,-0.2962560435918933,e,0
1.5249004592260287,-0.06285753581795961,e,0
0.542697078438594,-0.7476789580533427,e,0
1.476220777778329,-0.20427937019996942,e,0
1.300294750585514,0.20099518896376203,e,0
1.1755227644960542,0.37573056331609855,e,0
1.4716146157919447,-0.0774283521247644,e,0
1.4749550355679135,-0.009358931389521347,e,0
1.3317267579724739,0.37184105274630164,e,0
1.572939784030521,-0.24516483140186404,e,0
1.4900596130513175,-0.14077583761884946,e,0
1.411569726335145,-0.19161675876334758,e,0
1.4878763115494404,-0.15542977685011092,e,0
0.7243297273331217,-0.1884441596335031,e,0
1.0559112762000282,-0.7872750924722092,e,0
1.4651190421288205,-0.19780947714151018,e,0
0.9129341193925611,-0.7130563590784779,p,0
1.3046216712660605,0.2799352302222359,e,0
0.7801279682187923,-0.20468787336784997,e,0
1.3269322242599828,0.37734878193084237,e,0
0.8428374803000642,-0.7841580324213822,e,0
0.6923300070598601,-0.5471032295242415,e,0
0.8784841655402091,-0.8524635038076068,p,0
1.4605128801424363,-0.07095845906630513,e,0
0.7746424393141449,-0.6490476879709475,p,0
0.5791167515167697,-0.98533205714639,e,0
1.4260524261773446,-0.12379762907363576,e,0
0.5750308907614725,-1.0082737334317597,e,0
1.4784040231430846,-0.20037773887205582,e,0
0.6477875317462141,-0.634073573881334,e,0
1.5589256154509021,-0.33082765882236354,e,0
1.5678983243039193,-0.4391231063383937,e,0
1.5906555937245392,-0.39674340604699443,e,0
1.575123029395277,-0.24126320007395038,e,0
0.9069485751732442,-1.0290865951396542,e,0
1.4310938859039466,0.07016064586289386,e,0
1.0154741749681242,-0.9794140215023478,e,0
0.9103228310448257,-0.7036469985660235,p,0
1.1601099553143617,-0.8165425600933768,e,0
1.548931682076488,-0.012273466510257292,e,0
0.8079876094388694,-0.853817299554298,p,0
1.4784040231430846,-0.20037773887205582,e,0
1.1491800836130543,0.13033731576701751,e,0
1.3730135087573716,0.06109755874062986,e,0
0.4556243064674858,-0.7604893846659425,e,0
1.1107934537617281,0.1411486524138385,e,0
1.4467742775425934,0.029804126767586064,e,0
0.4258915209751079,-0.4296664168931482,e,0
0.5400957058253479,-0.7318092422642153,e,0
1.477138280932669,-0.005457300061607717,e,0
1.4226714619846534,-0.19808665182180682,e,0
1.4414515243110984,-0.10489096271916862,e,0
1.6147584092824792,-0.16885262745760118,e,0
0.37854569679655575,-0.9934642005393143,e,0
1.5296949929385197,-0.06836526500250034,e,0
0.45082977275499475,-0.7549816554814018,e,0
0.9453352050245705,-1.0398979317864752,e,0
1.3101554541890847,-0.05911102656005368,e,0
1.4373019891362375,-0.015143835254358778,e,0
1.5200068268088114,-0.1416921238767528,e,0
1.572939784030521,-0.24516483140186404,e,0
1.432359628114362,-0.12475979294755421,e,0
1.4069910703460067,-0.15773013272649913,e,0
1.486056771217422,-0.015828824447980533,e,0
0.7345684643023704,-0.5138758583207155,e,0
1.2722200239336188,0.11844042081913288,e,0
1.5638203818365395,-0.17206926959189292,e,0
1.1393193800094836,0.3904435312908332,e,0
1.5906555937245392,-0.39674340604699443,e,0
1.5604925022436926,-0.4242060166413987,e,0
1.3032008317247183,0.12254617386930693,e,0
1.5349230325661083,-0.3944523189967455,e,0
0.7713627182881231,-0.16072451761451786,e,0
1.4712795507248726,-0.23397152672148766,e,0
0.9900845489940373,-0.630695931524865,e,0
1.5272590378974147,-0.03679660965066636,e,0
1.2662350414147343,0.29074656686905687,e,0
1.5265149406550576,-0.20537832517426954,e,0
1.4755769132091179,-0.20859496730856128,e,0
1.446990155265946,0.05818302361989393,e,0
1.3920748645887095,0.09503006239349332,e,0
1.3933406067991252,-0.09989037641695483,e,0
0.876263121874046,-0.6138956206607286,p,0
0.6582046181618406,-0.44339922493484885,e,0
0.4205562112481593,-0.607238943041662,e,0
1.4260524261773446,-0.12379762907363576,e,0
1.0836883670553146,0.04924282988977281,e,0
1.1319804820360428,-0.6322840033432776,p,0
1.4802236196122245,-0.3292263833708382,e,0
0.542479561305111,-0.3685275914746632,e,0
1.403176600238218,0.08856016933503409,e,0
1.1539746173255456,0.1248295865824768,e,0
0.648935964418415,-0.6564901556997443,e,0
1.0879205139902302,-1.0799767360544639,e,0
1.565287035956184,-0.42971374582593935,e,0
0.9810958685851774,-0.9031768779478447,e,0
1.416364260047636,-0.19712448794788837,e,0
0.7329760884367966,-0.14991318096769687,e,0
1.520034332806057,-0.23465651591510953,e,0
1.4506768867033433,-0.259409004818294,e,0
1.5920011398618592,-0.21123232774900055,e,0
1.0521451724866395,-1.0785747599200972,e,0
1.5463203937287524,-0.002864105997802957,e,0
1.585861060012048,-0.39123567686245375,e,0
1.4712509107592076,-0.22093093585480825,e,0
0.576082877306412,-0.6531972475404025,e,0
1.1134047421094635,0.13173929190138417,e,0
0.8495488101597928,-0.8953141864523041,p,0
1.5494533270445465,-0.3757756208443086,e,0
1.509554474797753,-0.4274226587756904,e,0
1.5592893204836396,-0.1873250750923197,e,0
1.5518834984234129,-0.17240798539532462,e,0
1.5316898665771685,-0.18580692256525103,e,0
1.5166789472159645,-0.3938288709262585,e,0
1.132669857959697,-0.6707747357928536,e,0
0.8590374229798181,-0.27062124058207326,e,0
1.3029060389332494,0.1915858284513077,e,0
1.5192902355637,-0.40323823143871285,e,0
1.446626450233209,-0.08531956011015004,e,0
1.4905878325703215,-0.0005730189475540992,e,0
1.6147584092824792,-0.16885262745760118,e,0
0.543422267626418,-0.418074028509551,e,0
1.538351591395038,-0.36930572778584925,e,0
1.1221444885969498,-0.8207345490952667,p,0
1.3412926687845756,0.1807744918044867,e,0
1.126050246143582,-0.7267911821880818,e,0
1.4557183464299452,-0.0654507298817644,e,0
1.5983083417988764,-0.21219449162291906,e,0
1.4760454444716986,-0.22643866503934898,e,0
1.4514209839457,-0.09082728929469078,e,0
0.7792991800725635,-0.6972019780779249,p,0
1.48101531149082,-0.20978709938451015,e,0
0.854242889267327,-0.2651135113975326,e,0
1.0982505929431354,-0.6696269568034341,p,0
1.1803172982085453,0.3702228341315579,e,0
0.4546816001461787,-0.7109429476310548,e,0
1.4959040112508715,-0.369582902466146,e,0
1.198496585165688,-0.8273538967401978,e,0
1.6099638755699879,-0.16334489827306045,e,0
1.5346648599576411,-0.05171369934766143,e,0
1.3364981350720846,0.18628222098902741,e,0
1.107419759590579,0.3040454379513081,e,0
1.1345248462969926,0.395951260475374,e,0
1.6001278821308949,-0.3517954440250495,e,0
1.5357403030473027,-0.3598963672733949,e,0
0.8983035922409768,-0.8959991756459261,p,0
0.9834649371779223,-0.6867123779200932,e,0
1.6049224158433861,-0.35730317320959015,e,0
0.911275495853791,-0.9501465538811805,e,0
1.587206606149368,-0.20572459856445988,e,0
1.1345248462969926,0.395951260475374,e,0
0.43212100726313635,-1.0003017973676092,e,0
1.2933401281211476,0.3826523893931226,e,0
1.05164793249561,-0.8220883448419578,p,0
0.4214989175694663,-0.6567853800765499,e,0
1.5066850138415504,-0.07527467861415202,e,0
1.5932668820722746,-0.40615276655944876,e,0
1.4803714469216092,-0.21410269649310207,e,0
0.45947613385866976,-0.7164506768155955,e,0
1.5309457693348114,-0.35438863808885424,e,0
1.4668200820794537,-0.07192062294022367,e,0
1.4462460580235894,-0.1103986919037093,e,0
1.2765633580502496,-0.05380741909777342,e,0
0.8883201589793022,-0.664012958055618,p,0
1.5637201491633934,-0.3363353880069043,e,0
1.5920011398618592,-0.21123232774900055,e,0
1.017524646348702,-0.7764637558253882,e,0
0.49147585413193123,-0.3577916069248571,e,0
0.5912005360794386,-0.8868563079222628,e,0
1.4358884196164377,0.06465291667835316,e,0
1.5143490085102442,-0.4329303879602311,e,0
1.018632582448758,-0.7444130646240585,p,0
1.5335570576825468,-0.36379799860130857,e,0
0.7651362659529242,-0.9645925650883879,p,0
1.5638203818365395,-0.17206926959189292,e,0
1.4262002534867293,-0.008673942195899564,e,0
1.1488852908215854,0.19937697034901827,e,0
1.160929239789912,-0.05682761384688381,e,0
1.2696087355858832,0.1278497813315872,e,0
1.5455762964863957,-0.17144582152140606,e,0
0.6304431993290227,-0.8903585068264336,e,0
1.416364260047636,-0.19712448794788837,e,0
1.1877130431944738,-0.6345750903935267,p,0
1.4654827471615577,-0.05430689341146619,e,0
0.472502624742646,-0.6675213646263559,e,0
1.455383281362873,-0.22199390447848774,e,0
1.529126229002793,-0.21478768568672388,e,0
1.274380112685494,-0.057709050425687025,e,0
1.4168270637850997,0.030720413025489696,e,0
1.5106336371071818,-0.10229776865536375,e,0
1.156585905673281,0.11542022607002246,e,0
0.7839797956099763,-0.16064916551750294,e,0
0.766568184575632,-0.15521678842997708,e,0
1.52987032624515,-0.046205970163120696,e,0
1.5089325971565486,-0.22818662285665034,e,0
1.5495535597176926,-0.2115095024292972,e,0
1.4896959080185803,-0.28427842134889336,e,0
1.3679720490307699,-0.13286071619589976,e,0
1.455383281362873,-0.22199390447848774,e,0
0.44276983925026797,-0.3366983968535615,e,0
0.9470361594143977,-0.8134255000425498,e,0
1.148858800311203,-0.539315983303691,p,0
0.5596183240733534,-0.739487565478357,e,0
1.595697053451141,-0.20278513111046473,e,0
1.0194824984365036,-0.9139882145946657,e,0
1.5983083417988764,-0.21219449162291906,e,0
1.5249004592260287,-0.06285753581795961,e,0
1.5735649993686605,0.21900072963220735,e,0
1.5241850019493373,-0.24447984220824212,e,0
1.3822388711496165,-0.09342048335849559,e,0
1.2307544927026122,0.22310888842142285,e,0
0.8612483777215196,-0.9226918483850107,e,0
1.5316898665771685,-0.18580692256525103,e,0
0.9466640084854685,-0.6757134056183214,p,0
1.544137148363997,-0.0067657373257165865,e,0
1.1644368759949082,-0.7376025188349028,e,0
1.3933406067991252,-0.09989037641695483,e,0
0.8545902698863947,-0.7013559115157745,p,0
1.0194824984365036,-0.9139882145946657,e,0
1.4898437353279648,-0.169154734471157,e,0
1.2011078735134235,-0.8367632572526521,e,0
1.049533884138904,-1.0691653994076429,e,0
1.4700138085144574,-0.03905108791103973,e,0
0.9490866307949755,-0.6104752343655897,e,0
1.6001278821308949,-0.3517954440250495,e,0
1.5045017684767947,-0.07917630994206562,e,0
1.1268695306191323,0.032923764058411104,e,0
1.5009454709774732,-0.17562462752961636,e,0
1.5137271308690396,-0.23369435204119102,e,0
0.8207647113035703,-0.8018704456802149,p,0
1.4736094894305936,-0.19487000968751508,e,0
1.4668200820794537,-0.07192062294022367,e,0
0.8133588892433437,-0.7869533559832199,p,0
1.563103790591428,-0.433615377153853,e,0
1.4628714588138223,-0.044897532899011855,e,0
1.52987032624515,-0.046205970163120696,e,0
1.4858814379107916,-0.037988119287360206,e,0
1.6129069505340154,0.040005795623496376,e,0
1.3032008317247183,0.12254617386930693,e,0
1.524828866518548,-0.24016424509965026,e,0
0.5346570176957486,-0.3741106727562188,e,0
1.3058121200724537,0.11313681335685259,e,0
1.5539843883974465,-0.3605198153438819,e,0
1.5544947867711483,-0.18181734590777895,e,0
1.4212578924648536,-0.11828989988909497,e,0
1.0576122305898554,-0.5608026607282834,e,0
1.446990155265946,0.05818302361989393,e,0
0.5398622433813587,-0.8376273838909357,e,0
1.132669857959697,-0.6707747357928536,e,0
1.4699135758413115,-0.20331720632605096,e,0
0.5153944957049272,-0.8368291472698711,e,0
0.7004430754043509,-0.4101718537313227,e,0
0.18144821853573012,-0.5660046787815088,e,0
1.0884829007678058,0.043735100705232094,e,0
1.5495535597176926,-0.2115095024292972,e,0
1.4411164592440262,-0.26143413731589193,e,0
1.1798660986126852,0.20348272339919232,e,0
0.49241856045323845,-0.4073380439597448,e,0
1.0815282783034394,0.2253923011345927,e,0
1.0060811848541442,-0.7584410434051712,p,0
1.1436463006900301,0.46938357254930707,e,0
1.5463203937287524,-0.002864105997802957,e,0
0.5027774808207419,-0.7451443475748188,e,0
0.31348035218742426,-0.5738004069575309,e,0
0.3184862149575783,-1.0701131547475393,e,0
1.1251538982863212,-0.055425637712517156,e,0
1.4878763115494404,-0.15542977685011092,e,0
0.47155991842133876,-0.6179749275914681,e,0
1.1846606323251763,0.19797499421465162,e,0
0.953413551475522,-0.5315351931071158,e,0
1.403176600238218,0.08856016933503409,e,0
0.8352040788038095,-0.7565508696854024,e,0
1.3386813804368403,0.19018385231694104,e,0
1.2674254902211275,0.12394815000367358,e,0
1.5063213088088132,-0.218777262344196,e,0
0.7458793228535354,-0.5532959479024042,e,0
1.5238212969165998,-0.38798242593828614,e,0
1.5446587933320552,-0.3702678916597679,e,0
0.6875354733473691,-0.5415955003397008,e,0
1.4654827471615577,-0.05430689341146619,e,0
1.4515688112550846,0.02429639758304536,e,0
1.4811155441639656,-0.04552098096949894,e,0
1.0229595031293044,-0.6654730233655846,p,0
0.5122066307894584,-1.0099634599899994,e,0
1.5845953178016325,-0.19631523805200543,e,0
1.4617786223528517,-0.2658788978767531,e,0
1.8100657403202949,-0.0757870040635947,e,0
1.0519777525734824,-0.9491826762074093,p,0
1.1491800836130543,0.13033731576701751,e,0
0.5953385205655082,-1.2462757191036375,e,0
1.4606882134490666,-0.04879916422692546,e,0
1.4673022874935762,-0.19390784581359663,e,0
1.4994603087501928,-0.2731345848785952,e,0
1.3774443374371255,-0.08791275417395492,e,0
1.5592893204836396,-0.1873250750923197,e,0
0.5687824065937681,-0.47781467734561167,e,0
1.2717688243377585,-0.04829968991323272,e,0
0.33041091956251417,-0.3241931761140633,e,0
1.484802275601363,-0.36311300940768665,e,0
1.520951835960397,-0.03583444577674788,e,0
0.6175371886749526,-0.4784996665392336,e,0
1.0179180434027026,-0.8594312983021143,p,0
1.5566780321359042,-0.17791571457986535,e,0
1.529126229002793,-0.21478768568672388,e,0
0.7840937137850548,-0.7027097072624656,p,0
1.4968490204024574,-0.2637252243661409,e,0
1.5286158306290911,-0.3934901551228268,e,0
1.5187685905956416,-0.03973607710466151,e,0
1.490851304929913,-0.021336553632521266,e,0
1.4944904417310714,-0.28978615053343404,e,0
1.5150644657869357,-0.2513080815699483,e,0
1.1539746173255456,0.1248295865824768,e,0
1.5795538580750308,-0.3902735129885351,e,0
0.2979451227095535,-0.937929310702382,e,0
1.1635405281376474,-0.06623697435933815,e,0
1.3295435126077182,0.367939421418388,e,0
0.796150750890311,-0.7528270446573551,p,0
1.4882400165821776,-0.011927193120066931,e,0
1.0218515670292485,-0.6975237145669142,e,0
1.0471832188609913,-0.9436749470228686,p,0
1.4467742775425934,0.029804126767586064,e,0
0.292024289711188,-0.3133818394672423,e,0
1.6125751639177233,-0.1727542587855149,e,0
1.575123029395277,-0.24126320007395038,e,0
1.0277540368417957,-0.6709807525501252,p,0
1.2717688243377585,-0.04829968991323272,e,0
1.538351591395038,-0.36930572778584925,e,0
1.0905318023379658,-1.0893860965669182,e,0
1.1181992758219548,0.12623156271684344,e,0
1.4705354534825161,-0.4025532422450909,e,0
0.29507368910095755,-0.7376091596700601,e,0
0.5839450925361171,-0.4731960590769533,e,0
1.5296949929385197,-0.06836526500250034,e,0
1.3343380463202092,0.3624316922338473,e,0
1.4371541618268533,-0.13026752213209494,e,0
1.5174230444583217,-0.2252471554026552,e,0
1.0521451724866395,-1.0785747599200972,e,0
1.5166789472159645,-0.3938288709262585,e,0
0.9900845489940373,-0.630695931524865,e,0
1.4605128801424363,-0.07095845906630513,e,0
1.4119334313678822,-0.0481141750333037,e,0
1.119914908154766,0.2145809644877717,e,0
1.587206606149368,-0.20572459856445988,e,0
1.4995319014576733,-0.0958278755969045,e,0
1.1388517669775389,0.47489130173384786,e,0
1.5433930511216398,-0.1753474528493197,e,0
1.462507753781085,-0.18840011662905584,e,0
1.2760957450183052,0.030640351345241207,e,0
1.5637201491633934,-0.3363353880069043,e,0
1.274380112685494,-0.057709050425687025,e,0
1.5604925022436926,-0.4242060166413987,e,0
1.6102359968871758,0.11983999121445812,e,0
1.5384518240681841,-0.20503960937083784,e,0
1.4569840886403607,-0.26037116869221244,e,0
1.3631775153182786,-0.12735298701135908,e,0
1.0959988604411817,-0.5716139973751044,e,0
1.4364100645844964,-0.29884923765569815,e,0
0.39995667463749346,-0.7304667955749042,e,0
1.4959040112508715,-0.369582902466146,e,0
1.4920544866899663,-0.2582174951816002,e,0
1.137136134644728,0.38654189996291966,e,0
1.1155879874742192,0.13564092322929777,e,0
1.5286158306290911,-0.3934901551228268,e,0
1.3029060389332494,0.1915858284513077,e,0
1.5007976436680888,-0.2907483144073525,e,0
1.477138280932669,-0.005457300061607717,e,0
0.49306822999750505,-0.7217542842778758,e,0
1.2355490264151034,0.2176011592368821,e,0
1.4458823529908522,-0.2539012756337532,e,0
1.4028128952054808,-0.054942414395009964,e,0
1.398382066525727,0.0940678985195748,e,0
1.14627400247385,0.2087863308614726,e,0
1.4126488886445738,0.13350813135697898,e,0
1.5407817627739044,-0.16593809233686527,e,0
1.0201359346964376,-0.7858731163378425,e,0
0.758455116231141,-0.29214816422289613,e,0
0.9837071569329128,-0.9125862384602991,e,0
0.7623069436223251,-0.24810945637254897,e,0
0.7514467825775306,-0.42090783828112877,e,0
1.5566780321359042,-0.17791571457986535,e,0
1.0538608048194507,-0.9902253581491692,e,0
1.5045017684767947,-0.07917630994206562,e,0
1.4509524526831192,-0.07298359156390313,e,0
1.442195621553455,0.06369075280443463,e,0
0.8728888660024645,-0.9393352172343591,e,0
0.7281815547243056,-0.14440545178315609,e,0
1.049533884138904,-1.0691653994076429,e,0
1.2544858852378766,0.4779114964829583,e,0
1.5893898515141238,-0.2018229672365461,e,0
0.7092083253350203,-0.4541352094846549,e,0
1.1587459944251561,-0.060729245174797414,e,0
1.1587459944251561,-0.060729245174797414,e,0
0.9516979191427111,-0.619884594878044,e,0
1.0132613026442838,-0.8112770081951368,p,0
0.7573794020708016,-0.9841282730540412,p,0
1.1225426099385856,-0.04601627720006282,e,0
1.3338868467243492,0.19569158150148175,e,0
1.4020974379287892,-0.23656472078529253,e,0
0.48412093698850484,-0.6355483140652868,e,0
1.2425036488794698,0.03594395880752149,e,0
1.6173696976302145,-0.17826198797005563,e,0
1.4482409316622382,-0.22784034946646,e,0
1.4926708452619315,-0.16093750603465165,e,0
1.398382066525727,0.0940678985195748,e,0
1.4458823529908522,-0.2539012756337532,e,0
1.4920544866899663,-0.2582174951816002,e,0
1.5320535716099057,-0.042304338835207095,e,0
0.8446586069573847,-0.952978037972047,p,0
0.6927515438223275,-0.9155206997664601,e,0
0.3401590669452295,-0.9826528638924933,e,0
1.2011078735134235,-0.8367632572526521,e,0
0.547274095017602,-0.37403532065920386,e,0
0.6961818344510442,-0.5030645216738945,e,0
1.4763210104514746,-0.04001325178495821,e,0
1.0585225645477638,-0.7966844529846635,e,0
0.5800932651449333,-0.5172347669273004,e,0
0.4978627637099961,-0.7272620134624165,e,0
0.5225075668398313,-0.6463596507121078,e,0
1.1517913719607897,0.12092795525456317,e,0
1.4226714619846534,-0.19808665182180682,e,0
1.5590258481240482,-0.1665615404073522,e,0
1.4515688112550846,0.02429639758304536,e,0
1.5309457693348114,-0.35438863808885424,e,0
1.5884723483597833,-0.4006450373749081,e,0
1.105259670838704,0.48019490919612806,e,0
1.054589040921218,-0.9585920367198634,p,0
0.8158562594160006,-0.2543021747507116,e,0
1.5222175781708127,-0.23075488458719592,e,0
1.1225426099385856,-0.04601627720006282,e,0
1.4601778150753641,-0.22750163366302842,e,0
0.7297739305898794,-0.5083681291361748,e,0
1.1393193800094836,0.3904435312908332,e,0
1.156585905673281,0.11542022607002246,e,0
1.6027391704786302,-0.3612048045375038,e,0
1.185529797829718,-0.6384767217214403,p,0
1.1107934537617281,0.1411486524138385,e,0
0.9915884506566324,-0.8987372990501826,p,0
0.6179881682524251,-0.7518328914911925,e,0
1.519390468236846,-0.23897211302370144,e,0
0.4677080910301549,-0.6620136354418152,e,0
1.4358884196164377,0.06465291667835316,e,0
0.8728888660024645,-0.9393352172343591,e,0
1.5089325971565486,-0.22818662285665034,e,0
0.5892995693618697,-0.4850455695378556,e,0
1.1903243315422092,-0.643984450905981,p,0
1.2998271375535693,0.2854429594067766,e,0
0.6675279618896395,-0.9828415431425505,e,0
1.5747593243625395,-0.3847657838039944,e,0
1.4216215974975908,0.02521268384094899,e,0
0.4962703878444223,-0.3632993361093978,e,0
0.953413551475522,-0.5315351931071158,e,0
1.3822388711496165,-0.09342048335849559,e,0
0.7497311502447195,-0.5092572400520572,e,0
0.559627645813684,-0.49807172720987536,e,0
1.1458063894419053,0.2932341013044872,e,0
1.0154741749681242,-0.9794140215023478,e,0
1.4807518391312284,-0.18902356469954276,e,0
1.1004651371262126,0.48570263838066885,e,0
0.7624208617974033,-0.7901699981175115,p,0
1.0559112762000282,-0.7872750924722092,e,0
1.5563143271031668,-0.3214182983099092,e,0
1.3920748645887095,0.09503006239349332,e,0
1.4371541618268533,-0.13026752213209494,e,0
0.8768971894708439,-0.873909410326677,e,0
0.8795084778185795,-0.8833187708391314,e,0
0.6715374840461004,-0.758025609869355,e,0
1.565287035956184,-0.42971374582593935,e,0
0.9392581864252418,-0.6607963159213264,p,0
1.4174434223570649,0.12800040217243824,e,0
0.461845179911252,-0.8306364288917087,e,0
1.0883189300141254,-0.9212490832597068,p,0
1.5265149406550576,-0.20537832517426954,e,0
1.4800077418888717,-0.35760528022314597,e,0
1.0942832281083708,-0.6599633991460326,e,0
1.4369382841035003,-0.15864641898440265,e,0
1.5518834984234129,-0.17240798539532462,e,0
1.3079953654372096,0.11703844468476622,e,0
1.5364844002896596,-0.19131465174979176,e,0
0.5147410819851563,-0.6342939934228298,e,0
1.539095688637395,-0.2007240122622461,e,0
1.3317267579724739,0.37184105274630164,e,0
1.0857076416663898,-0.9118397227472527,p,0
1.4506768867033433,-0.259409004818294,e,0
1.5111158425213043,-0.22428499152873668,e,0
1.51521229309632,-0.13618439469221208,e,0
1.3343380463202092,0.3624316922338473,e,0
1.295500216873023,0.20650291814830274,e,0
1.5384518240681841,-0.20503960937083784,e,0
0.4876240267407474,-0.40183031477520414,e,0
0.7449366165322284,-0.5037495108675165,e,0
0.5752987314324423,-0.5117270377427597,e,0
1.5433930511216398,-0.1753474528493197,e,0
1.0884145995040424,-0.8580775025554231,p,0
0.4583265188165651,-0.7428121215877397,e,0
1.456462443672302,0.1031309856418388,e,0
1.136775015748534,-0.6377917325278183,p,0
1.3774443374371255,-0.08791275417395492,e,0
0.7694631866334705,-0.8856525238299139,p,0
1.4508522200099736,-0.23724970997891434,e,0
1.4852650793388265,-0.13526810843430867,e,0
1.153653334023694,-0.5448237124882317,p,0
1.0497945072087267,-0.9530843075353227,p,0
0.5002058150896729,-0.8408028870883971,e,0
1.3079953654372096,0.11703844468476622,e,0
0.3551793458624199,-0.5726507329331002,e,0
1.1251538982863212,-0.055425637712517156,e,0
1.5703284956827857,-0.2357554708894097,e,0
1.5446587933320552,-0.3702678916597679,e,0
0.5585756592687445,-0.8531482131012328,e,0
1.2674254902211275,0.12394815000367358,e,0
1.5747593243625395,-0.3847657838039944,e,0
0.5791505588236261,-0.4676883298924126,e,0
0.28137545772405625,-0.9769852399812898,e,0
0.6691517304442023,-0.6005253737869666,e,0
0.44160341921255925,-0.8859563323543541,e,0
1.0932091332165335,-0.8635852317399638,p,0
1.2998271375535693,0.2854429594067766,e,0
1.5007976436680888,-0.2907483144073525,e,0
0.7017766072548963,-0.6342334686079967,e,0
1.5106336371071818,-0.10229776865536375,e,0
1.4556467537224647,-0.24275743916345513,e,0
0.8167989657373078,-0.3038486117855994,e,0
1.261440507702243,0.29625429605359754,e,0
1.5468420386968111,-0.36636626033185427,e,0
1.0585225645477638,-0.7966844529846635,e,0
1.1440907571090944,0.20488469953355898,e,0
0.7791852618974853,-0.15514143633296215,e,0
1.4896959080185803,-0.28427842134889336,e,0
0.9490866307949755,-0.6104752343655897,e,0
0.7753334345063012,-0.1991801441833093,e,0
1.5154281708196728,-0.10780549783990448,e,0
1.4911094775383802,-0.3640751732816053,e,0
0.7306923397812022,-1.0006945983399267,e,0
1.4071388976553911,-0.04260644584876297,e,0
1.5634077320976356,-0.28640880132338564,e,0
1.3127667425368201,-0.06852038707250802,e,0
1.2808902787307963,0.025132622160700502,e,0
1.5066850138415504,-0.07527467861415202,e,0
1.261440507702243,0.29625429605359754,e,0
1.4749550355679135,-0.009358931389521347,e,0
0.5582537580048912,-1.1537926827875207,e,0
1.4995319014576733,-0.0958278755969045,e,0
1.4580769251013312,-0.03938980371447112,e,0
1.310606653784945,0.10762908417231189,e,0
1.1177480762260945,-0.040508548015522144,e,0
1.264814201873392,0.13335751051612793,e,0
1.1440907571090944,0.20488469953355898,e,0
0.8795084778185795,-0.8833187708391314,e,0
1.4852650793388265,-0.13526810843430867,e,0
1.4657409197700249,-0.39704551306055025,e,0
1.544137148363997,-0.0067657373257165865,e,0
0.9834649371779223,-0.6867123779200932,e,0
1.534301154924904,-0.19521628307770536,e,0
1.4556467537224647,-0.24275743916345513,e,0
1.2885455944086566,0.38816011857766336,e,0
1.0907491013929917,-0.717881447810723,p,0
0.9055282973323344,-0.6981392693814829,p,0
1.4514209839457,-0.09082728929469078,e,0
0.7693124320765179,-0.9056877933600272,e,0
1.388546073086634,-0.0943826472324141,e,0
1.1729114761483188,0.385139923828553,e,0
0.7671014773348162,-0.2536171855570897,e,0
1.5884723483597833,-0.4006450373749081,e,0
1.5238212969165998,-0.38798242593828614,e,0
1.0933603897407271,-0.7272908083231774,p,0
1.0347696142204499,-0.9150563648815443,p,0
1.5055921773805798,-0.2962560435918933,e,0
1.4530354653747293,-0.2333480786510008,e,0
1.2765633580502496,-0.05380741909777342,e,0
1.2976670488016941,0.4615924306515965,e,0
1.141930668357219,0.38103417077837887,e,0
1.570944854254751,-0.13847548174246108,e,0
1.4807518391312284,-0.18902356469954276,e,0
0.4763544521338298,-0.6234826567760088,e,0
0.6308569643711244,-0.8836808047248011,e,0
0.9874732606463017,-0.6212865710124107,e,0
1.14627400247385,0.2087863308614726,e,0
0.6572619118405336,-0.39385278789996103,e,0
0.5303957767424419,-0.4670033406987907,e,0
1.310606653784945,0.10762908417231189,e,0
1.1777060098608099,0.3796321946440122,e,0
1.4754290858997334,-0.3237186541862975,e,0
1.0905318023379658,-1.0893860965669182,e,0
1.548187584834131,-0.1808551820338605,e,0
0.9874732606463017,-0.6212865710124107,e,0
1.4736094894305936,-0.19487000968751508,e,0
1.3809957836541324,-0.17888808870274533,e,0
1.4557183464299452,-0.0654507298817644,e,0
0.5256012430299508,-0.46149561151425,e,0
1.5777343177430123,-0.25067256058640475,e,0
1.4723437472201777,5.0429122932987847e-05,e,0
1.5491898546849552,-0.3550120861593412,e,0
1.5174230444583217,-0.2252471554026552,e,0
1.5447590260052013,-0.20600177324475646,e,0
1.1268695306191323,0.032923764058411104,e,0
0.3942003915538414,-0.826173547815275,e,0
1.061483925934703,-0.6336377990899688,p,0
1.6031028755113677,-0.2177022208074598,e,0
1.4968490204024574,-0.2637252243661409,e,0
0.8470887783362511,-0.7496104025230634,p,0
0.7742577203459617,-0.8911602530144546,p,0
0.37683006446374473,-1.0818136023102423,e,0
1.0809131079538987,-0.906331993562712,p,0
0.4769406496741159,-0.4725403487983576,e,0
1.1824773869604206,0.194073362886738,e,0
1.4755769132091179,-0.20859496730856128,e,0
1.1122142933030703,0.29853770876676744,e,0
1.1004651371262126,0.48570263838066885,e,0
1.4071388976553911,-0.04260644584876297,e,0
0.7044137916225293,-0.44862748030011423,e,0
1.484802275601363,-0.36311300940768665,e,0
1.3730135087573716,0.06109755874062986,e,0
1.141479468761359,0.2142940600460133,e,0
0.16931218487313138,-0.8211196388095168,e,0
1.5795538580750308,-0.3902735129885351,e,0
1.4882400165821776,-0.011927193120066931,e,0
1.4763210104514746,-0.04001325178495821,e,0
1.5092963021892858,-0.08468403912660635,e,0
1.5143490085102442,-0.4329303879602311,e,0
1.1824773869604206,0.194073362886738,e,0
1.3175612762493114,-0.07402811625704875,e,0
0.4167043838569752,-0.6512776508920092,e,0
1.2791746463979852,-0.06321677961022776,e,0
1.505376299657227,-0.32463494044420094,e,0
0.9810958685851774,-0.9031768779478447,e,0
0.5634620567594839,-1.1526227098704291,e,0
1.2981115052207584,0.1970935576358484,e,0
0.8009452846028022,-0.7583347738418957,p,0
1.561108860815658,-0.3269260274944499,e,0
0.580877411018903,-0.6587049767249432,e,0
1.5678983243039193,-0.4391231063383937,e,0
1.5845953178016325,-0.19631523805200543,e,0
1.2885455944086566,0.38816011857766336,e,0
0.5841626096696004,-0.8523474256556328,e,0
1.1269390223094409,-0.8262422782798073,p,0
1.1151289112182956,-0.5766589367638475,p,0
1.4810869041983006,-0.03248039010281947,e,0
1.6004915871636323,-0.20829286029500546,e,0
1.198496585165688,-0.8273538967401978,e,0
1.149188620389075,-0.6664103146691425,p,0
1.5150644657869357,-0.2513080815699483,e,0
0.5808661911564372,-0.3793389281214842,e,0
0.5099465482726653,-0.6287862642382891,e,0
1.563103790591428,-0.433615377153853,e,0
1.2760957450183052,0.030640351345241207,e,0
1.4803714469216092,-0.21410269649310207,e,0
1.1488852908215854,0.19937697034901827,e,0
1.5735561426024864,-0.14788484225491552,e,0
1.6004915871636323,-0.20829286029500546,e,0
1.5703284956827857,-0.2357554708894097,e,0
0.8083174295167417,-0.9809116309197495,p,0
0.8411218479672531,-0.8725074341923104,e,0
1.1635405281376474,-0.06623697435933815,e,0
1.4274659956971445,-0.20359438100634755,e,0
0.9095598635209798,-1.0384959556521085,e,0
1.5272590378974147,-0.03679660965066636,e,0
1.4119334313678822,-0.0481141750333037,e,0
1.476220777778329,-0.20427937019996942,e,0
1.295951416468883,0.3732430288806683,e,0
0.33653922033196376,-0.8422776272723499,e,0
1.4628714588138223,-0.044897532899011855,e,0
1.1517913719607897,0.12092795525456317,e,0
1.4617786223528517,-0.2658788978767531,e,0
1.2307544927026122,0.22310888842142285,e,0
1.4760454444716986,-0.22643866503934898,e,0
0.4637373748119766,-0.6235580088730237,e,0
1.1561347060774207,-0.05131988466234308,e,0
0.5140514069076381,-0.5656682635646069,e,0
1.0538608048194507,-0.9902253581491692,e,0
0.6620564455530247,-0.3993605170845017,e,0
1.4216215974975908,0.02521268384094899,e,0
1.4657409197700249,-0.39704551306055025,e,0
1.561108860815658,-0.3269260274944499,e,0
1.4459109929565173,-0.2669418665004326,e,0
1.421405719774238,-0.0031662130113588594,e,0
0.9854227892657239,-0.8242368366893708,e,0
0.45807663807079496,-0.46940733536567825,e,0
1.3046216712660605,0.2799352302222359,e,0
1.0108757185666355,-0.7639487725897118,p,0
1.27393565626643,0.20678982259006112,e,0
1.4952821336096669,-0.17034686654710599,e,0
1.5313094743675488,-0.21088605435881033,e,0
1.5161573022479058,-0.030326716592207176,e,0
0.6534100844493496,-0.43789149575030817,e,0
1.5018904801290593,-0.06976694942961129,e,0
1.577370612710275,-0.39417514431644873,e,0
1.5563143271031668,-0.3214182983099092,e,0
0.837252784897158,-0.9380609482750523,p,0
0.5466175457911804,-0.7279470026560385,e,0
1.5025068387010243,0.027513039717337207,e,0
1.044605607659543,-0.7266058191295554,p,0
1.1388517669775389,0.47489130173384786,e,0
1.4811155441639656,-0.04552098096949894,e,0
1.0767337445909482,0.23090003031913342,e,0
1.51521229309632,-0.13618439469221208,e,0
1.4952821336096669,-0.17034686654710599,e,0
0.8178236028779624,-0.6653667538023091,p,0
1.064425034360311,-0.7701414909678745,p,0
1.486056771217422,-0.015828824447980533,e,0
0.46550680613095413,-0.9058200868546687,e,0
0.8832786992527002,-0.8579712329921475,p,0
1.160929239789912,-0.05682761384688381,e,0
1.5192902355637,-0.40323823143871285,e,0
1.5025068387010243,0.027513039717337207,e,0
0.8109287178644773,-0.9903209914322036,p,0
1.4834454828696866,-0.006419463935526198,e,0
1.5057400046899645,-0.1811323567141571,e,0
1.295500216873023,0.20650291814830274,e,0
1.5447590260052013,-0.20600177324475646,e,0
1.2928725150892029,0.4671001598361373,e,0
1.4994603087501928,-0.2731345848785952,e,0
0.9854227892657239,-0.8242368366893708,e,0
1.3631775153182786,-0.12735298701135908,e,0
1.4508522200099736,-0.23724970997891434,e,0
0.8714685881615549,-0.6083878914761879,p,0
0.9440527201377331,-0.666304045105867,p,0
0.7525848683583103,-0.9786205438695005,p,0
1.577370612710275,-0.39417514431644873,e,0
1.2691411225539388,0.21229755177460186,e,0
1.3295435126077182,0.367939421418388,e,0
1.0879205139902302,-1.0799767360544639,e,0
1.5057400046899645,-0.1811323567141571,e,0
1.4530354653747293,-0.2333480786510008,e,0
0.563987872881277,-0.472306948161071,e,0
1.4946657750377017,-0.26762685569405453,e,0
1.5198589994994267,-0.2568158107544891,e,0
1.1561347060774207,-0.05131988466234308,e,0
1.5161573022479058,-0.030326716592207176,e,0
1.1627212436620973,-0.8259519206058311,e,0
1.017524646348702,-0.7764637558253882,e,0
1.4944904417310714,-0.28978615053343404,e,0
0.804450850448738,-0.7733466957745612,e,0
0.5386277339139269,-0.4125662993250103,e,0
1.0916719397606351,-0.6505540386335783,e,0
1.2691411225539388,0.21229755177460186,e,0
1.3386813804368403,0.19018385231694104,e,0
1.1436463006900301,0.46938357254930707,e,0
0.7911092911637092,-0.9467853195938846,p,0
1.5137271308690396,-0.23369435204119102,e,0
1.1199234449307867,-0.5821666659483882,p,0
1.5415258600162611,0.002643623186737748,e,0
1.6099638755699879,-0.16334489827306045,e,0
0.8385105596195177,-0.863098073679856,e,0
0.8518833120487421,-0.7551181317076041,p,0
1.5932668820722746,-0.40615276655944876,e,0
0.8120044320248168,-0.29834088260105873,e,0
1.4028128952054808,-0.054942414395009964,e,0
0.615602414650527,-0.594332655408804,e,0
1.5235631243081327,-0.045243806289202215,e,0
1.5154281708196728,-0.10780549783990448,e,0
1.4020974379287892,-0.23656472078529253,e,0
0.9453352050245705,-1.0398979317864752,e,0
1.5397175662785996,-0.39996004818128617,e,0
1.2377091151669786,0.041451687992062225,e,0
0.7291242610456128,-0.1939518888180438,e,0
0.5812911760610044,-0.652027274623311,e,0
0.5043790885486701,-0.7611743738595645,e,0
1.0836883670553146,0.04924282988977281,e,0
0.8411218479672531,-0.8725074341923104,e,0
1.524828866518548,-0.24016424509965026,e,0
1.397302904216298,-0.23105699160075174,e,0
0.8031930757263781,-0.8483095703697573,p,0
1.1155879874742192,0.13564092322929777,e,0
1.5364844002896596,-0.19131465174979176,e,0
1.2662350414147343,0.29074656686905687,e,0
1.4858814379107916,-0.037988119287360206,e,0
1.520951835960397,-0.03583444577674788,e,0
1.4905878325703215,-0.0005730189475540992,e,0
0.5130254496523452,-0.7226433951937582,e,0
1.105259670838704,0.48019490919612806,e,0
0.8223664254613028,-0.17146050216432393,e,0
1.4417328178159914,-0.1641541481689434,e,0
1.0767337445909482,0.23090003031913342,e,0
1.4926708452619315,-0.16093750603465165,e,0
1.4700138085144574,-0.03905108791103973,e,0
1.568565506015429,-0.28366543002075495,e,0
1.5821651464227662,-0.3996828735009894,e,0
1.1506009231543965,0.28772637211994645,e,0
1.494638269040456,-0.1746624636556978,e,0
1.505376299657227,-0.32463494044420094,e,0
1.2933401281211476,0.3826523893931226,e,0
1.48101531149082,-0.20978709938451015,e,0
1.1601099553143617,-0.8165425600933768,e,0
0.5201890294174183,-0.8423368764544118,e,0
1.5661503205422598,-0.13296775255792034,e,0
1.5687616088899952,-0.1423771130703748,e,0
1.2981115052207584,0.1970935576358484,e,0
0.911275495853791,-0.9501465538811805,e,0
1.539095688637395,-0.2007240122622461,e,0
1.295951416468883,0.3732430288806683,e,0
1.1729114761483188,0.385139923828553,e,0
1.4076074289179719,-0.0604501435795507,e,0
1.576500511533819,0.14373502888186646,e,0
1.2544858852378766,0.4779114964829583,e,0
1.5589256154509021,-0.33082765882236354,e,0
1.411785604058498,-0.16323786191103992,e,0
1.4601778150753641,-0.22750163366302842,e,0
1.2808902787307963,0.025132622160700502,e,0
1.4325074554237465,-0.009636106069818046,e,0
1.4800077418888717,-0.35760528022314597,e,0
1.5336572903556929,-0.19953188018629717,e,0
1.534301154924904,-0.19521628307770536,e,0
1.137136134644728,0.38654189996291966,e,0
0.4471152915074215,-0.5896547879580838,e,0
0.2612741251910382,-0.8387685722846326,e,0
0.4703013398434452,-0.9113278160392094,e,0
1.4673022874935762,-0.19390784581359663,e,0
0.5964798566762588,-0.6480535348047848,e,0
1.0451377664503079,-0.9049300174283453,p,0
0.447564372962759,-0.3422061260381022,e,0
0.7457070839337285,-0.6918983706156446,p,0
0.8420473186096491,-0.9435686774595929,p,0
1.4911094775383802,-0.3640751732816053,e,0
0.3843999950711963,-0.32435307084072584,e,0
1.4712509107592076,-0.22093093585480825,e,0
0.7384476047734114,-0.733394207025746,e,0
0.6710786918346765,-1.002980990621506,e,0
1.5101708333697184,-0.3301426696287416,e,0
1.5821651464227662,-0.3996828735009894,e,0
1.7802453054677017,0.10948803849093267,e,0
0.26300993777342907,-0.6614648195348373,e,0
0.47957628402178404,-0.9034453711028073,e,0
0.4459406044081962,-0.7245222953936863,e,0
0.20769881472445773,-0.8319309754563377,e,0
1.5003235933362689,0.023611408389423577,e,0
0.8768971894708439,-0.873909410326677,e,0
0.5843960721135897,-0.7465292840289122,e,0
0.31976208757538244,-0.9877965766281108,e,0
0.4277924876926766,-0.8314771552775552,e,0
1.0570192123000843,-0.7552244012708795,p,0
0.8054881071861426,-0.26442852220391067,e,0
1.5240847692761912,-0.4087459606232535,e,0
0.5708035567095917,-0.8920000206578805,e,0
0.630765100592876,-0.5897140371401456,e,0
0.8062719771060582,-0.9421667013252263,p,0
1.4855463728437195,-0.1945312938840835,e,0
0.7833232463835547,-0.5145608475143375,e,0
0.4999732633916309,-0.8983016583671898,e,0
1.4723437472201777,5.0429122932987847e-05,e,0
0.7276134384015223,-0.9068374673844578,e,0
0.44295517363502573,-0.826858537008897,e,0
1.448735841162783,0.1186714714960384,e,0
1.490851304929913,-0.021336553632521266,e,0
0.5006906019740021,-0.5964923847863786,e,0
1.1778770497553808,-0.8230256361455157,p,0
0.8033276149977855,-0.6628978604521938,e,0
1.6007352788425726,-0.031657857744300494,e,0
0.22110464682741593,-0.5628291755840473,e,0
0.46230397212267577,-0.5856810481395576,e,0
1.595697053451141,-0.20278513111046473,e,0
0.48261160192671143,-0.8236830338114356,e,0
0.7797667931045082,-0.7816497485209396,p,0
1.1539831541015664,-0.6719180438536831,p,0
1.520034332806057,-0.23465651591510953,e,0
0.36636457849865817,-0.7251631881126239,e,0
0.6107818862651306,-0.5881800477741311,e,0
0.4503213730785857,-0.7367077266798592,e,0
1.509554474797753,-0.4274226587756904,e,0
0.8956923038932414,-0.8865898151334718,p,0
1.1123024262906727,-0.14108639622017846,e,0
1.0201359346964376,-0.7858731163378425,e,0
1.4262002534867293,-0.008673942195899564,e,0
0.3501513497059396,-0.6729611453752802,e,0
0.4793264032760138,-0.6300405848807461,e,0
1.3687357625823102,-0.08803843474270215,e,0
1.6103583087085447,0.11991711928210205,e,0
0.27692881994832386,-0.6714779195605936,e,0
0.6862413777770255,-0.9983623723528477,e,0
1.0425264781025725,-0.895520656915891,p,0
1.6442978623133684,-0.06197544216452741,e,0
0.2443958069158781,-0.9317365923242192,e,0
0.632057646143255,-0.749458175739331,e,0
0.5457759798182742,-0.8415360890088118,e,0
1.4128722474601565,-0.2725410979359538,e,0
1.3744856176088298,-0.26172976128913283,e,0
0.6643571967317112,-0.5950176446024259,e,0
1.5774558328478474,-0.024448568480023525,e,0
0.3321937680748102,-0.5893212361678278,e,0
1.5544947867711483,-0.18181734590777895,e,0
1.449748204619412,0.13647205248379995,e,0
1.4953823662828127,-0.006080748132094804,e,0
0.34601336521987,-0.31354173419390485,e,0
1.3824206231272198,0.16567069761348854,e,0
1.4212578924648536,-0.11828989988909497,e,0
0.7013628422127947,-0.6409111707096288,e,0
0.7155296538388534,-1.0053132166085852,e,0
1.1419639152977175,-0.8642702209335859,p,0
0.5054851356864931,-0.6020001139709192,e,0
0.5747810100157023,-0.7348689472096985,e,0
0.5214555802948919,-1.0014361366034648,e,0
0.4418619655835066,-0.8291024395256941,e,0
1.50511812704876,0.018103679204882872,e,0
1.4651190421288205,-0.19780947714151018,e,0
0.45874028385866666,-0.7361344194861075,e,0
0.4369155409756274,-1.0058095265521498,e,0
0.5082309159398541,-0.7171356660092175,e,0
0.48309494511647083,-0.9912696784067764,e,0
0.2933580567681466,-0.8259585614409883,e,0
1.5235631243081327,-0.045243806289202215,e,0
0.9069485751732442,-1.0290865951396542,e,0
1.5214734809284558,-0.3993366001107992,e,0
0.8330819583102282,-0.597576554829367,p,0
1.5206678475031838,0.3859193886006048,e,0
1.2355490264151034,0.2176011592368821,e,0
0.5665669528120691,-1.2471247192760302,e,0
0.9294221929861488,-0.8492468616733152,p,0
1.27393565626643,0.20678982259006112,e,0
0.4635348175711577,-0.7416421486706481,e,0
0.4538367866103867,-0.9976181339771638,e,0
0.6012743903887499,-0.6535612639893255,e,0
0.6571598096597817,-0.9929678905957496,e,0
1.5539843883974465,-0.3605198153438819,e,0
1.5043264351701644,-0.1013356047814453,e,0
0.6923284570398953,-1.1636142401365734,e,0
1.1122142933030703,0.29853770876676744,e,0
0.44447485282115523,-1.0862764833866758,e,0
0.3455996001777684,-0.32021943629553706,e,0
0.9150269216241957,-0.5207238564602948,e,0
1.2791746463979852,-0.06321677961022776,e,0
1.6177014842465067,0.034498066438955644,e,0
1.0473210118150635,-0.9010283861004317,p,0
1.407592161720994,-0.27536159730622844,e,0
0.3165592535671043,-0.6676575379129999,e,0
1.4482409316622382,-0.22784034946646,e,0
1.5009454709774732,-0.17562462752961636,e,0
1.5893898515141238,-0.2018229672365461,e,0
0.8697529558287436,-0.6967372932471162,p,0
1.1152667041723676,-0.5340123758414108,p,0
0.5514120795036714,-0.7334547318405792,e,0
0.8385105596195177,-0.863098073679856,e,0
1.421405719774238,-0.0031662130113588594,e,0
0.6339586128608237,-1.1512689141237378,e,0
1.8032357247942328,0.38213516098151423,e,0
0.8497000666839865,-0.7590197630355178,p,0
0.6324807329256872,-0.5013646353692173,e,0
0.5231744601905888,-0.7400006348392011,e,0
0.7140013090275465,-1.0761539492815277,e,0
0.3672631304250889,-0.4741749837089728,e,0
1.4652192748019661,-0.03354335872649902,e,0
1.0942832281083708,-0.6599633991460326,e,0
0.8006935734736516,-0.25892079301937,e,0
1.0131235096902114,-0.8539235691175736,p,0
1.1777060098608099,0.3796321946440122,e,0
1.12035936457383,-0.04991790852797642,e,0
0.7026293930902683,-0.8000104308586821,e,0
1.3948703035817214,-0.1448706238392691,e,0
0.21983484838705647,-0.5768160154283298,e,0
1.6049224158433861,-0.35730317320959015,e,0
0.5736971237045139,-0.49569701145801404,e,0
1.0260384045089845,-0.7593301543210536,p,0
1.5318945084969138,-0.18450469160300567,e,0
0.36752167679603626,-0.4173210908803128,e,0
1.577786024171706,-0.42247049589537755,e,0
1.7275215481979693,0.13819555404925,e,0
0.5741108887466155,-0.4890193093563818,e,0
1.1846606323251763,0.19797499421465162,e,0
0.5258187601634341,-0.8406469780929294,e,0
1.4664850170123815,-0.22846379753694693,e,0
1.1644368759949082,-0.7376025188349028,e,0
0.46663971362374307,-0.8361441580762493,e,0
1.497712304988533,0.03302076890187791,e,0
0.67362436289284,-0.9066775726577952,e,0
0.3876143437038771,-0.8857964376276913,e,0
1.0220937867842392,-0.9233975751071201,e,0
0.4909568655842393,-0.8493302104749315,e,0
0.48423537048127424,-0.4413668644558515,e,0
1.0598639630918092,-0.6588156201566131,p,0
0.9150269216241957,-0.5207238564602948,e,0
1.5590258481240482,-0.1665615404073522,e,0
0.5429045462096782,-0.64121593797649,e,0
1.490815847605595,-0.07519060109245099,e,0
1.3175612762493114,-0.07402811625704875,e,0
0.42600097355520344,-0.8966077742745123,e,0
0.854728062840467,-0.6587093505933377,p,0
1.4855463728437195,-0.1945312938840835,e,0
1.6838265934177874,0.2894531317403013,e,0
1.107419759590579,0.3040454379513081,e,0
0.38940585784135034,-0.8206658186307345,e,0
0.7130601527262042,-0.4100965016343078,e,0
0.9082773786341423,-0.6649020689715004,p,0
0.5631463069083709,-0.5858960345138443,e,0
1.1220749969066413,0.03843149324295178,e,0
0.664242763238942,-0.7891990942118611,e,0
0.7288287656585684,-0.7848663906552312,p,0
1.397302904216298,-0.23105699160075174,e,0
0.44105420691745684,-0.4250477986244898,e,0
1.5420475049843199,-0.3608585311473136,e,0
0.5940941030743607,-0.4905532987223963,e,0
1.5339207627152842,-0.22029541487126467,e,0
1.5407817627739044,-0.16593809233686527,e,0
0.8113134368326602,-0.7482084263886968,p,0
1.5415258600162611,0.002643623186737748,e,0
0.7410847891410444,-0.5477882187178635,e,0
1.3058121200724537,0.11313681335685259,e,0
0.5723952564138044,-0.5773687111273101,e,0
0.9516979191427111,-0.619884594878044,e,0
0.2786184576082297,-0.5824836393395331,e,0
0.7775835477397526,-0.7855513798488533,p,0
0.7401632371062226,-0.6450448052548177,e,0
0.38588719674666344,-0.7328415113267657,e,0
0.5548331121011929,-0.4925639980253347,e,0
1.0981549234532184,-0.7327985375077181,p,0
0.30139656762475536,-0.6722761561816583,e,0
0.47382000093813187,-0.9991521233431785,e,0
0.7445440057766122,-0.6572302365409904,e,0
1.0955436351054828,-0.7233891769952637,p,0
0.5014756135300324,-0.8268160472441148,e,0
0.46420493884024466,-0.9874917865239646,e,0
0.9081395856800698,-0.7075486298939372,p,0
0.5188459406201291,-0.5711759927491475,e,0
1.4373019891362375,-0.015143835254358778,e,0
0.1489152055032844,-0.8262633515451345,e,0
0.42906228613303615,-0.8174903154332729,e,0
1.1373071745392986,-0.8161159308266084,p,0
1.314949987901576,-0.06461875574459441,e,0
0.521231694222027,-0.728676228831536,e,0
1.2377091151669786,0.041451687992062225,e,0
0.760146451433968,-0.6465787946208321,e,0
0.4458487406299479,-0.4305555278090305,e,0
0.23981806271480172,-0.5783500047943443,e,0
0.4874321303121078,-0.8298356414461086,e,0
0.6339679346011544,-0.9098530758552569,e,0
0.634866486527585,-0.6588648714516058,e,0
0.5353011721128569,-0.7263015130796746,e,0
0.2660686589035293,-0.8442763014691733,e,0
1.1763715065085223,0.022246635759848227,e,0
0.804450850448738,-0.7733466957745612,e,0
0.8197828464905133,-0.8180233807827209,e,0
0.6124503012846574,-1.0474895574373304,e,0
1.4274659956971445,-0.20359438100634755,e,0
0.5365770447306613,-0.6439849349602463,e,0
0.5524380367589643,-0.5764796002114279,e,0
0.7358710904946355,-0.8803489163676336,p,0
0.5919178746618097,-0.5850470343414518,e,0
1.0468533987831188,-0.8165806156574171,p,0
0.3029731188660338,-0.8376188982602019,e,0
1.4810869041983006,-0.03248039010281947,e,0
0.668829829180349,-0.9011698434732546,e,0
1.6490923960258597,-0.0674831713490682,e,0
1.5320535716099057,-0.042304338835207095,e,0
0.6690372969514331,-0.7947068233964018,e,0
0.41521669431507097,-1.0926249389570633,e,0
0.7644919036911215,-0.8995351857253541,e,0
1.37571569791497,-0.18170858807301984,e,0
0.5565602590584064,-0.6455189243262608,e,0
0.46311173078872553,-0.9897356890407617,e,0
0.24436981224297294,-0.931091713874087,e,0
0.6763320177585914,-0.7635333390538956,e,0
0.447775702020422,-0.8330111446435698,e,0
0.7816287683372289,-0.7497132728571076,e,0
0.3256163858500231,-0.3186854469295226,e,0
0.2765809240115652,-0.9714775107967492,e,0
0.2566870592496312,-0.7267978230232391,e,0
1.1134047421094635,0.13173929190138417,e,0
0.8931146926917932,-0.6695206872401587,p,0
0.3475005668953372,-0.7220301746799447,e,0
0.9418694747729772,-0.6702056764337807,p,0
1.5241850019493373,-0.24447984220824212,e,0
0.7246280076283518,-1.0091737089996686,e,0
0.47214611596162487,-0.4670326196138169,e,0
0.6520148657980949,-0.7503472866552133,e,0
0.23502352900231066,-0.5728422756098036,e,0
1.4716146157919447,-0.0774283521247644,e,0
0.6502877188408813,-0.5973923603542872,e,0
1.5485208487134179,-0.33822684717462326,e,0
1.1458063894419053,0.2932341013044872,e,0
0.3365652150048691,-0.8429225057224822,e,0
1.5214734809284558,-0.3993366001107992,e,0
0.7863147574512179,-0.9412775904093439,p,0
1.4130772071008966,0.23563279090154918,e,0
0.6153217348932534,-1.2478097084696522,e,0
1.4364100645844964,-0.29884923765569815,e,0
0.5397116476654236,-0.8500151996685535,e,0
1.3351225890503224,-0.06406626900764986,e,0
0.37205766413757996,-0.4796827128935135,e,0
0.4589428410994855,-0.618050279688483,e,0
0.5298624839832575,-0.3686029435716781,e,0
0.8175718917488117,-0.16595277297978314,e,0
1.4168270637850997,0.030720413025489696,e,0
0.42535074496065034,-0.6127466722262027,e,0
0.5784823356766744,-0.7426205789110363,e,0
1.1177480762260945,-0.040508548015522144,e,0
1.1151203744422749,0.22008869367231243,e,0
1.2928725150892029,0.4671001598361373,e,0
0.462871171783286,-0.4749150645502189,e,0
1.5687616088899952,-0.1423771130703748,e,0
1.6125751639177233,-0.1727542587855149,e,0
0.29815259048063764,-0.8314662906255289,e,0
0.5324169268582652,-0.8811886840110595,e,0
0.7310765567821442,-0.8748411871830929,p,0
1.548931682076488,-0.012273466510257292,e,0
0.7324079721140133,-0.9123451965689985,e,0
0.4640196044554869,-0.49733164636862925,e,0
1.5111158425213043,-0.22428499152873668,e,0
1.3098347061416151,0.04472331066695576,e,0
1.0884829007678058,0.043735100705232094,e,0
1.4569840886403607,-0.26037116869221244,e,0
1.0299750805079586,-0.9095486356970036,p,0
0.596738403047206,-0.5911996419761246,e,0
1.5339207627152842,-0.22029541487126467,e,0
1.5101708333697184,-0.3301426696287416,e,0
1.4509524526831192,-0.07298359156390313,e,0
1.570944854254751,-0.13847548174246108,e,0
1.4076074289179719,-0.0604501435795507,e,0
1.5420475049843199,-0.3608585311473136,e,0
0.5617724190995781,-1.2416169900914895,e,0
1.14210170825179,-0.8216236600111491,p,0
0.4662918176869843,-1.1361437493124047,e,0
0.5720733551499511,-0.8780131808135979,e,0
1.076742281366969,-0.5658476001170266,p,0
0.368750332100556,-0.8826634241950121,e,0
0.8245773802030043,-0.8235311099672615,e,0
0.3878206409748947,-0.9855817556029122,e,0
0.5202808931956666,-1.1363036440390675,e,0
1.291156882756392,0.378750758065209,e,0
0.42107099258971153,-0.42351380925847537,e,0
0.7059145917409659,-0.9936528797893714,e,0
0.752722661312383,-0.9359739829470636,p,0
0.29986822281344855,-0.7431168888546008,e,0
0.5043104485872678,-0.7368676214065217,e,0
0.31327405491640675,-0.47401508898231026,e,0
0.41354919004149154,-0.5849960589459356,e,0
1.3364981350720846,0.18628222098902741,e,0
0.3201099835121412,-0.6877969853919552,e,0
0.3723162105085273,-0.42282882006485345,e,0
0.27467995729399647,-0.5696667724123421,e,0
0.33536453323273846,-0.9771451347079526,e,0
0.8029045282153533,-0.9109914008223076,e,0
1.24315433757603,-0.10920036080061654,e,0
0.6692435942224506,-0.8944921413716221,e,0
0.9001570175278604,-0.765003212952561,p,0
1.502212408911953,0.07066191541681971,e,0
0.5982320875604303,-0.8499727099037714,e,0
1.1493264133431473,-0.6237637537467057,p,0
0.4999819290168081,-0.5680429793164682,e,0
0.4104442939889063,-0.4904940495403345,e,0
0.29065040190239516,-0.9691027950448877,e,0
0.530929725182798,-0.47270024352502016,e,0
0.4062841761165105,-0.7276977985911479,e,0
0.5353104938531876,-0.48488567481119305,e,0
0.46312105252905617,-0.7483198507722804,e,0
0.38740687593279305,-0.9922594577045444,e,0
0.8232459648711352,-0.7860271005813558,p,0
0.2617401393330696,-0.6754516593791198,e,0
1.13902280687211,-0.72776652905568,p,0
1.105760530811147,-0.849557252958851,p,0
0.395720070739971,-1.085591494193054,e,0
0.7232849188310626,-0.7380128252944043,e,0
0.5372114605707563,-0.8866964131956002,e,0
0.6127088476556048,-0.9906356646086704,e,0
0.5535312448104834,-0.5742356976946308,e,0
0.5047764627292992,-0.5735507085010089,e,0
1.5804155620345828,0.30511503376898547,e,0
1.6122164388666043,-0.47649632176882206,e,0
0.42951963464989024,-0.9844320815784814,e,0
0.8716063811156269,-0.5657413305537512,p,0
1.0062189778082167,-0.7157944824827344,p,0
0.47071510488554674,-0.904650113937577,e,0
0.9963829843691236,-0.9042450282347233,p,0
0.45959631725692457,-0.7288252817434572,e,0
0.3735448658130471,-0.8881711533795528,e,0
0.7988661550458318,-0.9272496116282313,p,0
0.8668118474031357,-0.5602336013692105,p,0
0.8087021484849248,-0.7387990658762424,p,0
1.0837578587456236,-0.8099232124484457,p,0
0.2781953708257975,-0.8305771797096466,e,0
1.3368592987762862,0.005614574490506369,e,0
0.2446032746869622,-0.8252735722473663,e,0
0.5168602472919681,-0.4750749592768816,e,0
0.7240342319460771,-0.7793586614706906,p,0
0.34135974871736013,-0.8484302349070229,e,0
1.526607811393986,-0.08972622936462168,e,0
0.5013250178140973,-0.8392038630217326,e,0
0.3949090645110354,-0.8546229532851856,e,0
1.1054307107332746,-0.7224629215933996,p,0
0.4338568198455272,-0.8229980446178136,e,0
0.7609992372693399,-0.8123557568715176,e,0
1.0500279696527162,-0.8472661659086022,p,0
0.5031912458628434,-0.7384666454731866,e,0
0.8228617478701932,-0.9118805117381897,e,0
0.6504231660938822,-1.0649785961857838,e,0
0.43191470999211873,-0.9005164793923884,e,0
1.4580769251013312,-0.03938980371447112,e,0
0.6710526971617712,-1.0023361121713736,e,0
0.6856069619369303,-0.7556508941174936,e,0
0.4735865384941426,-1.104970264969899,e,0
0.5209982317780377,-0.8344943704582565,e,0
0.2872297559986969,-0.3078741102827016,e,0
1.0596305006478197,-0.7646337617833339,p,0
0.40587041107440885,-0.7343755006927801,e,0
1.7634424351714946,0.02613809223606467,e,0
0.47827441673107457,-0.9851170707721032,e,0
1.5245513329589517,-0.09908563875985929,e,0
0.5600414108557856,-0.49139402510824326,e,0
0.6272371177578586,-0.7433055681046582,e,0
0.844892069401374,-0.8471598963453265,p,0
0.8569758539640426,-0.7486841471211994,p,0
0.43258702140516764,-0.8369848844620958,e,0
1.3397948109414448,-0.06965112625983452,e,0
0.5002318097625782,-0.8414477655385296,e,0
1.1798660986126852,0.20348272339919232,e,0
0.6539158325156638,-1.1521580250396202,e,0
0.6556314648484749,-1.063808623268692,e,0
0.5383685588681344,-0.5788543159632892,e,0
0.44598418788294875,-0.898141763640527,e,0
1.8489221394589788,-0.26311016662712106,e,0
0.4082698694446714,-0.8237988320634138,e,0
0.595581304749828,-0.8990417392084359,e,0
0.5091049822997589,-0.7423753505910624,e,0
0.4878894788289619,-0.996777407591317,e,0
0.5584612257759753,-1.0473296627106679,e,0
0.6543649139710013,-0.9047093631196391,e,0
0.4670985058351668,-0.5911887773240982,e,0
0.3542285448360594,-0.9802781481406319,e,0
1.0885523924581146,-0.8154309416329864,p,0
0.5967124083743007,-0.5905547635259925,e,0
1.4325074554237465,-0.009636106069818046,e,0
0.32137978195250066,-0.6738101455476727,e,0
0.6374865956958413,-0.9976773831592257,e,0
1.80011343269001,-0.07302264618168461,e,0
1.4946657750377017,-0.26762685569405453,e,0
0.7092067753150555,-1.070646220096987,e,0
1.610705766174533,-0.05667183470224718,e,0
1.1804883381031162,-0.8324349966579699,p,0
0.6331508541947739,-0.747214273222534,e,0
1.0646584968043002,-0.6643233493411538,p,0
0.3616673785213957,-1.086432220578901,e,0
0.3861050086420836,-1.0739311573738402,e,0
1.388546073086634,-0.0943826472324141,e,0
0.22335350948174337,-0.6646403227322988,e,0
0.44665649929599766,-0.8346101687102346,e,0
0.38750489112378156,-0.4188550802463272,e,0
0.7816547630101343,-0.7503581513072397,e,0
0.6491212988031727,-1.1466502958550795,e,0
0.7479281275998917,-0.9304662537625229,p,0
0.5357242588952891,-0.47820797270956084,e,0
0.5536666920634843,-1.0418219335261272,e,0
1.6055637749960534,0.12542484846664276,e,0
0.39261517468738577,-0.9910894847874528,e,0
1.5883323180378315,-0.004479397505210425,e,0
1.50511812704876,0.018103679204882872,e,0
0.5796015384010986,-0.7410215548443715,e,0
0.5166610465824009,-0.9959284074189242,e,0
0.39195152889951407,-0.7243624006670237,e,0
1.1009659970986558,-0.8440495237743103,p,0
1.837440979434947,0.18172829739740048,e,0
0.7122856766947354,-1.1645033510524558,e,0
0.4933958811668438,-0.6276658691288847,e,0
0.762558654751476,-0.7475234371950747,p,0
0.35344353328002914,-0.7499544856828956,e,0
1.7733947428017793,0.023373734354154574,e,0
1.3488307752275357,-0.07169924626883337,e,0
1.5017108334390186,-0.007480749535649672,e,0
0.2108037107770429,-0.9264329848619389,e,0
0.26106782792002065,-0.738983254309412,e,0
0.33735022656089936,-1.0732461681802183,e,0
0.20290428101196661,-0.8264232462717971,e,0
0.3084795212039157,-0.4685073597977696,e,0
0.40852119388501124,-0.6853064713881156,e,0
0.7230263724601151,-0.7948667181230643,e,0
0.4874061356392025,-0.8291907629959763,e,0
0.5225747830193164,-0.9998371125368003,e,0
0.4507351381206873,-0.730030024578227,e,0
0.7749722593920172,-0.7761420193363989,p,0
0.7061480541849552,-0.8878347381626509,e,0
0.504767797104122,-0.9038093875517305,e,0
0.48631292758768346,-0.831434665512773,e,0
0.4304275083166516,-0.49202803890634894,e,0
0.6059873525526396,-0.5826723185895905,e,0
0.5250754269081577,-1.1418113732236082,e,0
1.5954709758427237,0.15036169735694555,e,0
0.5795755437281933,-0.7403766763942392,e,0
0.3334635665151697,-0.5753343963235453,e,0
0.6170373672260645,-1.1594603066987241,e,0
0.5901523551972419,-0.6508225317885411,e,0
1.432359628114362,-0.12475979294755421,e,0
1.0566893922222118,-0.6281300699054281,p,0
0.7648064458750519,-0.8374982337229363,p,0
0.5936710162919285,-0.73864683909251,e,0
0.6723484902750358,-0.9889941507772236,e,0
1.0014244440957254,-0.7102867532981937,p,0
0.5183799264780977,-0.7344929056546604,e,0
0.9030981259534681,-0.9015069048304668,p,0
0.5081971086329975,-1.2347793932631945,e,0
0.8745474895412348,-0.7022450224316569,p,0
0.3720355307512537,-1.0763058731257016,e,0
0.17665368482323907,-0.5604969495969682,e,0
0.5105327458129512,-0.4778439562606379,e,0
0.6771430239875269,-0.9945018799617643,e,0
1.4806950499695215,-0.02201262986150984,e,0
1.332064765063795,0.011122303675047102,e,0
0.5446827717667551,-0.8437799915256087,e,0
1.8735795611438395,0.1885774217502053,e,0
0.6552176998063732,-1.0704863253703245,e,0
0.197903450028458,-0.7211301991120359,e,0
0.5242904153521273,-0.911487710765872,e,0
0.5724212510867097,-0.5780135895774423,e,0
1.6124213985073443,0.031677567068681134,e,0
0.5262761086802883,-1.007588744238138,e,0
0.37333739804196303,-0.9946341734564058,e,0
0.48351803189890313,-0.7431761380366626,e,0
1.0983883858972077,-0.6269803958809973,p,0
0.39092553702747995,-1.0800837650085133,e,0
1.259280418950368,0.4724037672984175,e,0
1.6763611060584565,0.3747950565158037,e,0
0.632666067310445,-0.9915247755245528,e,0
0.3906817304591545,-0.7383492405113063,e,0
1.0815368150794602,-0.5713553293015673,p,0
0.23629007987978434,-0.7319415357588568,e,0
0.6508369311359838,-1.0583008940841514,e,0
0.6278715335979539,-0.9860170463400121,e,0
0.6201162686057444,-1.253317437654193,e,0
0.35497187809133596,-0.679113753009953,e,0
0.40780385530264,-0.9871157449689268,e,0
0.2059831823916466,-0.920280377227266,e,0
0.6320316514703497,-0.7488132972891989,e,0
0.526026227934518,-0.7341839580160767,e,0
0.4012264730778529,-0.7164799557306217,e,0
1.5043264351701644,-0.1013356047814453,e,0
0.4104221606025799,-1.0871172097725226,e,0
0.27820469256612806,-0.5891613414411653,e,0
0.41065562304656916,-0.9812990681458021,e,0
1.1441471606624734,-0.8603685896056722,p,0
0.5383598932429572,-0.9091129950140108,e,0
1.3735302962948015,-0.09354616392724283,e,0
0.8016119826649744,-0.7512472622231221,e,0
0.4954112813771819,-0.8352951579038564,e,0
0.6723224956021305,-0.9883492723270911,e,0
0.5834452710872293,-1.1541566992364438,e,0
0.273410158853637,-0.5836536122566246,e,0
1.12035936457383,-0.04991790852797642,e,0
0.7409125502212373,-0.686390641431104,p,0
0.4509850188664574,-1.0034348108002884,e,0
1.5707509076355977,-0.37182785416653197,e,0
1.1445318796306563,-0.618256024562165,p,0
1.1052929177792026,-0.7651094825158364,p,0
0.9795314135513764,-0.8486199616552933,p,0
1.5717059778213278,0.1492427580664072,e,0
1.4414515243110984,-0.10489096271916862,e,0
1.0935938521847166,-0.6214726666964566,p,0
0.5521794903880171,-0.6333334930400879,e,0
0.5657559465831337,-1.0161561783681619,e,0
1.6054414631746845,0.12534772039899883,e,0
0.3149675538628914,-0.9822888474435701,e,0
0.689226808550196,-0.8960261307376368,e,0
0.37492909774617594,-0.6800028639258353,e,0
0.9893674069904694,-0.6601694159033042,p,0
0.9008715565739156,-0.6499849792745054,p,0
0.44619048515396637,-0.9979270816157478,e,0
0.4091777431114327,-0.3313947893912812,e,0
1.3688580744036791,-0.08796130667505822,e,0
0.45257023573291305,-0.8385188738281105,e,0
0.387156995187023,-0.718854671482483,e,0
0.7189927722194753,-0.9733169364072202,p,0
0.35494588341843064,-0.6784688745598209,e,0
0.7794369730266362,-0.6545554171554882,p,0
0.3104949214142538,-0.6761366485727416,e,0
0.42563297460416055,-0.48652030972180826,e,0
0.69230246236699,-1.1629693616864412,e,0
1.4545427383319032,0.13096432329925922,e,0
0.3781319317544541,-1.0001419026409464,e,0
1.0548225033652072,-0.8527738950931428,p,0
1.5315312682916116,-0.19275579209017704,e,0
0.39011453079854436,-0.8491152241006449,e,0
0.4690254672256408,-0.9936443941586378,e,0
0.9479464933723061,-1.0493072922989295,e,0
0.37664473007898697,-0.591653462154907,e,0
1.5020740736443208,0.0007703509515216977,e,0
1.7660515672638173,0.10879278719730096,e,0
0.8428374803000642,-0.7841580324213822,e,0
0.642992998033723,-0.6285658446967933,e,0
0.6537083647445798,-1.2586210451164732,e,0
1.648565584595902,-0.0769555237820144,e,0
0.23543729404441238,-0.5661645735081714,e,0
0.8599169623896505,-0.8851878389991051,p,0
0.6153438682795798,-0.651186548237464,e,0
0.6861741615975405,-0.644884910528155,e,0
0.5062961419154288,-0.8329686548787877,e,0
0.16451765116064032,-0.8156119096249761,e,0
0.39356597571374624,-0.5834620695799212,e,0
1.1104721704598763,-0.5285046466568701,p,0
0.6227827019649161,-0.7573406206757332,e,0
0.1524338665979713,-0.9140876588491033,e,0
0.46879200478165156,-1.0994625357853582,e,0
0.7985330812852944,-0.6573901312676531,e,0
0.5417892047718327,-1.2400830007254748,e,0
1.291156882756392,0.378750758065209,e,0
0.815970177591079,-0.7963627164956742,p,0
0.5905661202393433,-0.6441448296869089,e,0
0.29817858515354273,-0.8321111690756612,e,0
0.3922014096452841,-0.9977671868890851,e,0
1.0230972960833769,-0.6228264624431478,p,0
0.5752300914710398,-0.48742028528971704,e,0
1.0717008216403672,-0.7598058750535561,p,0
0.4304053749303253,-1.0886511991385373,e,0
0.5030406501469085,-0.7508544612508044,e,0
0.7768342346247379,-0.744205543672567,e,0
0.7258978060687111,-0.9951868691553861,e,0
0.4247344226777298,-0.7375085141254594,e,0
0.5431544269554482,-0.9146207241985514,e,0
0.4815183938751924,-0.8259269363282324,e,0
0.6276861992131961,-0.4958569061846766,e,0
0.6356514980836154,-0.8891885339093418,e,0
1.4606882134490666,-0.04879916422692546,e,0
0.5772157847992008,-0.583521318761983,e,0
0.6813796278850495,-0.6393771813436143,e,0
0.40872866165609517,-0.5788434513112628,e,0
1.4178717408133878,0.23012506171700847,e,0
1.008796589009665,-0.9328636103760476,p,0
1.5736873111900294,0.21907785769985127,e,0
0.25949127667874217,-0.5736405122308683,e,0
1.607626864794853,0.03718529625322187,e,0
0.6179621735795198,-0.7511880130410602,e,0
0.6326920619833503,-0.992169653974685,e,0
0.46149728397449324,-1.130636020127864,e,0
1.4310938859039466,0.07016064586289386,e,0
1.0218515670292485,-0.6975237145669142,e,0
0.38747889645087624,-0.41821020179619506,e,0
0.406021006790344,-0.7219876849151624,e,0
0.5598454577091041,-0.8391613732569504,e,0
1.442195621553455,0.06369075280443463,e,0
0.3130665871453227,-0.5804781090591631,e,0
1.6173696976302145,-0.17826198797005563,e,0
0.5366442609101463,-0.9974623967849389,e,0
0.6387531465733147,-1.1567766433082785,e,0
0.4133157275975023,-0.6908142005726563,e,0
0.429286172205901,-1.0902502232052018,e,0
0.30273965642204453,-0.9434370398869226,e,0
1.7455707733748782,-0.3178730996769441,e,0
0.3304781357419992,-0.677670637938756,e,0
1.3872803308762185,0.10053779157803402,e,0
0.3317446866194727,-0.8367698980878092,e,0
1.1134132788854842,-0.6650083385347758,p,0
0.616831069955047,-1.0596749887235035,e,0
1.1083718191588825,-0.8589666134713055,p,0
0.5907867710373369,-0.8935340100238952,e,0
0.3922994248362726,-0.4243628094308679,e,0
1.143817340584601,-0.7332742582402206,p,0
0.2738239238957386,-0.5769759101549924,e,0
1.1100874514916936,-0.7706172117003771,p,0
0.33698830178730127,-0.5948289653523685,e,0
0.670820145463729,-1.059834883450166,e,0
0.9056660902864067,-0.6554927084590461,p,0
0.7980839998299569,-0.9048387931876344,e,0
0.4998839138258196,-1.141447356774685,e,0
0.46881413816797796,-0.5028393755531699,e,0
0.5764966423485134,-0.6465195454387703,e,0
1.5997568778269333,0.11313199666342194,e,0
0.957858561563725,-0.9360802525103392,p,0
0.5583517731958798,-0.5803883053293036,e,0
1.3269322242599828,0.37734878193084237,e,0
0.6152545187137684,-0.8943322466449596,e,0
0.258215404060938,-0.6559570903502966,e,0
1.4316155308720053,-0.29334150847115736,e,0
0.40347533573218036,-0.8182911028788731,e,0
0.4039341279436041,-0.5733357221267221,e,0
0.5768678888624421,-0.8835209099981386,e,0
1.0135911227221561,-0.9383713395605883,p,0
0.33383156546621245,-0.9854218608762494,e,0
1.4834454828696866,-0.006419463935526198,e,0
0.4251481877198315,-0.7308308120238272,e,0
0.3490202460814667,-0.9814481210577234,e,0
0.5012578016346123,-0.4857264011970399,e,0
0.4787234981864121,-0.7376684088521219,e,0
0.48432723425952245,-0.7353336320405073,e,0
1.336981610597655,0.005691702558150297,e,0
1.4462460580235894,-0.1103986919037093,e,0
1.6442796826116923,-0.03972582308849085,e,0
1.0183027623708856,-0.6173187332586071,p,0
0.5968478556273016,-1.0581409993574888,e,0
0.714198238506984,-0.9678092072226795,p,0
0.39089954235457464,-1.0794388865583808,e,0
0.44313176402386606,-0.8151155996814115,e,0
0.5736878019641833,-0.7371128497264956,e,0
0.5257927654905288,-0.8400020996427972,e,0
0.2643530265707182,-0.9326257032401016,e,0
1.446626450233209,-0.08531956011015004,e,0
0.4247251009373992,-0.9789243523939407,e,0
0.5074120970769673,-1.0044557308054587,e,0
0.8130290691654711,-0.6598590246177685,p,0
0.5676007227013133,-0.5718609819427695,e,0
1.054973759889401,-0.7164794716763564,p,0
0.7596973699786305,-0.8940274565408134,e,0
1.3762012499416412,-0.1733803595182046,e,0
0.610807880938036,-0.5888249262242633,e,0
0.7699307996654152,-0.9701002942729285,p,0
0.41993988896523876,-0.7320007849409187,e,0
0.9004868376057327,-0.8920975443180125,p,0
1.4926748691529277,-0.005432629526650773,e,0
0.5474916121510851,-0.7531866872378834,e,0
1.1872719206729117,0.18856563370219728,e,0
0.36684936538298735,-0.48085268581060503,e,0
0.4463979529250503,-0.8914640615388948,e,0
0.6550822525533724,-0.6029000895388279,e,0
0.4043832093989416,-0.3258870602067404,e,0
0.5936450216190232,-0.7380019606423779,e,0
0.4794408367687832,-0.4358591352713108,e,0
0.33392958065720096,-0.41201748341803246,e,0
1.6805247934026404,-0.21763962513956261,e,0
0.44467080596783676,-0.7385091352379689,e,0
0.46465402029558217,-0.7400431246039834,e,0
1.314949987901576,-0.06461875574459441,e,0
1.5757433401434604,0.3106998910211701,e,0
0.21855897576925226,-0.6591325935477581,e,0
0.5984655500044196,-0.7441545682770507,e,0
0.11052857565195806,-0.8154520148983135,e,0
0.7813962166391868,-0.8072120441358999,e,0
0.49668107981754134,-0.8213083180595742,e,0
0.5743222178042786,-0.9798243279618494,e,0
0.6585028984570709,-1.264128774301014,e,0
1.8122511419404634,-0.1639494282093716,e,0
0.24919034062836914,-0.9372443215087599,e,0
0.4674489159843624,-0.8283016520800939,e,0
0.26148159296212226,-0.7323055522077798,e,0
0.7466522488650396,-0.4154001090965881,e,0
1.066906287927876,-0.7542981458690154,p,0
0.7696009795875431,-0.843005962907477,p,0
1.529672246744279,-0.26251376365597723,e,0
0.507386102404062,-1.0038108523553262,e,0
0.6896928226922272,-0.732709217832124,e,0
0.5630482917173822,-1.1593004119720614,e,0
0.31786112085781376,-0.5859858382437038,e,0
0.6291734008886634,-0.9043453466707162,e,0
0.3826843627383852,-0.4127024726116544,e,0
0.4125983890151311,-0.9926234741534675,e,0
0.45702465152585564,-0.8244838212570356,e,0
1.1860179113923661,-0.037805366481451635,e,0
0.8209981737475596,-0.6960523040534942,p,0
0.48870800292991196,-0.7475190633266802,e,0
1.568202265810127,-0.2919165305079263,e,0
0.9626530952762162,-0.9415879816948799,p,0
0.8400975356888829,-0.8416521671607858,p,0
1.1035772854463912,-0.8534588842867649,p,0
0.49819041487933485,-0.6331735983134253,e,0
0.33974530190312785,-0.9893305659941255,e,0
0.21631011311492487,-0.5573214463995066,e,0
0.3290370317537214,-0.9799141316917087,e,0
0.3325556928484083,-1.0677384389956777,e,0
0.8617703876765339,-0.75419187630574,p,0
0.893646851482558,-0.8478448855389485,p,0
0.24023182775690344,-0.5716723026927121,e,0
0.35687284480890463,-1.0809244913943603,e,0
0.207285049682356,-0.8386086775579701,e,0
1.5607964437498998,-0.2769994408109312,e,0
1.5733600397279204,-0.2891731592052956,e,0
0.5381100124971872,-0.6357082087919493,e,0
0.637945387907265,-0.7527220024070747,e,0
0.3887714420012552,-0.5779543403953805,e,0
1.4699135758413115,-0.20331720632605096,e,0
0.27690282527541865,-0.6708330411104613,e,0
0.4843708177342751,-0.908953100287348,e,0
0.7690789696325286,-1.0115059349867477,e,0
0.4891217679720135,-0.740841361225048,e,0
0.7506723065460617,-1.1753146876992768,e,0
0.20249051596986495,-0.8331009483734294,e,0
0.44905157463822615,-0.7506945665241418,e,0
0.5171101280377384,-0.7484797454989429,e,0
0.6756146791762201,-1.0653426126347068,e,0
0.23957527853048188,-0.9255839846895463,e,0
0.764940985146459,-0.6520865238053728,e,0
0.7226126074180137,-0.8015444202246965,e,0
0.802878533542448,-0.9103465223721751,e,0
0.5164464822498667,-0.4817526613785137,e,0
0.5693163550341245,-0.48351158017184115,e,0
1.4126488886445738,0.13350813135697898,e,0
1.4904875998971758,-0.16483913736256525,e,0
0.4799900490638856,-0.8967676690011751,e,0
1.0398110739470516,-0.7210980899450147,p,0
0.636852179855746,-0.7549659049238717,e,0
1.139352626949982,-0.8548608604211315,p,0
1.3438321732635774,0.09180600669492844,e,0
0.8573056740419152,-0.8757784784866506,p,0
1.461256977384793,0.0976232564572981,e,0
1.548187584834131,-0.1808551820338605,e,0
1.1181992758219548,0.12623156271684344,e,0
0.5798254244739636,-1.0137814626163004,e,0
0.3937343774118101,-0.9894904607207883,e,0
0.6295871659307648,-0.8976676445690838,e,0
0.502591568691571,-0.9983031231707856,e,0
0.16889841983102966,-0.8277973409111492,e,0
0.5569518907141817,-1.2354643824568166,e,0
0.3688647655933254,-0.688481974585577,e,0
1.5494533270445465,-0.3757756208443086,e,0
0.6879570101098365,-0.9100129705819194,e,0
1.5063213088088132,-0.218777262344196,e,0
0.903482844921651,-0.6593943397869597,p,0
0.3150569034287028,-0.7391431490360746,e,0
0.1641038861185386,-0.8222896117266085,e,0
0.6910359114895166,-1.0038701015373883,e,0
0.5212410159623577,-0.48726039056305437,e,0
1.6726546650654144,-0.040798559208122864,e,0
1.761257033551326,0.11430051638184169,e,0
1.1803172982085453,0.3702228341315579,e,0
1.518056559155448,0.39532874911305926,e,0
0.35080789893236103,-0.31904946337844564,e,0
0.3349507681906368,-0.9838228368095848,e,0
0.4830689504435656,-0.9906247999566439,e,0
0.5431630925806255,-0.5843620451478299,e,0
0.3517279009472181,-0.8383038874538239,e,0
0.5583257785229745,-0.5797434268791715,e,0
0.7280794525435537,-0.7435205544789449,e,0
0.3757368564122256,-1.0840575048270396,e,0
1.797502144342274,-0.06361328566923027,e,0
0.6587363609010601,-1.1583106326742931,e,0
0.5409814461057831,-0.8360283598242712,e,0
1.0523624715416655,-0.7070701111639021,p,0
1.6495779480525308,-0.05915494279425279,e,0
0.3718501963664959,-0.5861457329703663,e,0
0.6472203320856038,-0.7448395574706727,e,0
0.7823780814522436,-0.7910591090333939,p,0
0.7432681331588078,-0.7395468146604187,e,0
1.678341548037885,-0.22154125646747633,e,0
0.40564976027641525,-0.4849863203557938,e,0
0.38398623002909477,-0.33103077294235816,e,0
1.3709190079470657,-0.08413680341478849,e,0
0.4047512083499845,-0.7359745247594449,e,0
0.5569740241005081,-0.6388412222246286,e,0
1.4869323621498272,0.40981442626801323,e,0
1.5661503205422598,-0.13296775255792034,e,0
1.494638269040456,-0.1746624636556978,e,0
0.4694485540080732,-0.745550853788524,e,0
0.5955719830094974,-1.1404575774769168,e,0
0.25955849285822713,-0.927117974055561,e,0
0.42753394132172934,-0.8883310481062153,e,0
0.4444076366416702,-0.7327990215619834,e,0
0.48765601638497263,-1.1025955492180375,e,0
1.3778080424698627,0.055589829556089154,e,0
0.8499335291279759,-0.653201621408797,p,0
0.37094232269973454,-1.0785497756424989,e,0
0.37685605913664993,-1.082458480760375,e,0
1.3127667425368201,-0.06852038707250802,e,0
0.31528945512674483,-0.6816443777572823,e,0
0.4154501567590602,-0.9868067973303428,e,0
0.806134184151986,-0.984813262247663,p,0
0.2721082915629276,-0.6653253119259206,e,0
0.6396610202400761,-0.6643726006361464,e,0
0.8014774433935672,-0.9366589721406856,p,0
0.6740381279349417,-0.8999998705561628,e,0
0.3737511630840647,-0.9879564713547736,e,0
1.3350002772289535,-0.06414339707529379,e,0
0.485903785500801,-0.900676374119051,e,0
0.8280404985836265,-0.7915348297658965,p,0
0.5317825110181702,-0.6384772057757057,e,0
0.6352377330415138,-0.8958662360109743,e,0
0.29860167193597503,-0.5840176287055475,e,0
0.44232075779493046,-0.5841470587735431,e,0
1.2696087355858832,0.1278497813315872,e,0
1.1394904199040543,-0.8122142994986945,p,0
0.7662075360239327,-0.8111857839544259,e,0
0.7082656190137131,-0.4045887724497671,e,0
1.0234271161612492,-0.7499207938085992,p,0
0.5414387946226373,-1.0029701259694794,e,0
0.43068605468759896,-0.4351741460776889,e,0
1.141930668357219,0.38103417077837887,e,0
0.41003052894680475,-0.4971717516419667,e,0
0.34686615105524204,-0.4793186964445906,e,0
1.059768293601892,-0.7219872008608971,p,0
0.44552683936609466,-0.7311999974953185,e,0
0.7480626668712989,-0.7450545438449594,e,0
0.7642844359200376,-1.005998205802207,e,0
1.1811660402210136,0.016738906575307494,e,0
0.31531544979965015,-0.6822892562074145,e,0
0.48134180348635197,-0.8376698736557179,e,0
0.44714128618032684,-0.590299666408216,e,0
0.7061573759252857,-0.6464188998941695,e,0
1.8441276057464873,-0.2576024374425804,e,0
0.3582380669925202,-0.7554622148674363,e,0
1.1467584490102087,-0.8697779501181265,p,0
0.4618191852383467,-0.8299915504415762,e,0
0.6049535826633954,-1.2579360559228512,e,0
1.5267367345791203,-0.1872480629056363,e,0
1.2976670488016941,0.4615924306515965,e,0
0.25694560562057855,-0.6699439301945791,e,0
0.42554362503834925,-0.729666008129304,e,0
0.7445346840362814,-0.8986460748094719,e,0
1.4953823662828127,-0.006080748132094804,e,0
1.768600209089288,0.028881463538695307,e,0
0.7614130023114416,-0.8056780547698852,e,0
0.6131676398670287,-0.7456802838565195,e,0
1.0162024110698915,-0.9477807000730426,p,0
0.8063676465959755,-0.8789951206209424,p,0
0.5586675230469929,-1.1471149806858885,e,0
0.6223317223874436,-0.48400739572377427,e,0
0.22288749533971192,-0.8279572356378118,e,0
0.4490422528978956,-0.9921104047926231,e,0
1.1346958861915633,-0.8067065703141538,p,0
1.4712795507248726,-0.23397152672148766,e,0
0.2546967429662511,-0.5681327830463276,e,0
1.0212438707964935,-0.7538224251365129,p,0
0.2150403146745654,-0.5713082862437892,e,0
0.5050263434750693,-0.8469554947230703,e,0
0.5609614128706426,-1.0106484491836212,e,0
0.8647114961021418,-0.8906955681836458,p,0
0.23980874097447114,-0.8197658430628256,e,0
0.4303381587508403,-0.7351737373138447,e,0
0.6940213422626871,-0.9015338599221775,e,0
0.3182748858999153,-0.5793081361420716,e,0
0.7577641210389847,-0.7420157080105341,p,0
0.653730498130906,-0.661997884884285,e,0
0.4323284750342204,-0.893838777290756,e,0
0.8162036400350685,-0.6905445748689535,p,0
0.4203536540073404,-0.7253230828392865,e,0
1.4264642698747003,-0.3358681269109284,e,0
0.5153272795254422,-0.4833516854451786,e,0
1.4447763192514094,-0.00201922352201514,e,0
1.2802557059177675,-0.24306038226502272,e,0
1.571971678857218,0.13072845592892304,e,0
1.01022020628616,0.007994415020841222,e,0
0.4106649447868999,-0.7398832298773208,e,0
1.4917268958623184,0.4043066970834725,e,0
1.5389500308035762,0.4097835013712755,e,0
0.6184112550348573,-0.5037393511210787,e,0
1.049932300162799,-0.910437746612886,p,0
1.5301788761641024,-0.27285409337393396,e,0
0.8398640732448934,-0.9474703087875064,p,0
1.6075337041911215,-0.3667125337220445,e,0
0.5920533219148105,-1.0526332701729482,e,0
1.461256977384793,0.0976232564572981,e,0
-0.740737481204045,2.7977042116265336,p,1
0.32328074867006934,-1.07562088393208,e,0
0.31985143714119385,-0.7446508782206153,e,0
1.4878803354404364,7.509965788990436e-05,e,0
0.519867128153565,-1.1429813461406997,e,0
0.4979829471082508,-0.7396366183902782,e,0
0.8616325947224619,-0.7968384372281768,p,0
1.5353006813387031,0.22988919434667227,e,0
1.5200068268088114,-0.1416921238767528,e,0
0.6119010889895551,-0.5865810237074662,e,0
1.440437595439091,-0.3169800878937543,e,0
0.8180672141577021,-0.9063727825536491,e,0
0.4494653396803278,-0.7440168644225096,e,0
1.3068520839846292,-0.3395338908685058,e,0
1.7724762432021728,0.11615402770075647,e,0
1.6057496635458444,-0.0103230562365417,e,0
0.4689994725527357,-0.9929995157085053,e,0
1.4500564049905718,0.0008012758482594251,e,0
1.4956103813180863,-0.08069833027699166,e,0
1.5437241587455135,-0.24065506251639193,e,0
1.5070069426244443,0.06515418623227903,e,0
0.3716438990954784,-0.4863604149951457,e,0
1.5121668727976505,-0.024166497938781006,e,0
0.5537811255562535,-0.8476404839166921,e,0
0.4964632679221212,-0.48021867201249924,e,0
0.7278209061726062,-0.800374447307605,e,0
1.3411007293498858,0.009074183666048258,e,0
0.9724890887153093,-0.7531374359428908,p,0
1.2044224065141278,-0.013864125643136965,e,0
0.6105493345670887,-0.6456788190529233,e,0
0.35229510060782826,-0.7275379038644854,e,0
1.3410985730944731,0.10113823913973896,e,0
1.4087342629740869,0.08687831324542131,e,0
1.5659542176676933,-0.2742560695083006,e,0
1.3421809392349964,-0.22544152448295804,e,0
0.41193149566437354,-0.8989824900263738,e,0
1.53856638482772,-0.24339843381902257,e,0
1.3709211642024788,-0.1762008588884791,e,0
1.8813117632769025,0.015739936341633065,e,0
1.654372481765022,-0.06466267197879358,e,0
1.1300585696119614,-0.6613653752803993,e,0
1.4997099856890361,-0.0560752712554963,e,0
0.8958300968473136,-0.8439432542110347,p,0
0.29465992405885594,-0.7442868617716922,e,0
1.705291489275789,0.17179656104115865,e,0
1.1096911379429373,-0.13167703570772407,e,0
0.5177130331273403,-0.6408519215275671,e,0
1.7226808363010582,0.1941940246504657,e,0
0.7294225413408428,-1.0146814381842093,e,0
1.4799823499897733,0.10426292240872836,e,0
1.2831912180829261,-0.3183260830153636,e,0
0.4659205711730557,-0.8991423847530363,e,0
0.42449163849340993,-1.0847424940206611,e,0
0.7458777728335706,-1.1698069585147362,e,0
0.4828614826724816,-1.0970878200334968,e,0
1.544947086222547,0.1698371921053724,e,0
0.5888504879065322,-0.7324942314578372,e,0
0.6848982889797361,-0.7272014886475833,e,0
1.3989699079526716,-0.12024756481777368,e,0
1.5906768916118357,0.07360680261540503,e,0
1.5486605186606546,-0.2673262415468861,e,0
1.7364178425368235,0.065246828412514,e,0
0.524661661866056,-1.1484890753252404,e,0
0.687507928654499,-1.1574616325019005,e,0
0.4212064398427124,-0.8911000450899716,e,0
0.7493292177487725,-0.9041538039940126,e,0
1.3127702183067733,-0.030542390083385135,e,0
1.7323160819104606,0.1326878248647093,e,0
1.3277378443832482,-0.06781773758342677,e,0
1.126050246143582,-0.7267911821880818,e,0
0.35038481214992884,-0.5671430037485595,e,0
1.1471431679783917,-0.6276653850746193,p,0
1.5570843459913974,0.16117303400376654,e,0
1.565590977462391,-0.282507169995472,e,0
0.28298990453828854,-0.8360849088941872,e,0
0.3516606847677331,-0.48482642562913125,e,0
0.5046784475383106,-1.1469550859592257,e,0
0.710709125453457,-0.9991606089739121,e,0
0.5755980904220828,-0.8975077498424212,e,0
1.4259945005873427,-0.15935630099422307,e,0
1.4208072529785465,0.15485936096666755,e,0
0.28172335366081497,-0.6769856487451342,e,0
0.20118864867915554,-0.9147726480427253,e,0
0.5078351838593995,-0.756362190435345,e,0
1.6821109610849765,0.20110372996937298,e,0
0.2410846135922754,-0.7374492649433975,e,0
0.4479262977363571,-0.8206233288659521,e,0
0.4271201762796277,-0.8950087502078478,e,0
0.7864492967226253,-0.7558658804917804,e,0
0.6187731798084553,-0.9821565539489286,e,0
0.2750937223360981,-0.5629890703107099,e,0
1.4097754070857496,-0.2714599659783148,e,0
0.3615700447861671,-0.7196554589280832,e,0
0.3565224346597093,-0.8438116166383646,e,0
1.4041298381258778,-0.20956824898883367,e,0
1.460995412753002,0.11008444146207647,e,0
1.2409710922112742,-0.1131019921285302,e,0
0.7397494720641211,-0.6517225073564498,e,0
0.5216547810044592,-0.48058268846142227,e,0
1.259280418950368,0.4724037672984175,e,0
0.8671416674810082,-0.6873279327346619,p,0
0.105734041939467,-0.8099442857137729,e,0
0.5015016082029378,-0.8274609256942471,e,0
1.4935078786455875,-0.17369335495618468,e,0
1.7445111286197752,-0.007275501035196252,e,0
0.7065711409673874,-0.6397411977925374,e,0
0.5793680759571094,-0.8468396964710921,e,0
0.3887807637415858,-0.33653850212689895,e,0
1.442984081009149,-0.3048273560786693,e,0
1.527567587816367,-0.2634447328614796,e,0
0.556766556329424,-0.7453042423014814,e,0
0.49839671215035236,-0.732958916288646,e,0
0.4411896541704577,-0.8926340344559863,e,0
0.6495703802585102,-0.8992016339350984,e,0
1.1108019905377489,-0.6555989780223215,p,0
1.5397175662785996,-0.39996004818128617,e,0
1.5707487513801845,-0.2797637986928413,e,0
0.3291350469447099,-0.4065097542334918,e,0
0.5306132938759252,-0.8461547072774701,e,0
0.43410670059129725,-1.0964028308398752,e,0
0.9095598635209798,-1.0384959556521085,e,0
0.7074239268027593,-0.8055181600432226,e,0
0.4071369619518825,-0.8934747608418331,e,0
0.48616233187174823,-0.8438224812903908,e,0
1.2431564938314428,-0.2012644162743071,e,0
1.3303491327309835,-0.07722709809588116,e,0
1.607421905154113,-0.4709885925842814,e,0
0.7645178983640268,-0.9001800641754866,e,0
0.4351999086428164,-1.094158928323078,e,0
0.8111621803084665,-0.8845028498054831,p,0
0.33825810022766073,-0.580842125508086,e,0
1.733619844063489,0.30347719026428277,e,0
1.49952543181885,0.08068167461012733,e,0
0.7449577708187136,-0.6505525344393583,e,0
1.286145392275565,0.17643486478681758,e,0
1.0563368820151362,-0.08359035156086145,e,0
1.6396901085399411,0.473955794933553,e,0
1.454850938703063,-0.004706453336281308,e,0
1.3321870768851638,0.01119943174269103,e,0
0.8953624838153693,-0.7594954837680203,p,0
0.7107351201263623,-0.9998054874240446,e,0
1.1144856716554286,-0.1371847648922648,e,0
1.839156611767758,0.2700776991683288,e,0
1.0571570052541566,-0.7125778403484427,p,0
1.8372975902204252,0.20031972760252864,e,0
0.5689025899920228,-0.49018928227347336,e,0
1.4637912549709235,-0.0360818649160016,e,0
0.49222666402459886,-0.8353433706306491,e,0
0.20269798374094905,-0.7266379282965766,e,0
0.5786507373747383,-1.1486489700519031,e,0
1.4378263070913555,-0.3075707273813,e,0
0.2060091770645518,-0.9209252556773982,e,0
1.1794504078882022,-0.07161049519562077,e,0
0.6120365362425559,-1.0541672595389628,e,0
0.2966020339122643,-0.6667684269971176,e,0
0.4643908509694156,-0.7343330109279979,e,0
0.8035228958042506,-0.9754039017352089,p,0
1.807456608227972,-0.15844169902483093,e,0
0.381650592849141,-1.0879662099449157,e,0
1.151937701690883,-0.63317311425916,p,0
1.3736526081161704,-0.0934690358595989,e,0
1.686276553556275,0.2058592024351451,e,0
0.27988825604858913,-0.5684967994952506,e,0
1.4608557428057654,0.03918383583433929,e,0
0.7861907503516778,-0.8127197733204405,e,0
0.4052359952343137,-0.491664022457426,e,0
1.4898437353279648,-0.169154734471157,e,0
0.5290849490646183,-0.9169954399504127,e,0
1.3100966879102207,0.11570104436233686,e,0
1.8761908494915753,0.17916806123775086,e,0
0.486136337198843,-0.8431776028402586,e,0
1.1182078125979755,-0.6705160677193165,p,0
1.3827508144510785,-0.23235122980186537,e,0
1.0114078773574005,-0.9422729708885019,p,0
0.8134966821974159,-0.7443067950607831,p,0
1.2520856831047855,0.26618624269211244,e,0
0.2954449356148863,-0.9746105242294284,e,0
1.8443143856855515,0.2728210704709595,e,0
0.43961310292917916,-0.7272912923774427,e,0
1.6077470203608089,0.12932647979455641,e,0
0.39852891112430117,-0.994998189905329,e,0
0.4600100822990261,-0.722147579641825,e,0
0.1860259627368065,-0.9193912663113836,e,0
0.4293121668788062,-1.0908951016553345,e,0
1.5267345783237072,-0.09518400743194563,e,0
1.4118598840035277,-0.2903416789237153,e,0
0.1476393328854802,-0.9085799296645626,e,0
1.7586457452035902,0.12370987689429602,e,0
0.8719362011934992,-0.6928356619192025,p,0
1.3412926687845756,0.1807744918044867,e,0
1.0084667689317925,-0.8057692790105961,p,0
0.5424907811675765,-0.6478936400781222,e,0
0.31176471985461324,-0.6621498087284592,e,0
0.8036606887583229,-0.932757340812772,p,0
0.19082049644929755,-0.9248989954959242,e,0
0.5934375538479393,-0.8444649807192307,e,0
1.507805428027401,-0.22066165617689723,e,0
0.6139786460959642,-0.976648824764388,e,0
0.8076990619278444,-0.9164991300068482,e,0
0.4110787098290016,-0.7332055277756886,e,0
0.5376962474550855,-0.6423859108935815,e,0
0.9837071569329128,-0.9125862384602991,e,0
1.1627212436620973,-0.8259519206058311,e,0
0.4648046160115172,-0.7276553088263656,e,0
1.815186654105622,-0.23921512895971273,e,0
1.5756210283220915,0.3106227629535262,e,0
1.7711724810491445,-0.05463533769881701,e,0
0.539888238054264,-0.838272262341068,e,0
1.886106296989394,0.010232207157092332,e,0
1.2130425040270376,-0.07691410265790102,e,0
0.5552468771432946,-0.4858862959237026,e,0
1.4123866954334854,-0.2808693264907691,e,0
0.14412067179079335,-0.8207556223605939,e,0
1.519390468236846,-0.23897211302370144,e,0
1.2460920059966014,-0.27653011702464814,e,0
0.35381477979395787,-0.9869558502422641,e,0
1.420112323637005,0.18499014917270368,e,0
1.5854593284451195,0.1601002978841345,e,0
1.3053021541977294,0.12120877354687756,e,0
0.6343816996432559,-0.9031753737536244,e,0
0.4152426889879763,-1.093269817407196,e,0
0.3891945287836874,-0.32986080002526663,e,0
0.6662581634492801,-0.9968283829868331,e,0
1.513921903594597,-0.07762963903790107,e,0
1.684294206449732,0.2050053612972867,e,0
1.611191318201204,-0.04834360614743183,e,0
0.359766411803827,-0.6846214821944937,e,0
0.4492693865336463,-1.0917842125712165,e,0
0.8564538440090286,-0.91718411920047,e,0
1.1506009231543965,0.28772637211994645,e,0
1.3516266174454572,-0.2178655526469114,e,0
0.4839134692174209,-0.7420113341421395,e,0
1.4259966568427553,-0.2514203564679137,e,0
1.6816254090583054,0.19277550141455768,e,0
0.5644128577858445,-0.7449952946628977,e,0
1.5336572903556929,-0.19953188018629717,e,0
0.6218319009385556,-1.1649680358832648,e,0
0.6172448349971484,-1.052997286621871,e,0
1.501237924523237,-0.25446678489106633,e,0
0.4087546563290005,-0.579488329761395,e,0
1.4107144538252168,0.17979620985697042,e,0
1.7682369688839858,0.020630363051523937,e,0
0.5953606539518344,-0.6496525588714496,e,0
1.5335570576825468,-0.36379799860130857,e,0
0.5061195515265884,-0.8447115922062732,e,0
0.8161079705451513,-0.7537161555732375,p,0
0.5800246251835308,-0.4929280144742577,e,0
1.4176667811726478,-0.2780488271204945,e,0
0.6904014956494213,-0.7611586233020343,e,0
1.2783966843704349,-0.3128183538308229,e,0
1.0534013698499776,-0.0083246508105205,e,0
0.7677475543006596,-0.9740019256008422,p,0
0.5959950697919296,-0.8923640371068035,e,0
1.8710330755737818,0.17642468993512023,e,0
1.6379744762071302,0.3856063931626247,e,0
1.6343273749814076,-0.03696146520658075,e,0
1.5228510928679393,0.38982101992851853,e,0
1.5718282896426967,0.14931988613405112,e,0
0.866427128434953,-0.8023461664127175,p,0
1.411569726335145,-0.19161675876334758,e,0
1.217837037739529,-0.08242183184244176,e,0
1.707184143523552,-0.3070617630301231,e,0
0.3736592993058165,-0.6939897037701177,e,0
1.487592240301467,-0.06865169106748789,e,0
0.6015329367596971,-0.5967073711606653,e,0
0.49069831921329204,-0.9061841033035917,e,0
1.529345866671443,-0.10459336794440002,e,0
1.340264580228802,-0.2461629521765398,e,0
0.625970566880385,-0.5842063079556049,e,0
0.7968174489524833,-0.7457395330385814,e,0
0.2794744910064875,-0.5751745015968828,e,0
1.83951985197306,0.27832879965550017,e,0
1.5833337160738732,0.1590258554585514,e,0
0.9845728732779782,-0.6546616867187636,p,0
1.4580599005878434,0.18535014221241736,e,0
0.4679062645012166,-0.9952434182253024,e,0
1.4802236196122245,-0.3292263833708382,e,0
0.299454457771347,-0.7497945909562329,e,0
0.3165852482400096,-0.668302416363132,e,0
1.738779774236695,0.21415650609322268,e,0
1.64474945189905,-0.21623764900519607,e,0
0.6136167213223662,-0.498231621936538,e,0
1.1756938043906249,-0.8269272674734294,p,0
0.5465837384843237,-1.2455907299100155,e,0
1.7336220003189016,0.21141313479059204,e,0
1.6080784543805346,-0.11707691058744682,e,0
1.3143154150885474,-0.33281176017031755,e,0
1.5466627185553583,0.25818659387630066,e,0
1.5692380786881137,0.14006068837373348,e,0
1.7004969555632978,0.17730429022569938,e,0
1.5371588114967627,-0.36652424670425165,e,0
1.2882480488950192,0.1353035327653802,e,0
1.4811806019961926,-0.013684401306694544,e,0
1.6032839206680434,-0.11156918140290609,e,0
1.5389296250330222,-0.2351473333318512,e,0
1.2120301405704088,-0.09471468364566257,e,0
0.9342167266986401,-0.8547545908578559,p,0
1.346628015481499,-0.054360299683149566,e,0
1.5409304727830047,-0.18655281161200452,e,0
1.729380569745302,0.20795352561505018,e,0
1.6697374739712385,-0.08867684305505827,e,0
1.3389153277297172,0.09723660781182522,e,0
1.2839621469108096,0.17253323345890384,e,0
1.5050095858094794,-0.0744953497988192,e,0
1.7852265493057922,-0.12484069203292233,e,0
1.6827708392366163,-0.27736238736612806,e,0
1.2936781352124687,0.021933640321868092,e,0
1.3738566763676374,-0.25146655963882003,e,0
1.142224150975383,0.12858163705590178,e,0
1.2121524523917777,-0.09463755557801865,e,0
1.8003002126290741,0.4574008617318551,e,0
1.377771726868401,-0.09008655475170105,e,0
-0.6820700982531596,2.791012806566363,p,1
1.1006361770207833,-0.716955192408859,p,0
1.385847654825485,-0.2334323617595044,e,0
0.765793770981831,-0.8178634860560583,e,0
1.4388844766381987,-0.3294504151001647,e,0
1.771679110468968,-0.06497566741677371,e,0
1.3710413197684346,-0.08405967534714456,e,0
1.5908165615590724,0.14450740824314218,e,0
1.540928316527592,-0.09448875613831384,e,0
1.346832083732966,-0.21235782346237067,e,0
1.7041678886661362,-0.14270266892850278,e,0
1.6738721295320895,0.38428154509590207,e,0
1.3832363664777496,-0.22402300124705007,e,0
1.401907576373243,-0.28757732104180533,e,0
1.5169614065101418,-0.02967422712332174,e,0
1.7163629353754513,-0.2826659948284084,e,0
1.3924045607039204,-0.2461167490056335,e,0
1.2737455398724653,-0.3259020548514102,e,0
1.428605788935078,-0.1687656615066774,e,0
0.7725420880131506,-0.9795096547853829,p,0
1.7497754316196241,-0.18929505613644212,e,0
1.1730825160428895,-0.817517906960975,p,0
1.5446813851866563,0.18835149424285652,e,0
1.6861994061814845,0.22427259144641187,e,0
1.2391770450264488,-0.13374629175446798,e,0
1.4661200458056138,-0.14283571926690666,e,0
1.7778833737678297,-0.03942163918977598,e,0
1.4077789416600581,0.2550619106073113,e,0
1.5096182309721797,0.05574482571982464,e,0
1.4960801506054435,-0.257210156193697,e,0
1.413544820132841,0.15118502045853457,e,0
1.5026476541096074,-0.22340502747952787,e,0
1.7663779473366532,-0.04912760851427628,e,0
1.7463701501671083,0.06248247053060396,e,0
1.3645977780962406,0.27138097643867304,e,0
1.5098222992236467,-0.10225269805939649,e,0
1.5769702808211763,-0.03277679703483882,e,0
1.6220678033911882,-0.028374435172618784,e,0
1.5239965230462507,-0.08031686885216724,e,0
1.63981242036131,0.4740329230011969,e,0
1.731436598698733,0.299575558936369,e,0
1.209216940226619,-0.019371854827677698,e,0
1.302244330211202,0.19639734622957453,e,0
1.600265509555215,0.1448539681724048,e,0
1.5618788797038887,0.15566530481922583,e,0
1.538745071162836,-0.09839038746622761,e,0
1.6771432960314652,-0.10359393275205339,e,0
1.3325345343511525,-0.16538952224165818,e,0
1.7642732884087413,-0.05005857771977862,e,0
1.447780770977053,-0.40239914073690064,e,0
-0.730537234265646,2.711677865242347,p,1
1.586022027846581,0.1500151374276829,e,0
1.5807224277261378,0.16843521597100578,e,0
1.2390547332050799,-0.1338234198221119,e,0
1.735008112950453,0.034185071000975564,e,0
1.2383598038635388,-0.10369263161607581,e,0
1.4494937055891102,0.010886436304710922,e,0
1.6243157275838034,-0.02722286467939178,e,0
1.6401598778272988,0.29744396901684766,e,0
1.6225533554178593,-0.02004620661780343,e,0
1.4370441171183463,0.17081826188655716,e,0
1.6105441972583356,-0.015830785421082433,e,0
1.3791367621067998,-0.2486460602685455,e,0
1.868421787226046,0.18583405044757467,e,0
0.6758732255471676,-1.0084887198060466,e,0
1.4440636192716607,0.12425632874822307,e,0
1.6014257905099838,0.4848442596480179,e,0
1.4455953693568844,-0.31423671659112373,e,0
1.401268775614756,0.1722202380209237,e,0
1.6814820198437836,0.21136693161968584,e,0
1.2887566806233008,0.16702550427436313,e,0
1.64495441153979,0.291936239832307,e,0
0.48478458277637665,-0.9022753981857158,e,0
1.807454451972559,-0.06637764355114037,e,0
1.1720445858279755,-0.0566934054986257,e,0
1.7571190490652564,0.4737199275632168,e,0
1.8116958825461589,-0.06291803437559837,e,0
1.551456360878576,-0.41349254792496426,e,0
1.2072356068579175,-0.08920695446112184,e,0
1.6028301748269487,0.13475708091145322,e,0
1.7733092526948326,-0.05210669772877741,e,0
1.1854053145392005,0.11226257122454007,e,0
0.6405607232340054,-0.4213408650352045,p,0
1.4728249216322955,0.15482843606992996,e,0
1.4454052604926022,-0.012282425172327999,e,0
1.479862194423817,0.012121738867393872,e,0
1.3426091538028062,-0.16807675205592434,e,0
1.4648508997260266,-0.34667946355774937,e,0
1.878374094856331,0.18306969256566458,e,0
1.4983024123580788,-0.17920108414072541,e,0
1.3121321697237915,-0.3367133914982312,e,0
1.3095208813760562,-0.3273040309857769,e,0
1.388030900190241,-0.2295307304315908,e,0
1.4034541772349245,0.08405781387514674,e,0
1.4844517684955683,-0.5015598791546501,e,0
1.3678457109470503,-0.10576188766281971,e,0
1.5693603905094826,0.1401378164413774,e,0
1.3438965715678077,-0.13709212271202978,e,0
1.4275181456972317,0.1700730594757086,e,0
0.4519358198928179,-0.5958073955927566,e,0
1.6947656011802177,0.3987362973541183,e,0
1.5048699158622427,-0.14539595542655634,e,0
1.3511753488015394,0.00638695385178209,e,0
1.3779562807385872,-0.22684350061732464,e,0
1.8831707848242354,0.08549790790743317,e,0
1.3653799680692493,-0.20700801282918405,e,0
1.2639800121812446,0.20728581094403947,e,0
1.4851422801629794,0.014942238237668382,e,0
1.7384165340313928,0.2059054056060513,e,0
0.5305159601406966,-0.47937794562665237,e,0
-0.958447242326562,2.7339825113727017,p,1
1.741575616454617,0.06799019971514464,e,0
1.6745320076837298,-0.09418457223959906,e,0
0.8910355631348226,-0.838435525026494,p,0
1.6712654128054394,-0.28706835669062847,e,0
1.6273478891303506,-0.025553935802344163,e,0
1.2410934040326431,-0.11302486406088627,e,0
1.639485148899201,-0.034218093903950114,e,0
1.3070388639236932,0.1908896170450338,e,0
0.4258655263022026,-0.42902153844301605,e,0
1.776330254966938,-0.05189196639618637,e,0
1.7398599841218056,-0.020359202055783565,e,0
1.7024956470578676,0.31796286741923674,e,0
1.5644435449756224,0.1455684175582742,e,0
0.3503941338902596,-0.32572716548007785,e,0
1.4135287966865782,0.08137058406088059,e,0
1.5040705390700126,-0.5257515256341044,e,0
1.4456102201333423,0.4958914636651751,e,0
1.6760599465179307,-0.29257608587516915,e,0
1.4419609626522065,0.16538766076966038,e,0
1.256166625448255,-0.2792173468389143,e,0
1.117096960003164,-0.14659412540471914,e,0
0.4477497073475168,-0.8323662661934376,e,0
1.6416865739656326,-0.05256608165207305,e,0
1.7617268028386832,-0.06221130953486362,e,0
1.3241667796131318,0.11531012642588553,e,0
1.475187816277282,0.1097706515932691,e,0
1.5488378703161658,-0.12332723635653028,e,0
0.38281980999138604,-0.8802887084431507,e,0
1.3919347914165627,-0.06960492308892816,e,0
1.679691937856936,-0.18350525641065893,e,0
1.407901253481427,0.25513903867495524,e,0
1.4501997942050935,-0.01779015435686873,e,0
0.555050923996613,-0.8336536440724097,e,0
1.4401251747534398,-0.015102924542602564,e,0
1.6437710508834107,-0.07144779459747361,e,0
1.5959407451300813,-0.02615012855975976,e,0
1.514616832936138,-0.10776042724393728,e,0
1.5448036970080252,0.18842862231050045,e,0
1.6464811076781238,-0.058073810836613754,e,0
1.6831360817503762,-0.22704898565201706,e,0
1.6032817644126303,-0.01950512592921541,e,0
1.568892777477538,0.224585586884392,e,0
1.475882745618823,0.079639863387233,e,0
1.5045066756569405,-0.15364705591372765,e,0
1.8326464457224556,0.18723602658194122,e,0
1.506886787058488,-0.02698699730905557,e,0
0.4797805711564685,-0.5574588135305596,p,0
1.7344528535561488,0.1352164648347488,e,0
1.7298503390326596,0.03144169969834493,e,0
0.9747368798388851,-0.8431122324707526,p,0
1.6656378696002883,-0.11329990207655369,e,0
1.6977011133453763,0.3234705966037774,e,0
1.3967866625879157,-0.12414919614568734,e,0
1.2899021108016118,-0.3031123845063226,e,0
1.3989720642080843,-0.2123116202914643,e,0
1.6446069540738013,0.46852519381665625,e,0
0.7074911429822444,-1.1589956218679152,e,0
1.345895263062377,0.003566454481507525,e,0
0.561561090041915,-0.7508119714860221,e,0
1.60762470853944,0.1292493517269125,e,0
1.1465510716559293,0.20752167831437565,e,0
1.247951027543934,-0.20677214545884784,e,0
1.2342601994925886,-0.12831569063757123,e,0
1.485975135708684,-0.019192130491235276,e,0
1.717886302588567,0.19970175383500643,e,0
1.3364263512033507,0.1067230963919236,e,0
1.4247223034793102,0.3162393658537866,e,0
1.4244678044490084,0.19065374967469764,e,0
1.5437263150009266,-0.3327191179900826,e,0
1.6775065362367674,-0.09534283226488202,e,0
1.415055492824912,-0.26863946660804017,e,0
1.4519314499841673,0.14037368381171358,e,0
1.486164703107625,-0.0882743021130383,e,0
1.3794851109620616,0.24093639836382946,e,0
1.1542811175335792,0.12674824837949406,e,0
1.770477551707603,-0.024504549492780858,e,0
1.2271200784682526,-0.13191290307806028,e,0
1.4429862372645617,-0.39689141155235996,e,0
1.5025598663779418,-0.10592703856752947,e,0
1.777636173375379,0.026833343529696463,e,0
1.379280151321321,-0.2672374904736735,e,0
1.5730097399743561,0.32003212346598064,e,0
1.0826665453082662,-0.09256829953127474,e,0
1.6627023574351296,-0.03803420132621277,e,0
1.7126062168494045,0.19688125446473187,e,0
1.744147888414473,-0.015526601522367622,e,0
1.179307018673681,-0.05301906499049272,e,0
1.7690678221212326,-0.05556630690431935,e,0
1.115894487682253,0.13755958502631505,e,0
1.4102609591124207,-0.2631317374234995,e,0
1.5192019893337594,-0.07480913966762656,e,0
1.327860156204617,-0.06774060951578284,e,0
1.2653843964982099,-0.1428013677925252,e,0
1.6059112324620417,-0.05116410551770645,e,0
1.6434078106781085,-0.07969889508464509,e,0
1.448858152984152,0.11874859956368233,e,0
1.5976542212074791,0.15426332868485929,e,0
1.446635340798742,0.06773874804378502,e,0
1.313239987594131,-0.20705421600009036,e,0
1.8022966780547656,-0.06912101485377095,e,0
1.3267780679608672,0.10590076591343117,e,0
1.354110860966698,-0.0688787468985588,e,0
1.5807419421074187,0.14719463805740834,e,0
1.3569067031846196,-0.21504505327663684,e,0
1.5712185206675422,-0.45627562460954674,e,0
1.317131663077023,0.16595276815473106,e,0
1.3051798423763605,0.12113164547923364,e,0
0.5949468889097329,-0.6563302609730818,e,0
1.6952332142121627,0.31428852691110376,e,0
0.33527266945449025,-0.6831783671232967,e,0
1.7379436251156113,-0.04108062974936538,e,0
1.7137516470277159,-0.27325663431595404,e,0
1.11559652425024,-0.6611067072068622,p,0
1.5335872972450426,-0.10113375876885825,e,0
1.8031296875474252,-0.23738174028330503,e,0
1.8343599217998536,0.36764948382656026,e,0
1.3418334817690076,-0.04885257049860883,e,0
1.6010985190478748,-0.023406757257129124,e,0
1.4729472334536644,0.15490556413757386,e,0
1.5218132776814948,-0.0842185001800809,e,0
1.2729125303798055,-0.15764132942187634,e,0
1.7481820617226136,-0.32728246018939844,e,0
1.7302135792379618,0.0396928001855163,e,0
1.5418855429687348,0.3345178006209346,e,0
1.5435577845770034,-0.1261477357268048,e,0
1.5337718511152287,-0.23789070463448184,e,0
1.5305061476262118,0.235396923531213,e,0
1.5803973125194415,-0.431879856407832,e,0
0.6003665167219885,-1.1459653066614575,e,0
1.4678254282790641,-0.34783772358303233,e,0
1.8295653880873621,0.37315721301110094,e,0
1.646966659704795,-0.049745582281798484,e,0
1.702355977110631,0.24706226179149957,e,0
1.5670548333233578,0.13615905704581982,e,0
1.3786512100801287,-0.2569742888233608,e,0
1.667496891147621,-0.0435419305107535,e,0
0.8621002077544062,-0.8812862076711913,p,0
1.5928596874949879,0.1597710578694,e,0
0.6539418271885691,-1.1528029034897525,e,0
0.5219046617502294,-0.7539874746834836,e,0
1.4031067197689358,0.260646767859496,e,0
1.5671771451447267,0.13623618511346375,e,0
1.4975267403242802,-0.0599769025834099,e,0
1.3390376395510861,0.09731373587946915,e,0
1.7279913174853265,-0.03831627186745529,e,0
1.215225749391793,-0.07301247132998737,e,0
-0.7214054604220765,2.7917559793743565,p,1
1.6308810748325546,0.09864631950846797,e,0
0.6104599850012773,-0.8888245174604189,e,0
0.9368280150463755,-0.8641639513703102,p,0
1.3880513059607948,0.4154001042715359,e,0
1.5738298090152776,-0.46568498512200107,e,0
1.5687704656561692,0.22450845881674808,e,0
1.3493163272542068,-0.06337101771401807,e,0
1.1806107808267092,0.11777030040908079,e,0
1.1457149225348455,-0.04771545752821241,e,0
1.73314909140312,-0.03557290056482465,e,0
1.6005918896280509,-0.013066427539172337,e,0
1.6427690099196215,0.38009866397808395,e,0
1.6045514115394246,0.10762426747888124,e,0
1.8171030131118158,-0.21849370126613096,e,0
0.9320334813338842,-0.8586562221857695,p,0
1.6399549181865587,-0.21072991982065534,e,0
1.4029844079475668,0.26056963979185205,e,0
1.2388295731508965,-0.2802044575327811,e,0
1.108164441804603,0.21833301496119664,e,0
1.508865072782504,-0.5312592548186451,e,0
1.6796897816015233,-0.09144120093696836,e,0
1.8192862584765719,-0.2145920699382172,e,0
1.674895247889032,-0.08593347175242758,e,0
1.6428913217409904,0.3801757920457279,e,0
1.6416705505193696,-0.12238051804972708,e,0
1.3373290680636438,-0.1708972514261989,e,0
1.0804259624846486,-0.04743338698696989,e,0
1.1832220691744446,0.10836093989662635,e,0
1.2550211952699442,0.19092054194177152,e,0
1.3123371293645316,0.17146049733927177,e,0
1.3325323780957394,-0.0733254667679675,e,0
1.6707956435180817,-0.110556530773923,e,0
1.4681526997411731,0.16041329332211457,e,0
1.2938004470338376,0.02201076838951202,e,0
1.576622823355188,0.14381215694951038,e,0
1.536689042209405,-0.1900124207875464,e,0
1.4680303879198042,0.1603361652544707,e,0
1.4870757513643489,0.3912229960628851,e,0
1.7881620614709504,-0.20010639278326323,e,0
1.4542882393016014,0.0053787071201702175,e,0
0.31947187788195136,-0.3199643184267521,p,0
1.393782660343875,0.19396809714311694,e,0
1.5645658567969913,0.14564554562591814,e,0
1.447136916271676,0.1458814129962543,e,0
1.274505900276816,-0.019653925368920216,e,0
1.672348762318974,-0.0980862035675126,e,0
1.8732163209385375,0.18032632126303394,e,0
1.725292124648794,0.18478466413801126,e,0
1.6028141513806857,0.06494264451379919,e,0
1.64754246623896,0.3932594930663153,e,0
1.8007699819164318,0.2808890358151498,e,0
1.5074421878220987,-0.2289127566640686,e,0
1.429766069889847,0.17122462996893556,e,0
1.3686787204397102,-0.27402261309235365,e,0
1.7853662192530289,-0.05394008640518516,e,0
1.4173164814190835,0.33115645555078177,e,0
1.7204975909363027,0.190292393322552,e,0
-0.7408537074743329,2.796680430477566,p,1
1.2731165986312725,-0.3156388532010975,e,0
1.4458003289976245,0.19393717224637935,e,0
1.3662467860559433,-0.07855194616260383,e,0
1.773864512089137,-0.15313809156255073,e,0
1.337814620090315,-0.1625690228713836,e,0
1.876660618778933,0.0026562353210456413,e,0
1.6502344972789524,0.29475673920258155,e,0
1.4221110151315748,0.32564872636624104,e,0
0.5572325704714554,-0.5819873293959685,e,0
1.8143071708938943,-0.07232739488805282,e,0
1.580602272160182,0.0762940324296712,e,0
1.137984876657196,0.03305797240666922,e,0
1.6823010699492587,-0.1008505614494227,e,0
1.6464650842318609,-0.1278882472342678,e,0
1.7245860360328107,0.21346125479959088,e,0
1.282010736714714,-0.2965235233641428,e,0
1.4049808733732583,-0.265952236793774,e,0
1.8399896212604177,0.10181697373879489,e,0
1.7754507717552104,0.11499576767547337,e,0
1.3440362415150444,-0.06619151708429263,e,0
1.5822503665603387,-0.029956297664564258,e,0
1.5587999783242084,0.24952243577469488,e,0
1.29847266892496,0.01642591113732736,e,0
1.2484365795706052,-0.1984439169040326,e,0
1.4160127192660552,0.16036709015120826,e,0
1.3363040393819818,0.10664596832427967,e,0
1.559269747611566,0.07301060985798954,e,0
1.6024509111753835,0.05669154402662785,e,0
1.521940044611216,-0.08967627824740496,e,0
1.3852350579723194,-0.08336442405351277,e,0
1.5826009636547513,0.2169526096232085,e,0
1.2846220250624494,-0.3059328838765971,e,0
1.2655067083195788,-0.14272423972488127,e,0
1.7365575124840602,0.13614743404025115,e,0
0.967694555002818,-0.7476297067583502,p,0
0.5445061813779146,-0.8555229288530942,e,0
1.4059199201127255,0.18530393904151113,e,0
1.7730888400553384,-0.03391391000523525,e,0
0.6944999425723435,-0.5073425503353516,p,0
1.3463968385353116,0.0817091194339769,e,0
1.4997121419444492,-0.14813932672918698,e,0
1.7115110642040983,-0.22812172177164922,e,0
1.2073579186792864,-0.08912982639347791,e,0
0.6971229907523864,-1.1691219693211141,e,0
1.3693923118087319,0.2658732472541323,e,0
1.3437098614422085,0.09172887862728452,e,0
1.188016602886936,0.10285321071208563,e,0
1.7830411476856232,-0.03667826788714529,e,0
1.3830518126075635,-0.08726605538142648,e,0
1.379954972233157,-0.08618492342378734,e,0
1.5417458730214981,0.26361719499319747,e,0
0.8378764920227195,-0.6030842840139077,p,0
1.7768000242542952,-0.22840379231289173,e,0
1.7756353256253965,-0.02176117819015022,e,0
1.1908124451048574,-0.04331309566599237,e,0
1.4969162997265273,-0.0019730203511089395,e,0
0.2562732942075296,-0.7334755251248714,e,0
0.47224344969685345,-0.8338093812646344,e,0
1.2104312156793018,-0.06750474214544669,e,0
1.3352659782648437,-0.08265769921277791,e,0
1.6404722985129498,-0.004433194334304058,e,0
1.2930425826075105,0.1297958035808395,e,0
1.4899368138754707,0.009434509053127649,e,0
1.6032999441143063,-0.04175474500525206,e,0
1.675730259690149,-0.21213189595502188,e,0
1.5224098138985735,-0.2661881041641102,e,0
1.583681173539862,-0.017563098525797793,e,0
1.0874610790207575,-0.09807602871581542,e,0
0.7432078690197035,-0.46433152932973165,p,0
1.3776260894147285,0.17117842679802925,e,0
1.4504047538458336,0.4903837344806343,e,0
1.5352997899494296,-0.4362822182700521,e,0
1.2314469991487988,-0.05297286181958641,e,0
1.5758055821922776,0.17386581708790255,e,0
0.5273693167318074,-1.0053448417213409,e,0
1.3909868181259535,0.340134403521195,e,0
1.1493469138738512,0.061355371936297615,e,0
1.5298156359588002,-0.28110519386110533,e,0
1.488350104727794,-0.17643672625881532,e,0
1.7045311288714384,-0.1344515684413313,e,0
1.6192719611732667,0.1177918712054592,e,0
1.506681827417748,-0.5351608861465588,e,0
1.6915566392954373,0.20867970180541967,e,0
1.740776239662387,-0.3123653704924034,e,0
1.2701810864661138,-0.24037315245075655,e,0
1.5793148543951805,0.045309403085776634,e,0
1.3825662605808924,-0.09559428393624178,e,0
1.3193722459006405,0.12081785561042624,e,0
1.349008126883047,0.07229975892152252,e,0
-0.8869783272677154,2.8105637141628472,p,1
1.2118400317061266,0.20723960777313324,e,0
1.363051177234559,-0.10025415847827904,e,0
-1.0259233950828859,2.5030784222933185,p,1
1.479657234783077,-0.4960521499701094,e,0
1.5363831394629641,-0.24730006514693623,e,0
-0.7215216866923642,2.7907321982253888,p,1
0.8388114991011582,-0.27861474868849345,p,0
1.6446060626845282,-0.1976462188000679,e,0
1.606220324222475,0.47933653046347724,e,0
1.4495708529639006,-0.007526952706555873,e,0
1.61186613911304,0.13270896090245438,e,0
1.538381830957534,-0.10664148795339892,e,0
1.7985845802962632,0.3690514599609268,e,0
1.7174007505618958,0.19137352528019114,e,0
1.3050401724291238,0.05023103985149649,e,0
1.8415163173987514,-0.24819307693012602,e,0
1.2343825113139575,-0.1282385625699273,e,0
1.7250558053201683,0.03694942888288566,e,0
1.3455446659679644,-0.24334245280626524,e,0
1.6380967880284991,0.3856835212302686,e,0
1.8343620780552665,0.27558542835286953,e,0
1.0833614746498073,-0.12269908773731084,e,0
1.243276649397399,-0.10912323273297261,e,0
1.301530492911487,-0.058762661545369604,e,0
1.3878463463200548,-0.09277378456596722,e,0
1.4710882119063318,0.08514759257177368,e,0
0.48169138766992764,-0.09959615885720677,p,0
1.572175747108685,-0.02726906785029809,e,0
1.2872908224538764,-0.2937030239938683,e,0
1.6653114895274523,0.04462049363502357,e,0
1.2455755170594833,0.18334457010572483,e,0
1.6146619813309615,-0.013457345475623661,e,0
-0.7306534605359338,2.7106540840933793,p,1
1.5165331919423324,-0.0870389995503554,e,0
1.5252078821853734,0.25482604323697516,e,0
1.4386593165840154,-0.47583145281083405,e,0
1.1541414475863425,0.05584764275175688,e,0
-0.9901284876340928,2.502069229783485,p,1
1.7015566003184008,-0.13329330841604844,e,0
1.23132468732743,-0.05304998988723028,e,0
1.4311544307605488,-0.2486769851652831,e,0
1.7433875280101223,-0.32177473100485776,e,0
1.7413520461965515,0.13063970485571044,e,0
1.699373354953645,-0.137194939743962,e,0
1.7955056789165826,0.4629085909163958,e,0
1.321983534248376,0.1114084950979719,e,0
1.2851075770891205,-0.29760465532178193,e,0
1.307161175745062,0.19096674511267775,e,0
1.5027910433241292,-0.24199645768465597,e,0
1.174655874175711,-0.06610276601108003,e,0
1.5272043476110648,-0.271695833348651,e,0
1.1513456053684206,0.20201394912983495,e,0
1.5779265855082163,0.31460152234908384,e,0
1.308097996415651,-0.02495753283120053,e,0
1.488347948472381,-0.08437267078512464,e,0
1.2985949807463288,0.016503039204971287,e,0
1.4410057952851332,0.19944490143092009,e,0
1.3169267034362828,-0.342221120682772,e,0
1.7690699783766457,-0.14763036237800994,e,0
1.1768391195404668,-0.062201134683166376,e,0
-1.1272375598541935,2.5950068464518075,p,1
1.9150472486302592,-0.008155101325775349,e,0
1.662700201179717,0.05402985414747791,e,0
1.8758276092862733,0.1709169607505795,e,0
1.5254623812156751,0.3804116594160641,e,0
1.5361337828151007,-0.08898102695377316,e,0
1.772005490541804,-0.22289606312835106,e,0
1.7937900465837717,0.3745591891454675,e,0
1.2681179966673142,-0.1521336002373356,e,0
1.619942067070124,-0.010636846105349096,e,0
1.5349734098765937,-0.27836182255847464,e,0
-1.1983708733761567,2.519592294241067,p,1
1.3539711910194614,-0.13977935252629595,e,0
1.4909592368201163,-0.09378203129757903,e,0
1.617273269678697,-0.02286670598807805,e,0
1.5411776731754554,-0.25280779433147693,e,0
1.2853125367298606,0.2105692335157212,e,0
1.3468484281209931,-0.07255308740669178,e,0
1.7327858511978178,-0.04382400105199602,e,0
1.8369712101475895,0.3582401233141058,e,0
1.3647200899176095,0.27145810450631697,e,0
1.540946496229268,-0.11673837521435046,e,0
1.7824307070878702,0.02132561434515573,e,0
1.746509820114345,0.13338307615834108,e,0
1.846310851111243,-0.2537008061146667,e,0
1.5968213656617747,0.1883976974137629,e,0
1.4572237514667596,-0.06988699363017067,e,0
1.090072367368493,-0.1074853892282698,e,0
1.8049079664025014,-0.0785303753662254,e,0
1.53344165979137,0.16013122278087205,e,0
1.3649101987818917,-0.030496186912478768,e,0
1.636510620346163,-0.03305983387866704,e,0
1.474805363611724,-0.44150787691335025,e,0
0.46523615617719966,0.05552936147332024,p,0
1.2503700507719746,0.17783684092118413,e,0
1.7634402789160815,0.11820214770975532,e,0
0.34943401112356837,-0.9747704189560912,e,0
1.5323621215288583,-0.2689524620460203,e,0
1.624552046912429,0.12061237057573376,e,0
1.4585275136197884,0.10090237176940277,e,0
1.5797847156662759,-0.2818119187018401,e,0
1.1708303103752928,-0.008560518180856708,e,0
1.5805378738559517,0.3051921618366294,e,0
1.4445722509999424,0.15597830025720594,e,0
1.4061856211486161,0.16678963690402693,e,0
1.3871402577040715,-0.06409719390438748,e,0
1.6891349183466426,0.14900689069607098,e,0
1.2532311132830964,-0.20395164608857333,e,0
1.4770459464353416,-0.48664278945765505,e,0
1.3516891400179039,-0.12855155800790738,e,0
1.3511913722478028,0.07620139024943617,e,0
1.8472498978507101,0.19755536972061855,e,0
1.601303478688615,0.484767131580374,e,0
0.5517657253459154,-0.6400111951417201,e,0
1.4307911905552466,-0.2569280856524545,e,0
1.7984411910817413,0.3876428901660549,e,0
1.4442070084861824,0.10566489854309499,e,0
1.4949154519765449,-0.05056754207095557,e,0
1.6315760041740957,0.06851553130243188,e,0
1.5078399521171042,-0.10310653919725485,e,0
1.3023666420325708,0.19647447429721848,e,0
1.566423986955051,-0.45076789542500606,e,0
1.6826274500220946,-0.25877095716100007,e,0
1.3601156650694004,-0.02498845772793809,e,0
1.282496288741385,-0.2881952948093275,e,0
1.6247366007826152,-0.01614457528988983,e,0
1.509664449574734,-0.15090368461109702,e,0
1.4656502765182566,0.033676106649798615,e,0
1.5351783695173342,0.22981206627902834,e,0
1.4396554054660822,0.16140890137410271,e,0
1.4471208928254131,0.0760669765986003,e,0
1.5420078547901037,0.33459492868857854,e,0
1.467462188073762,-0.3560888240702037,e,0
1.7342324409166545,0.15340925255829108,e,0
1.7364156862814104,0.15731088388620468,e,0
1.647420154417591,0.3931823649986714,e,0
1.188201156757122,-0.03390373515353798,e,0
1.6159858519136954,-0.05385133533197256,e,0
1.309957017962984,0.044800438734599685,e,0
1.6080944778267976,-0.04726247418979279,e,0
1.4835534147598897,-0.07886494160058397,e,0
1.1409203888223542,-0.04220772834367173,e,0
1.478511804604766,-0.025914261189423554,e,0
1.1570769597515007,-0.01941805799858401,e,0
1.4928723260406294,-0.06583119169721327,e,0
1.4822812176518576,0.3967307252474258,e,0
1.1427794103696873,0.027550243222128484,e,0
1.5094959191508108,0.055667697652180714,e,0
1.2967359591989958,-0.05325493236082893,e,0
0.48584618994307976,-0.0835851928468326,p,0
1.7804320155933009,-0.11933296284838155,e,0
1.6096051505188684,-0.4670869612563677,e,0
1.4798600381684044,0.10418579434108444,e,0
1.3351436664434748,-0.08273482728042184,e,0
1.720259115352264,0.134521213541117,e,0
1.380440524259828,-0.07785669486897204,e,0
0.5617464244266728,-1.2409721116413572,e,0
1.573132051795725,0.3201092515336246,e,0
1.309035329349385,-0.33563225954059217,e,0
1.2754611722052762,-0.23755265308048198,e,0
1.5640642813240573,0.06750288067344884,e,0
1.7390269746291458,0.14790152337375034,e,0
1.530383835804843,0.23531979546356907,e,0
-0.8122063962628916,2.7211230088363885,p,1
1.4818404801478329,-0.4921505186421957,e,0
1.4060422319340944,0.18538106710915506,e,0
1.3906421885379763,-0.23894009094404514,e,0
1.578539182361382,0.16453358464309215,e,0
1.440800835644393,-0.30872898740658294,e,0
1.763910048203439,-0.05830967820694996,e,0
1.2966136473776269,-0.0533320604284728,e,0
1.4600563660135353,-0.3411717343732087,e,0
1.7493056623322665,-0.012783230219736985,e,0
1.2384821156849077,-0.10361550354843188,e,0
1.5048236972596885,0.061252554904365375,e,0
1.5438659849481633,-0.26181851236234543,e,0
1.4340899429257075,-0.32394268591562403,e,0
1.4846567281363083,0.006614009682853139,e,0
1.5494759188991476,0.18284376505831582,e,0
1.5835377843253402,0.0010283316793303077,e,0
1.4037665979205756,-0.21781934947600504,e,0
1.667860131352923,-0.03529083002358213,e,0
1.3908471481787168,0.26923379789345786,e,0
1.3055077854610684,-0.03421673059151811,e,0
1.6085800298534687,-0.03893424563497749,e,0
1.4459217494297203,-0.4721571123027011,e,0
1.5396245543745637,-0.2652781215378873,e,0
1.4824713265161398,0.09477643382863007,e,0
1.6060980124011062,0.4792594023958333,e,0
1.43594896447304,-0.2541847143498238,e,0
1.0468912038046754,-0.09116632339690808,e,0
1.4709659000849629,0.08507046450412975,e,0
1.4459226408189934,0.19401430031402328,e,0
1.546802388502595,0.32908719950403786,e,0
1.3027140994985595,0.019885520312869248,e,0
1.714446576369257,-0.30338742252199014,e,0
0.4442570409257351,-0.7451868373396011,e,0
1.7665213365511745,-0.0677190387194044,e,0
1.5778042736868474,0.3145243942814399,e,0
1.6144774274607754,0.12329960038999993,e,0
1.7715357212544467,-0.04638423721164564,e,0
1.4685857886834148,-0.04158959410054233,e,0
1.63349236318029,0.08923695899601364,e,0
1.6967620666059096,-0.12778557923150766,e,0
1.5759278940136465,0.17394294515554648,e,0
1.488077792328138,-0.06032346251267259,e,0
1.675590177230573,-0.11606425995846378,e,0
1.8447841549729092,0.09630924455425416,e,0
1.783367527758459,-0.19459866359872255,e,0
1.1930603692974726,-0.04216152517276542,e,0
1.27030124203207,-0.14823196890942195,e,0
1.7804298593378878,-0.027268907374690954,e,0
1.439777717287451,0.16148602944174664,e,0
1.7096520426567656,-0.29787969333744946,e,0
1.7750875315499082,0.10674466718830203,e,0
0.5114453296378882,0.050301106108054855,p,0
1.553632404028657,-0.12883496554107096,e,0
1.4887913836971598,0.47957239783381334,e,0
1.5047013854383195,0.06117542683672145,e,0
1.4921196097586233,0.0955987643071225,e,0
1.2701789302107012,-0.14830909697706587,e,0
1.4931446384402853,-0.18194445544335605,e,0
1.4087502864203498,0.15669274964307528,e,0
1.3116466176971204,-0.3450416200530465,e,0
1.5745203206826892,0.05081713227031737,e,0
1.8079242212599167,-0.2428894694678457,e,0
1.7421850556892113,-0.03762102057382344,e,0
1.686762105582946,0.2141874309899604,e,0
1.7676817094896815,0.12166175688529718,e,0
1.5046463456041772,-0.08274645028599051,e,0
1.3014081810901181,-0.05883978961301353,e,0
1.4833063383172573,-0.03142199037396429,e,0
-1.0183628683014878,2.508003913501484,p,1
1.3766688629735857,-0.2578281299612192,e,0
1.7288253103509976,0.30898491944882345,e,0
1.8420921239329167,0.1948119984179879,e,0
-0.7816571677091133,2.721390068643185,p,1
1.540094323661921,-0.44178994745459277,e,0
1.2457656259237655,-0.11860972131307088,e,0
1.39007576986923,-0.13936289465472837,e,0
1.3051624842504927,0.05030816791914042,e,0
1.5465404067339894,0.25810946580865674,e,0
1.274975620178605,-0.24588088163529728,e,0
1.3692055318696674,-0.26455026065940745,e,0
1.34650570366013,-0.05443742775079344,e,0
1.4759005162570302,-0.01650490067696911,e,0
1.5333193479700011,0.16005409471322818,e,0
1.2090946284052502,-0.019448982895321626,e,0
1.8424553641382186,0.20306309890515928,e,0
1.6454399635664612,0.3002644683871223,e,0
1.5204133484728821,0.2603337724215159,e,0
1.7668845767564767,-0.059467938232232925,e,0
1.6517611934172862,-0.05525331146633922,e,0
1.635675608545046,0.09313859032392727,e,0
0.293807138223484,-0.5785098995210068,e,0
1.640835538718252,0.003817906152867312,e,0
1.8059277558342253,0.2836324071177805,e,0
1.4750655044559131,0.10969352352562517,e,0
1.6494005963970195,-0.20315394798460865,e,0
1.7591155144909478,-0.052801949022409256,e,0
1.3440167271337635,-0.044950939170695176,e,0
1.5463354470932489,-0.25006442302884624,e,0
1.6317160866336717,-0.027552104694126306,e,0
0.8027802330219818,-0.20097270546565907,p,0
1.2901070704423518,0.20506150433118048,e,0
1.3805675690863226,-0.23625286112977903,e,0
1.5510211156809217,-0.11942560502861663,e,0
0.7274071411305048,-0.8070521494092373,e,0
1.8809853832040668,0.17366033205321013,e,0
1.444919708465931,-0.020610653727143297,e,0
1.6786666632445808,0.37877381591136133,e,0
1.4755352737432708,-0.06681830239108008,e,0
1.4227236119847404,0.17558078866024934,e,0
1.4238112552225868,-0.16325793232213667,e,0
1.401581196300407,-0.12965692533022807,e,0
1.5851918462319328,-0.4373875855923727,e,0
1.4412706049317507,-0.4852408133232884,e,0
1.3326546899171083,-0.07324833870032357,e,0
1.545725006495496,-0.19206054079654525,e,0
1.7435743079491863,0.20864877690868194,e,0
1.4444499391785734,0.155901172189562,e,0
1.3438944153123946,-0.0450280672383391,e,0
1.8026599182600676,-0.06086991436659958,e,0
0.3701345640336849,-0.6744951347412946,e,0
1.7752720854200943,-0.03001227867732159,e,0
1.7362311324112243,0.2940678297518283,e,0
1.078566940937316,-0.1171913585527701,e,0
1.6444846422524324,0.4684480657490123,e,0
1.4825936383375087,0.094853561896274,e,0
1.3407501322554731,-0.2378347236217245,e,0
1.7805716855405376,-0.04843235722064443,e,0
1.3695146236301008,0.26595037532177623,e,0
1.1522824260390094,-0.013910328814043332,e,0
1.525021102246309,-0.27559746467656465,e,0
1.5437445645160675,0.40427577218673477,e,0
1.5116813207709794,-0.032494726493596304,e,0
1.2772162030022227,-0.2910157941796021,e,0
1.3889881266313837,0.19947582632765765,e,0
1.5784809535132476,-0.45260128410141376,e,0
1.4113615747680852,0.14728338913062095,e,0
1.57760147030152,-0.28571355002975385,e,0
1.4249068573494963,0.17948241998816297,e,0
1.3713887772344233,-0.2606486293314938,e,0
1.4161561084805765,0.1417756599460802,e,0
1.4439413074502918,0.12417920068057914,e,0
1.6427479325264687,0.39876722225085603,e,0
1.561735490489367,0.17425673502435396,e,0
0.5566211569785695,-0.28094093654888486,p,0
1.628640492008937,0.1437812320527728,e,0
1.348691105280299,-0.1425998518965705,e,0
0.22768202905220297,-0.8334649648223523,e,0
1.539072342624945,0.40986062943891943,e,0
1.3861922844134622,0.34564213270573574,e,0
1.615842462699174,-0.035259905126844515,e,0
1.6869054947974678,0.19559600078483225,e,0
1.4418386508308376,0.16531053270201645,e,0
1.5020900970905842,0.07058478734917578,e,0
1.580600115904769,0.16835808790336185,e,0
1.1841015523861722,-0.0585267941750334,e,0
1.4060633093272472,0.166712508836383,e,0
1.7250536490647552,0.1290134843565763,e,0
1.4969141434711146,0.09009103512258178,e,0
1.6874219837345859,-0.26427868634554075,e,0
1.3463808150890482,0.011894683036322823,e,0
1.8011332221217338,0.28914013630232116,e,0
1.5936124037769939,-0.00165889813493586,e,0
0.6897054088598524,-0.5018348211508109,p,0
1.071304508091611,-0.12086569906090308,e,0
1.3941753742401803,-0.114739835633233,e,0
1.7417152864018537,0.13889080534288178,e,0
1.4947308981063587,0.08618940379466805,e,0
1.832176676435098,0.3637478524986465,e,0
1.5832114042525043,0.1589487273909075,e,0
1.3200671752421815,0.09068706740439014,e,0
1.5438668763374364,0.40435290025437876,e,0
1.4070653502910364,-0.28483394973917464,e,0
1.4700108298992327,-0.4360001477288096,e,0
1.341220884915842,0.10121536720738289,e,0
1.5198969186753004,-0.10493992787366266,e,0
1.5858823578993444,0.07911453179994576,e,0
1.5853968058726733,0.07078630324513047,e,0
1.6166606728255313,0.12720123171791364,e,0
1.837804219640249,0.18997939788457185,e,0
1.5810698851921265,-0.008153738013343403,e,0
1.7619135827777477,0.4682121983786761,e,0
1.6456300724307433,-0.0016898230316734209,e,0
1.408924371838369,-0.2150759781733744,e,0
0.5214815749677972,-1.0020810150535973,e,0
1.3042407956368938,-0.3301245303560515,e,0
1.7211574690879425,-0.28817372401294905,e,0
1.1138957961876832,-0.0030989921672222864,e,0
1.7152175051971403,0.18747189395227742,e,0
1.3304714445523524,-0.07714997002823723,e,0
0.43754025598094565,-0.3014824716239607,p,0
1.04427991545694,-0.08175696288445375,e,0
1.5309760088973072,-0.0917243982564038,e,0
0.6523652759472907,-0.987460161411209,e,0
1.6386132769656172,-0.0741911659001043,e,0
0.613059129303579,-0.3187033454781465,p,0
1.204300094692759,-0.013941253710780893,e,0
1.208904519540968,0.28250530852347416,e,0
1.4912856168929522,-0.25170242700915624,e,0
1.0756314287721573,-0.04192565780242921,e,0
1.4524292177542684,-0.06437926444563,e,0
1.9198417823427507,-0.013662830510316082,e,0
1.229609054994619,-0.14139939165815854,e,0
1.7776340171199663,0.11889739900338711,e,0
1.4344382917809693,0.16563977271675093,e,0
1.4885864240564197,-0.028601491003689722,e,0
-0.9661109181042677,2.7299379318830668,p,1
1.8191017046063858,-0.0778351240725936,e,0
1.5749901819537846,-0.2763041895172994,e,0
1.6764834178798254,0.3748721845834476,e,0
1.3860526144662255,0.2747415270779986,e,0
1.8783762511117439,0.0910056370919739,e,0
1.6833410413911163,0.281124903185486,e,0
1.8425987533527406,0.18447166870003112,e,0
1.6382868968927813,0.0837292298114729,e,0
1.607608685093177,0.059434915329258514,e,0
1.051542348302645,-0.07808262237632077,e,0
1.6029524866483176,0.13483420897909715,e,0
1.4657899464654933,0.10457671227753575,e,0
1.5213277256548237,-0.0925467287348962,e,0
1.3746905772495703,0.24644412754837017,e,0
1.8144917247640804,-0.20908434075367652,e,0
1.395340072869079,-0.3213824497559744,e,0
1.6579056674672257,0.05953758333201864,e,0
1.3099743760888518,0.11562391629469293,e,0
1.5504312402131764,0.014660167696425863,e,0
1.6426256207050998,0.3986900941832121,e,0
1.6197575131999378,0.1261200997602745,e,0
1.8164904162586504,-0.06842576356013916,e,0
-0.890531859261819,2.808393001593508,p,1
1.5976563774628922,0.062199273211168554,e,0
1.6811556397709477,0.36928732733126296,e,0
1.575545441348089,-0.37733558335107265,e,0
1.6416683942639565,-0.0303164625760364,e,0
1.8057409758951606,-0.24679110079575936,e,0
1.6238459582964457,0.1492889612373135,e,0
1.3491766573069701,-0.13427162334175521,e,0
1.4211999668748514,-0.15384857180968234,e,0
1.5366035521024584,-0.2654928528704784,e,0
1.605893052760366,-0.028914486441669857,e,0
-1.2027134697003343,2.515670865022835,p,1
1.6206369964116654,-0.04076763431138525,e,0
1.6267814704616044,0.07402326048697261,e,0
1.5023212740367715,-0.06548463176795064,e,0
1.3399171227628137,-0.0695739981921906,e,0
1.574034768656018,0.04248890371550207,e,0
1.5357705426097985,-0.09723212744094448,e,0
1.428932169007914,-0.3266860572182547,e,0
1.6844864715694272,-0.1890129855951996,e,0
1.7959754482039403,0.2863967649996905,e,0
1.2813508585630737,0.18194259397135829,e,0
1.2458879377451344,-0.11853259324542695,e,0
1.4507162831422116,-0.47766484148724175,e,0
1.4839968499846685,0.4850801270183541,e,0
1.2362415328612901,-0.058480591004127086,e,0
1.5888178700645026,0.0038488310496048728,e,0
1.571849367035849,0.13065132786127912,e,0
1.7412123762493148,0.059739099227973325,e,0
1.3740000655821587,-0.27005798984394813,e,0
1.4777991046250174,0.10036129108081471,e,0
1.8052712066078034,-0.07027927487905392,e,0
1.6194565150434528,-0.018965074660164394,e,0
1.3392221934212722,-0.0394432099861545,e,0
1.5348300206620724,-0.25977039235334665,e,0
1.7093256625839297,-0.1399592976258721,e,0
1.7185461807402072,-0.2787643635004947,e,0
1.5382361935038613,0.15462349359633135,e,0
1.5151023849628091,-0.09943219868912187,e,0
1.4067021100857342,-0.293085050226346,e,0
0.6166956227020461,-0.5920887528920069,e,0
1.4330317733788642,-0.3020629981967593,e,0
1.601615899374266,0.18288996822922218,e,0
1.5381138816824924,0.15454636552868745,e,0
1.7228704036999993,0.12511185302866268,e,0
1.2502266615574529,0.19642827112631225,e,0
1.3751604385206657,-0.0806771942392466,e,0
1.615356910672503,-0.04358813368165981,e,0
1.61337456356596,-0.044441974819518226,e,0
1.3152726415296903,0.09619479658893088,e,0
1.149486583821088,0.13225597756403473,e,0
1.678544351423212,0.3786966878437174,e,0
1.6356777648004586,0.0010745348502366747,e,0
1.6053864233405422,-0.01857415672371307,e,0
1.2508865397090927,-0.2820378462091888,e,0
1.4519154265379044,0.0705592474140596,e,0
1.5125999617398922,-0.22616938536143796,e,0
1.5825805578841974,-0.42797822507991823,e,0
1.7393533547019817,-0.01001887233782689,e,0
1.5346231101230299,0.33084346011280164,e,0
1.6737498177107206,0.38420441702825814,e,0
1.3390998815999033,-0.039520338053798426,e,0
1.9172304939950149,-0.004253469997861636,e,0
1.5323642777842714,-0.361016517519711,e,0
-0.9582273872847384,2.577346043083688,p,1
1.6048106168063772,-0.46157923207182705,e,0
1.699560134892709,0.39322856816957763,e,0
1.7276649374124906,0.11960412384412195,e,0
1.5466618271660848,-0.4079848187404236,e,0
1.3675332902613992,0.19611527568833212,e,0
1.660516955814961,0.050128222819564305,e,0
1.4776767928036485,0.10028416301317078,e,0
1.4381895472966577,-0.2993196268941286,e,0
1.2779111323437637,-0.3211465823856382,e,0
1.2679956848459453,-0.15221072830497953,e,0
-1.2829457899870595,2.531121464195658,p,1
1.5931893743227694,0.07932686794925287,e,0
-0.6627380774711908,2.7850645743141857,p,1
0.7767359341042717,-0.034831726766050675,p,0
1.4533402660109922,0.4151180337302935,e,0
1.274383588455447,-0.019731053436564144,e,0
1.6683299006402807,-0.21180265594028744,e,0
1.7031889866032903,0.07880153636196563,e,0
-1.0373604578965188,2.653499598523358,p,1
1.6421381635513141,-0.20682828849274162,e,0
1.4056769894203345,0.13506766539504406,e,0
1.4104715231328258,0.12955993621050332,e,0
0.7811499516123388,-0.08411091787921318,p,0
1.5495982307205165,0.18292089312595974,e,0
1.434559712213065,-0.5004545118323295,e,0
-1.044350125264493,2.5118011523433563,p,1
-0.9582278670599664,2.7341253808031385,p,1
1.3705377419870428,-0.2042646415265534,e,0
1.4024142057930669,-0.29791765075976195,e,0
1.3718743292610944,-0.2523204007766785,e,0
1.5933294567823455,-0.016740768047305316,e,0
1.6980290564300842,0.16812222053302567,e,0
1.1736435107190826,-0.08390334699884158,e,0
1.441473408317078,0.11499713098790543,e,0
1.3657432082745515,-0.19875691234201268,e,0
0.8002814800353104,-0.24921198183654444,p,0
-0.7101882526502667,2.7979712714333305,p,1
1.5470101760213466,0.08159763989195146,e,0
1.2979174095306556,0.11745730497110066,e,0
1.4977471529637745,-0.07816969030695217,e,0
1.6790141207105695,0.20218486192701213,e,0
1.50629475533533,0.19916283088967757,e,0
1.24890419260255,-0.2828916873470473,e,0
-1.241319474818256,2.5263393322392194,p,1
1.4684980009517492,0.0758883948114561,e,0
1.0150147399986513,0.0024866858363004896,e,0
0.75990018640712,0.0765223316358545,p,0
1.5033592431701714,0.27442853164001846,e,0
1.360585434356758,-0.2015002836446433,e,0
-1.1380568157189652,2.4432522081659376,p,1
-1.1240673548501054,2.4380199853324886,p,1
1.1959958814626312,-0.11742722592310631,e,0
1.387610026991429,-0.24060901982109276,e,0
1.5413980858149496,-0.2710005820550191,e,0
1.4364187337603977,-0.43069654026652915,e,0
1.0852778336560016,-0.10197766004372907,e,0
0.48457510486895955,-0.5629665427151003,p,0
1.4737802429463243,-0.013355161291960016,e,0
1.2513720917357638,-0.2737096176543735,e,0
1.3476659846148988,0.2855528637248196,e,0
1.3854246253712605,-0.15244659567531574,e,0
0.42211902366764936,-0.36295498272127913,p,0
1.5981239904948368,-0.02224849723184605,e,0
1.5082934468298999,0.33982140808321487,e,0
1.1129589755170943,0.21282528577665594,e,0
1.4316242000479065,-0.42518881108198847,e,0
0.6522596273968206,-0.25136620842875257,p,0
0.7613829768058447,-0.1455092473677008,p,0
1.561370247975607,0.12394333331024293,e,0
-0.7338713909931542,2.7096500221034443,p,1
0.4437493050772921,-0.4798167703077252,p,0
-1.1238002541303775,2.596153777872179,p,1
1.0787103301518377,-0.13578278875789815,e,0
-1.0349066553525879,2.7517466925453005,p,1
1.2717100580588945,0.12651238100915785,e,0
1.476715755111483,-0.08862086204230088,e,0
1.6952353704675753,0.22222447143741303,e,0
0.670573880436881,-0.33673375719347953,p,0
-1.1236840278600897,2.5971775590211466,p,1
1.505479355096837,-0.25100717571552444,e,0
1.5462265819684304,-0.11391787584407584,e,0
1.3815411399154927,0.3325584316851483,e,0
-1.144033009475469,2.510884152830163,p,1
1.6291102612962947,-0.03273059386393251,e,0
-1.0043943989592863,2.739868356811357,p,1
1.7394967439165034,-0.02861030254295499,e,0
1.5736864198007563,-0.4470935549168731,e,0
-1.233320197503667,2.531550562308259,p,1
1.3109296974028806,-0.05255968106719708,e,0
1.7081231902630187,0.14419441280516207,e,0
1.4075360109676671,0.20482563696084427,e,0
-1.2662862564408994,2.4451818040202604,p,1
1.5101342188620912,-0.32741551052780227,e,0
1.1958735696412623,-0.11750435399075024,e,0
-0.9900122613638052,2.5030930109324525,p,1
1.6053844210320845,-0.06063645795065262,e,0
-0.7892176944905114,2.716464577435019,p,1
1.6361453778324033,-0.08337323559277807,e,0
-0.7442910131981488,2.795533499057195,p,1
-0.9583310160562741,2.7350062925216694,p,1
-0.7330738054263393,2.801748791116169,p,1
1.5661647816880984,0.11843560412570223,e,0
-0.9186595725752462,2.57865043257363,p,1
1.1186903299001745,-0.00860672135176302,e,0
0.42729407358456434,-0.324691249977198,p,0
1.2980397213520245,0.11753443303874458,e,0
0.6189304418243626,-0.30447907744875846,p,0
1.7006403447778196,0.1587128600205713,e,0
1.6669048594244629,0.18260789768797966,e,0
1.6024489088669258,0.014629242799688302,e,0
1.5051711547256772,-0.1153363990799838,e,0
-0.7534227870417185,2.7154553849251855,p,1
-0.9759905131913653,2.825583391334028,p,1
0.6661598629288139,-0.28745456608031694,p,0
1.2695890547429558,-0.014223324252023412,e,0
1.693234522717593,0.1736299497175664,e,0
1.0131557184513187,-0.06727128572949978,e,0
1.4638257790606268,0.0814732520636407,e,0
-0.9899091123674972,2.502212099213921,p,1
0.5143808418030467,-0.024964594642286148,p,0
1.6742195869980783,0.20769259111155286,e,0
1.4072087395055581,-0.30342537994430274,e,0
1.202584462359948,-0.10229065548170921,e,0
1.2477587624242388,0.18724620143363857,e,0
1.429643758068478,0.17114750190129163,e,0
1.6661444990201122,-0.12364023179451031,e,0
1.3033245400963125,-0.03811836191943177,e,0
0.40380477062758896,-0.2775874339565523,p,0
0.5741606260741134,-0.21500061100930282,p,0
1.6043613026751424,0.409578558897677,e,0
1.73924738726864,0.1297087356502081,e,0
-0.6591845454770873,2.7872352868835244,p,1
1.4356430617265996,-0.31147235870921364,e,0
0.7384133353072124,-0.458823800145191,p,0
1.386335673627984,0.3270507025006076,e,0
1.5760907976094491,0.13411093703682092,e,0
1.3075086332110508,0.014377791128328515,e,0
1.3056300972824373,-0.034139602523874185,e,0
1.5126344858295955,-0.10861426838179564,e,0
1.4196732707365172,0.19616147885923838,e,0
1.6320457734614533,-0.10799629461427349,e,0
1.5394198000909338,0.2332716754545702,e,0
1.2715877462375256,0.12643525294151392,e,0
1.6105623769600117,-0.03808040449711908,e,0
1.4414755645724908,0.022933075514214862,e,0
1.466483286010916,-0.13458461877973535,e,0
1.2095643976926078,-0.19596080881202685,e,0
-1.1743095839324136,2.601385899545506,p,1
1.5524299317077461,0.15531874488996317,e,0
1.037244798920831,-0.03111432115560822,e,0
-0.7304340852693383,2.7107969535238157,p,1
1.3789298515677573,0.34196779219760276,e,0
1.698170882632734,0.14695877068707214,e,0
1.70518767809786,0.21946011355550296,e,0
1.599900267041455,0.0945405664582939,e,0
1.300528697878391,0.10804794445864621,e,0
0.6195701732637016,-0.32599777264367347,p,0
0.8904549377136763,-0.3108694284332145,p,0
1.5690352753027863,-0.4601772559374604,e,0
1.545151154474014,0.011839668326151354,e,0
1.4440846966648135,0.10558777047545106,e,0
-0.7893208434868193,2.71734548915355,p,1
1.5692220552418508,0.07024625197607949,e,0
1.676830875345814,0.19828323059909841,e,0
1.8429251334255763,0.026551272988454055,e,0
0.6922041618465238,-0.4535955447799255,p,0
1.279827491349958,-0.30042515469205644,e,0
1.1689712888279602,-0.07831848974665692,e,0
-0.7814377924425178,2.7215329380736217,p,1
1.7320909218562768,-0.013693212845959868,e,0
-1.0726803206869102,2.5864415744713405,p,1
0.7463422606969721,-0.16321029653639738,p,0
1.3420538944085019,-0.06704535822215105,e,0
-1.1950367166486486,2.5216201373799687,p,1
0.7301462444391593,-0.07337493332940712,p,0
-1.21528254926772,2.434445819470454,p,1
1.2048900195460726,-0.09831189608615162,e,0
-1.2447730872118337,2.4467118592678854,p,1
0.7248936159796431,-0.3789639805650046,p,0
1.697844502559898,0.3048791663986493,e,0
1.1929380574761037,-0.042238653240409346,e,0
1.7835109169729808,-0.21319009380385065,e,0
-1.0761176264107262,2.5852946430509696,p,1
0.5026819376402314,-0.19493925124873776,p,0
1.2361192210399212,-0.058557719071771014,e,0
1.3817256937856788,0.19580148581952467,e,0
1.6583754367545833,-0.11697424258468667,e,0
1.4563442682550325,0.09700074044148904,e,0
-1.1417560462733494,2.4496567019199813,p,1
1.4393542459255564,-0.5059622410168702,e,0
0.48398716839574735,-0.15334316441263288,p,0
0.8130264154183633,-0.1777639271124217,p,0
1.7420432294865615,-0.016457570727869963,e,0
1.6342680352140881,-0.029987222561301874,e,0
1.1688489770065913,-0.07839561781430085,e,0
1.4666229559581532,-0.0636840131519982,e,0
-0.9470101795129289,2.583561335142662,p,1
-0.8359746200945357,2.799827729613041,p,1
1.7420453857419742,-0.10852162620156056,e,0
-1.192278453349365,2.452984130725809,p,1
0.61707142027703,-0.3742370490145588,p,0
1.7079835203157816,0.07329380717742495,e,0
-0.9850186582633993,2.5878450277640366,p,1
1.4055546775989656,0.13499053732740013,e,0
1.4020509655877647,-0.3061687512469333,e,0
1.8103921203931306,-0.23370739977517205,e,0
1.300713251748577,-0.028709001406977436,e,0
1.4423084201181953,-0.011201293214688851,e,0
-0.9187757988455341,2.577626651424662,p,1
1.2546559527561842,0.1406071402276605,e,0
-0.9331448591670353,2.816306690171065,p,1
1.6101789547445757,-0.0661441871351934,e,0
1.3107900274556434,-0.12346028669493422,e,0
1.7959732919485274,0.37846082047338125,e,0
-0.804426494214898,2.726191369474991,p,1
1.2669155243464032,0.13202011019369853,e,0
1.5034989131174086,0.3453291372677556,e,0
-0.9808804875202355,2.583171125064462,p,1
0.7840854637774974,-0.15937661862955413,p,0
1.4953852212639025,-0.22707936798766085,e,0
-0.994082203591149,2.5899403882363603,p,1
1.4415957201384468,0.11507425905554935,e,0
1.1496299730356097,0.11366454735890662,e,0
1.4979965096116379,-0.23648872850011524,e,0
1.4111842231125744,0.0032843839402651176,e,0
1.453732979907297,0.10641010095394349,e,0
1.2715703881116573,0.0556117753814207,e,0
0.4224995398720733,-0.3191835207926573,p,0
1.7469795894017026,-0.04312874975836417,e,0
1.6631699704670746,-0.12248197176922745,e,0
1.5421512440046254,0.3160034984834504,e,0
1.5808853313219404,0.1286032078522802,e,0
1.6635332106723768,-0.11423087128205597,e,0
1.6391219086938988,-0.042469194391121484,e,0
1.6090335245662648,0.40399370164549236,e,0
-0.9072241598867867,2.7233893962533324,p,1
0.4947530122504718,-0.49055275485753136,p,0
1.3676556020827682,0.19619240375597607,e,0
1.598487230700139,-0.013997396744674678,e,0
1.4999952011062077,-0.09583015130657793,e,0
-0.96600776910796,2.729057020164536,p,1
0.7461433811848619,-0.5395972300800725,p,0
-0.8394119258183519,2.7986807981926702,p,1
1.419927769766819,0.3217470950383273,e,0
-0.9809967137905231,2.5821473439154943,p,1
1.646099841718101,-0.17820164894837862,e,0
1.544214333803425,0.2277639462700295,e,0
1.6368738605514652,-0.02480873339149567,e,0
-0.9547900815609225,2.578492974504059,p,1
1.5446998858300962,0.23609217482484476,e,0
1.1448354393231184,0.11917227654344734,e,0
0.66577934672439,-0.33122602800893874,p,0
-0.8844394392350277,2.7417848380782512,p,1
1.5401525525100557,0.17534492128991314,e,0
-0.8527904812310765,2.6459755164324443,p,1
-0.7136255583740829,2.796824340012959,p,1
1.4337267027204053,-0.3321937864027954,e,0
-0.7365111111501552,2.8006018596957976,p,1
1.4374961157674968,0.09045120003405396,e,0
1.6430953899924574,0.22217826826650683,e,0
1.268652234072367,0.2017009536918548,e,0
1.347805654562136,0.35645346935255673,e,0
0.7586291013329998,-0.4028590182324131,p,0
1.398779799088389,0.18170672660102208,e,0
1.2075013078938082,-0.10772125659860596,e,0
1.4342333321402292,-0.342534116120752,e,0
1.2667932125250343,0.1319429821260546,e,0
0.4348424827699002,-0.07284920829702654,p,0
-0.7533065607714307,2.716479166074153,p,1
1.50056340095225,0.4205948380180965,e,0
1.798910960369099,0.21113106424934963,e,0
0.44790410735044434,-0.4638058042973511,p,0
1.58553647581991,0.1416869088728676,e,0
-0.969445074831776,2.7279100887441645,p,1
-0.8983117613098126,2.8033246409549055,p,1
1.3128047423964766,0.08701272689625716,e,0
1.2418690760664413,-0.23224904561820173,e,0
0.40859930434008,-0.28309516314109295,p,0
-0.9887178888177834,2.5942495215180794,p,1
0.8021405015826428,-0.17945401027074417,p,0
1.3998029174453315,-0.2885082902473076,e,0
1.3367738086693395,-0.06986585759242561,e,0
1.544824774401178,0.16976006403772848,e,0
-0.8003916621236307,2.7209535263003524,p,1
1.8351929312925133,0.1993887583970263,e,0
0.6053290834259295,-0.2379299155432649,p,0
-0.9503312589664572,2.5834381848712584,p,1
1.5082760887040316,0.26899793052312165,e,0
1.5394176438355212,0.32533573092826096,e,0
-1.0762338526810138,2.584270861902002,p,1
-1.2028166186966422,2.516551776741366,p,1
0.4431095736379533,-0.4582980751128104,p,0
1.499851811891686,-0.07723872110144983,e,0
-0.9673591611283081,2.4972679289516786,p,1
1.468620312773118,0.07596552287910002,e,0
1.4777408757768826,-0.5167735776636911,e,0
1.5632292695229397,0.19370130487604317,e,0
1.7000299041800666,0.2167167422528723,e,0
1.6980312126854968,0.07605816505933499,e,0
1.7003931443853688,0.22496784274004367,e,0
1.8348296910872113,0.19113765790985493,e,0
0.8340169653886671,-0.2731070195039528,p,0
1.4639346441854453,-0.054673295121129645,e,0
1.4694187981760747,-0.20985031953007618,e,0
0.7798788665382186,-0.5634922677474808,p,0
1.6353631878593944,0.39501575367507913,e,0
1.4682951975664218,-0.5243495494997378,e,0
-1.1200454103772293,2.432322301483947,p,1
1.3469754729474877,-0.23094925366749877,e,0
-0.8833397097848548,2.6457084566256475,p,1
1.586349970931289,-0.005333238643068838,e,0
1.5084157586512688,0.3398985361508588,e,0
1.4035743328008803,0.17619899741648137,e,0
-0.9732168117425295,2.587215704554097,p,1
1.2073789960724393,-0.10779838466624989,e,0
0.7763554178998477,-0.07860318869467245,p,0
1.5099656884381685,-0.12084412826452459,e,0
1.3832567722483036,0.42090783345607663,e,0
1.2816805453908553,0.10149840405121113,e,0
1.2515154809502855,-0.2923010478595016,e,0
1.5054802464861101,0.41516423690119975,e,0
1.368315480234408,-0.282273713579525,e,0
-0.8605703832790701,2.6409071557938413,p,1
1.5423553122560925,0.15800597470422933,e,0
1.4973839127584723,-0.08642079079412349,e,0
1.484464463016613,0.4006323565753395,e,0
1.2687745458937358,0.20177808175949874,e,0
1.5034815549915403,0.2745056597076624,e,0
1.7347022102040122,-0.023102573358414258,e,0
1.3975623346217139,-0.24337337770300285,e,0
1.366594243521932,-0.255140900146953,e,0
0.732442025164979,-0.12712193888483322,p,0
-0.8993275517932777,2.572702200321453,p,1
1.5051529750240011,-0.0930867800039473,e,0
1.329459081095724,-0.09495055101599872,e,0
0.6147756395512105,-0.3204900434591327,p,0
0.5074764713527224,-0.2004469804332785,p,0
-0.887094553538003,2.8095399330138795,p,1
1.4418408070862507,0.07324647722832574,e,0
1.2077053761452752,-0.26571878037782715,e,0
0.686769896694694,-0.42656912040047,p,0
1.5420289321832565,0.31592637041580646,e,0
1.3106214970317207,0.08311109556834351,e,0
-1.0411321948072725,2.5128052143332904,p,1
1.2269977666468836,-0.1319900311457042,e,0
1.6975614433981396,0.25256999097604027,e,0
0.5543253762527498,-0.22719393099345872,p,0
1.4712316011208535,0.06655616236664563,e,0
-1.0215807987587082,2.50699985151155,p,1
1.6339621324676477,-0.08727486692069161,e,0
-0.8866001761668596,2.8040360701374007,p,1
1.5233488606380408,0.18506807167117495,e,0
1.578416870540013,0.16445645657544822,e,0
1.0516857375171667,-0.09667405258144882,e,0
1.4614651820403597,-0.06642738445462884,e,0
0.5870148303858691,-0.1525623667785381,p,0
1.778103786407324,-0.05761442691331817,e,0
1.3474610249741588,-0.22262102511268342,e,0
-0.894758229315709,2.805495353524244,p,1
1.231792300359375,-0.13749776033024488,e,0
0.670954396641305,-0.2929622952648576,p,0
-1.0521300273124865,2.5067327917047533,p,1
1.4642610242582812,-0.21259369083270682,e,0
1.2448045882316,-0.3075147463685426,e,0
1.3393850970170749,-0.07927521810488006,e,0
1.6478899237049487,0.2166705390819661,e,0
0.5326950948431071,-0.11033214340701283,p,0
-1.0612618011560562,2.4266546775727433,p,1
0.5918093640983602,-0.15807009596307883,p,0
1.5468052163806065,-0.4265762489455517,e,0
1.049074449169431,-0.08726469206899443,e,0
-0.8606483942800551,2.7373712413099325,p,1
-0.7441747869278612,2.7965572802061627,p,1
1.4074136991462982,0.20474850889320034,e,0
0.7511367944094631,-0.1687180257209381,p,0
0.6474650936843296,-0.24585847924421186,p,0
1.394645143527538,-0.2912516615499383,e,0
1.5081537768826627,0.2689208024554777,e,0
1.4368011864259558,0.12058198824009009,e,0
1.421669736162209,-0.3303603977263877,e,0
0.39690040017726474,-0.4530698197475449,p,0
-0.6626218512009032,2.7860883554631535,p,1
1.5393993943203799,-0.41165915924855656,e,0
1.2124999098577665,-0.2712265095623678,e,0
1.5622052597767246,-0.002255090892351347,e,0
1.5499456881865052,0.006331939141610621,e,0
1.4711092892994846,0.0664790342990017,e,0
1.355788744388854,-0.10392849898641202,e,0
-1.2128124400540274,2.6111734550433594,p,1
1.678546507678625,0.2866326323700267,e,0
0.6915644304071851,-0.4320768495850107,p,0
1.5187164373070883,-0.08313736822244186,e,0
1.760054561230415,0.3984542268128759,e,0
1.474213331888566,-0.21535804871461692,e,0
1.3521121694721283,-0.2095373240920961,e,0
1.5025438429316784,-0.17574147496518358,e,0
1.5079488172419226,-0.23925308638202528,e,0
0.5362185434814779,-0.5952212224598212,p,0
-0.9535305589674412,2.5818032228701666,p,1
0.517722653749104,-0.17723820208004118,p,0
1.7340896133508465,0.12696536434757746,e,0
1.47000867364382,-0.3439360922551187,e,0
0.7965711839256353,-0.02263840678189477,p,0
1.3080102086839853,0.0925204560807979,e,0
0.4300479490574091,-0.06734147911248581,p,0
1.5889612592790243,-0.014742599155523173,e,0
0.7750843328257275,-0.5579845385629402,p,0
1.2727902185584365,-0.15771845748952026,e,0
-0.8076444246721184,2.725187307485057,p,1
0.6812005790376863,-0.2697535169116203,p,0
1.626924859676126,0.05543183028184456,e,0
-0.8755598077368612,2.6507768172642505,p,1
0.37047558505513095,-0.33070030297655817,p,0
1.4496911624768118,-0.049512125865851575,e,0
0.7219581038144844,-0.3036982798146637,p,0
1.506868607356812,-0.004737378233019035,e,0
1.6171462248522024,0.13552946027272894,e,0
1.6709390327326035,-0.1291479609790511,e,0
1.3957033130743812,-0.31313134926880304,e,0
1.693929452059134,0.14349916151153028,e,0
0.6859951127501773,-0.275261246096161,p,0
1.437513886405704,-0.005693564030148118,e,0
1.3128925301281422,-0.030465262015741207,e,0
1.8399874650050048,0.19388102921248557,e,0
1.638756666180139,-0.0927825961052324,e,0
1.229731366815988,-0.1413222635905146,e,0
-0.8043102679446104,2.727215150623959,p,1
0.6493241152316622,-0.1761005076784117,p,0
1.5924944449812284,0.10945765615528896,e,0
1.6219407585646937,0.1300217310881882,e,0
0.533075611047531,-0.06656068147839103,p,0
1.705000898158796,-0.31096339435803677,e,0
1.7370641419038841,0.12580710432229436,e,0
1.313725539620802,-0.19872598744527512,e,0
-1.119868571035418,2.591796846416071,p,1
0.47350324704525276,-0.3299195053424634,p,0
1.7418586756163754,0.12029937513775366,e,0
1.5902538621576108,0.15459256869959376,e,0
1.5883948406102781,0.0848345971337936,e,0
1.3127887189502132,0.01719829049860308,e,0
1.3446651827562373,-0.07645471873460549,e,0
-1.1271213335839059,2.596030627600775,p,1
1.5787595950008761,0.14634079691954993,e,0
1.4712778197234073,-0.14009234796427603,e,0
0.537870144760022,-0.07206841066293176,p,0
1.3104441453762095,-0.060887909622012376,e,0
-1.17648716548421,2.6001386416079013,p,1
1.506417067156699,0.1992399589573215,e,0
-1.2029328449669299,2.5155279955923984,p,1
1.3056496116637182,-0.05538018043747164,e,0
0.7661775105183357,-0.15101697655224153,p,0
1.1498145269057958,-0.023092398506716988,e,0
0.5584801785259019,-0.21118296498308456,p,0
0.6735093926020397,-0.41199945794382054,p,0
1.3494597164687285,-0.08196244791914623,e,0
0.45083961951560286,-0.539071505047692,p,0
-0.7103044789205546,2.7969474902843627,p,1
1.5344667804567702,-0.268021492840518,e,0
1.3448701423969773,0.4317191701028976,e,0
1.6442408201707683,-0.24795962051417905,e,0
-0.753203411775123,2.715598254355622,p,1
0.6255448494517168,-0.18196513363048714,p,0
-1.1949335676523407,2.520739225661438,p,1
0.8567194523603199,-0.2869743907658061,p,0
1.6294735015015969,-0.02447949337676114,e,0
1.7392495435240527,0.0376446801765174,e,0
0.7979856993094907,-0.19546497628111834,p,0
1.772839483407475,0.12440512818792782,e,0
1.2658541657855675,-0.3193131937092305,e,0
1.8040687342868924,0.21387443555198027,e,0
1.441128107106502,0.199522029498564,e,0
1.4394124747736912,0.1111726277276357,e,0
0.8856604040011853,-0.30536169924867373,p,0
1.6639693472593042,0.2578735984383206,e,0
-0.9372491715716917,2.6585284675360032,p,1
1.4082487109474158,0.07855008469060602,e,0
1.2345259005284792,-0.14682999277505535,e,0
0.5888738519332015,-0.08280439521273783,p,0
0.4119411162861371,-0.43536877057884826,p,0
1.5110892890478214,0.19365510170513683,e,0
1.2472911493922942,0.2716939718766532,e,0
1.65931448349405,0.3342819332505984,e,0
-1.1314639299080833,2.5921091983825435,p,1
1.4729463420643913,-0.5112658484791505,e,0
1.5813708833486115,0.13693143640709549,e,0
1.7648490949429063,0.3929464976283352,e,0
0.7551056526946289,0.08203006082039521,p,0
1.2365889903272789,-0.2350695449884763,e,0
-1.274066158488893,2.4401134433816574,p,1
1.1110999539697617,0.14306731421085575,e,0
1.2697113665643247,-0.014146196184379484,e,0
1.5788866398273707,-0.01205536934125706,e,0
0.42984906954529906,-0.4437284126561609,p,0
0.8537839401951615,-0.21170869001546525,p,0
1.3448497366264234,-0.21321166460022908,e,0
1.5053396851496,-0.3219077813432616,e,0
1.4327015820550055,0.09595892921859467,e,0
-0.9774431817964195,2.584318056484833,p,1
1.6904386804996714,0.31979625609564444,e,0
-0.9106614656106027,2.722242464832961,p,1
1.5422134860534427,0.17916942455018284,e,0
-1.0487958705849783,2.5087606348436555,p,1
1.3157242311153718,-0.05806741025173781,e,0
1.7449808979071328,-0.18378732695190145,e,0
1.4704784429311777,-0.5204479181718241,e,0
-0.7926550002143273,2.7153176460146478,p,1
1.6621103257119716,0.18811562687252037,e,0
1.5635945120366996,0.24401470659015417,e,0
1.3054455434122512,0.10261734334174943,e,0
0.8519249186478288,-0.28146666158126543,p,0
1.5422156423088553,0.08710536907649219,e,0
1.3843369821334142,0.18639212530707033,e,0
1.6050211808267822,-0.0688875584378241,e,0
1.3417111699476387,-0.04892969856625276,e,0
1.2400100545191086,-0.3020070171840019,e,0
-0.9933464180913132,2.50106516779355,p,1
1.4837918903439284,-0.02309376181914899,e,0
-0.7137417846443705,2.7958005588639914,p,1
1.5003584413115099,-0.08757905081940662,e,0
1.2787450332256967,0.17676410480155205,e,0
-1.1268828480858462,2.4387632593006043,p,1
1.578274042974205,0.13801256836473463,e,0
-1.0056295647093467,2.5091030467474673,p,1
1.2809856160493143,0.13162919225724723,e,0
0.354660085001742,-0.19709347784094602,p,0
1.2129854618844376,-0.2628982810075525,e,0
1.6324090136667555,-0.099745194127102,e,0
1.5415409133807576,-0.24455669384430553,e,0
1.2467209472377943,-0.28679331867496094,e,0
1.3028342550645158,0.11202670385420388,e,0
0.7234408942132091,-0.5257298588182192,p,0
-1.0645294002008077,2.5137468895097026,p,1
1.4475885058573577,-0.008380793844414286,e,0
1.736885455568768,-0.0192009420305006,e,0
0.4887817021082384,-0.1588508935971736,p,0
1.6909939398939757,0.21876486226187117,e,0
1.307994185237722,0.022706019683143813,e,0
1.4467556503116532,0.025753574884489372,e,0
1.6753650171763896,-0.26244529766913305,e,0
1.6812779515923166,0.3693644553989069,e,0
0.49954754596296286,-0.49606048404207204,p,0
1.6930499688474068,0.31038689558319,e,0
-1.0680992388646728,2.433095635389401,p,1
1.23707454235395,-0.226741316433661,e,0
1.3487536278527452,-0.05328585725756649,e,0
0.7538345676205087,-0.3973512890478724,p,0
1.5494944195425875,0.23058444564030406,e,0
1.4434538502965064,-0.48133918199537473,e,0
-0.7848750981663337,2.720386006653251,p,1
1.5068846308030754,0.0650770581646351,e,0
1.1737658225404515,-0.08382621893119765,e,0
1.3034468519176814,-0.03804123385178784,e,0
0.6556014393428777,-0.4036398158665079,p,0
-1.0972760838714446,2.4275210006521406,p,1
1.210049949719279,-0.1876325802572116,e,0
1.4636874437929945,0.011581687598342716,e,0
0.375270118767622,-0.33620803216109885,p,0
1.8037054940815904,0.2056233350648089,e,0
1.7787163832604895,-0.20768236461930997,e,0
1.4964433908107457,-0.24895905570652563,e,0
1.5823960040140113,-0.2912212792142945,e,0
1.5457410299417593,-0.12224610439889125,e,0
1.437373803946128,0.09037407196641004,e,0
0.4810516562305887,-0.07807746366229187,p,0
1.305509941716481,-0.1262807860652088,e,0
-0.8105501792857757,2.7272713338456063,p,1
0.4782977807577438,-0.33542723452700407,p,0
1.4656839092186864,-0.5149401889872834,e,0
-0.937714181644604,2.583513536968274,p,1
0.8644106387959667,-0.14472844973360602,p,0
1.5006857127736188,0.4206719660857404,e,0
1.4226087829016758,0.12089577810889746,e,0
1.3027119432431469,0.11194957578655995,e,0
1.7067143742361943,-0.13054993711341775,e,0
-0.9694013549178577,2.5818349919490218,p,1
1.808863267999384,0.20836670636743954,e,0
-1.1441492357457568,2.5098603716811954,p,1
1.3734732541522015,-0.27953034227689433,e,0
1.5423357978748116,0.17924655261782677,e,0
-0.7689238641169722,2.722489201889168,p,1
1.266775854399166,0.06111950456596141,e,0
-1.00885342313229,2.738333721327498,p,1
1.4301991588320886,-0.030778257453721286,e,0
1.6110139665456933,-0.19234261133778766,e,0
1.4224691129544387,0.04999517248116028,e,0
1.446065138644242,-0.49074854250782907,e,0
1.6391199063854411,-0.08453149561806103,e,0
1.2344035887071103,-0.14690712084269927,e,0
1.559267591356153,0.16507466533168028,e,0
1.3155845611681347,-0.12896801587947496,e,0
-0.9697795060187135,2.5883626359744683,p,1
1.627251239748962,-0.1024885654297327,e,0
0.5481163271564033,-0.048859632309694395,p,0
1.4316220437924938,-0.3331247556082977,e,0
1.492589379045981,-0.08091306160958281,e,0
1.541868184842867,0.2636943230608414,e,0
1.2469259068785343,0.2213805701625422,e,0
1.2136990532534593,0.27699757933893343,e,0
1.4628544343003347,0.17984241302787665,e,0
0.6737082721141499,-0.03561252440014545,p,0
1.3538026605955382,0.06679202973698184,e,0
1.4242810245099444,-0.33976975823884203,e,0
1.5347454219443988,0.33092058818044556,e,0
-0.7747815147311938,2.8124369774915863,p,1
1.1470186846878743,0.12307390787136106,e,0
1.5951057333289638,0.10004829564283463,e,0
-0.8042071189483024,2.726334238905428,p,1
1.4664370674083622,0.07206389155118637,e,0
-1.0486927215886706,2.5078797231251246,p,1
1.5762753514796353,-0.0026460088288026706,e,0
1.701919840523703,-0.12504220792887696,e,0
1.5830865156814224,0.2252808381780238,e,0
1.3635209465219167,-0.27676598439498434,e,0
-1.00018385579993,2.5075061256102074,p,1
0.34986555128925095,-0.1915857486564053,p,0
-0.92221310456935,2.5764797200042913,p,1
-1.0727965469571978,2.5854177933223728,p,1
-0.8744774762161498,2.8096152851108944,p,1
1.606219432833202,-0.18683488215324692,e,0
-0.9504474852367448,2.5824144037222907,p,1
1.2047698639801165,-0.19045307962748612,e,0
1.2319146121807438,-0.13742063226260096,e,0
1.6609867251023187,-0.126383603097141,e,0
-0.8071128735619597,2.7284182652659776,p,1
1.775920541042568,-0.061516058241231825,e,0
0.8050760137478015,-0.25471971102108515,p,0
1.7808996286252454,-0.2037807332913962,e,0
1.4663147555869933,0.07198676348354244,e,0
1.4626676543612707,-0.350581094885663,e,0
1.7468399194544655,-0.11402935538610134,e,0
-0.815424326720112,2.720118946846454,p,1
-1.2061507754241503,2.514523933602464,p,1
1.4013910874361248,0.17229736608856763,e,0
1.383931295819291,-0.2541537894530862,e,0
-1.0384924746502715,2.421853376740937,p,1
1.6402800333932546,0.3895851525581823,e,0
0.6785028058266409,-0.041120253584686184,p,0
1.473089731278913,-0.5298572786842785,e,0
1.5372343984707653,0.3214340996003472,e,0
-0.8904156329915314,2.809416782742476,p,1
1.7316211525689191,0.1628186130707454,e,0
0.720099082267152,-0.3734562513804639,p,0
-1.048912096855266,2.507736853694688,p,1
1.2732599878457942,-0.3342302834062255,e,0
-0.9468939532426413,2.58458511629163,p,1
1.1660357766628016,-0.003052788996315975,e,0
1.653170009444111,0.21949103845224066,e,0
1.6401577215718857,0.3895080244905384,e,0
1.507354400090433,-0.11143476775207026,e,0
1.4492056104501407,-0.0578403544206669,e,0
1.6563789713288914,0.4095476340009393,e,0
1.600226647114291,-0.06337982925328331,e,0
1.5104512404648396,-0.1125158997097093,e,0
-0.9045690455838113,2.6556343013177037,p,1
1.448545732298501,0.4206257629148342,e,0
1.4004978467868725,-0.3186390784533437,e,0
-0.7329575791560514,2.8027725722651367,p,1
-0.9671397858617126,2.497410798382115,p,1
-0.8395281520886395,2.7976570170437025,p,1
1.4103492113114569,0.1294828081428594,e,0
1.2317944566147876,-0.22956181580393556,e,0
-0.763361928937268,2.7219160619008758,p,1
-1.1439298604791612,2.5100032411116318,p,1
-1.2119232545448888,2.5320568364069165,p,1
1.2759287852372212,-0.32200042352349656,e,0
0.8692051725084577,-0.15023617891814675,p,0
1.1524258152535312,-0.03250175901917138,e,0
-0.8035430348980945,2.8090695193862794,p,1
1.2006681033537536,-0.12301208317529091,e,0
1.4827977065889757,-0.0631439618829471,e,0
-0.8948744555859967,2.8044715723752764,p,1
1.706716530491607,-0.22261399258710854,e,0
0.37590985020696094,-0.35772672735601374,p,0
1.458529669875201,0.008838316295712051,e,0
1.1157548177350158,0.06665897939857787,e,0
1.3496646761094686,0.42621144091835683,e,0
-1.0181434930348923,2.508146782931921,p,1
1.4123296532908853,-0.46685350484042076,e,0
1.6020856686616236,0.006378142312516932,e,0
0.5631322009386921,-0.2882353637144117,p,0
1.5082751973147586,-0.3971734820936025,e,0
1.6042389908537735,0.4095014308300331,e,0
1.8788438641436886,0.006557866648959354,e,0
1.3723278239738905,0.1906075465037914,e,0
-1.1315801561783712,2.5910854172335758,p,1
1.4345606036023382,0.16571690078439485,e,0
1.4952006673937164,-0.09032242212203725,e,0
1.276886011678364,0.10700613323575187,e,0
0.6508069056303867,-0.3981320866819672,p,0
1.2835969043970497,0.1222198317447929,e,0
1.2638577003598757,0.20720868287639554,e,0
1.4781465620910061,-0.07622766290353442,e,0
0.6687148588895486,-0.40649172875927986,p,0
-1.1349012356318995,2.5909622669621726,p,1
1.2706486994980588,-0.3248209228937712,e,0
-1.1122655083292357,2.43739066212255,p,1
0.8178209491308543,-0.18327165629696243,p,0
1.6195190376158994,0.07034891997883963,e,0
1.5073383766441697,-0.1812492041497243,e,0
1.544009374162685,-0.28040994256747354,e,0
1.3415683423818308,-0.07537358677696634,e,0
0.6101236171384206,-0.24343764472780563,p,0
1.5130697310272498,-0.40268121127814316,e,0
-1.040912819540677,2.5129480837637272,p,1
1.668327744384868,-0.11973860046659676,e,0
1.197854903009964,-0.047669254357306096,e,0
0.37341109722028937,-0.40596600372689917,p,0
1.736700901698582,0.11755600383512302,e,0
0.3242664115944424,-0.3254720476112928,p,0
1.5483523182894947,-0.13165546491134558,e,0
-0.7828101759895243,2.7268405130040856,p,1
1.6365086180377058,-0.07512213510560659,e,0
0.7295065129998204,-0.05185623813449225,p,0
-1.1473671662029772,2.5088563096912604,p,1
1.7057612585631468,-0.0047152648755465765,e,0
1.7372486957740703,-0.01094984154332923,e,0
0.7628356985722784,0.0012566308855135044,p,0
-0.9220968782990624,2.577503501153259,p,1
1.7807150747550593,-0.06702378742577261,e,0
-0.8958902460694615,2.5738491317418237,p,1
1.1450199931933045,-0.01758466932217631,e,0
1.2347299687799462,-0.30482751655427653,e,0
-0.9078366446285628,2.742726513254663,p,1
1.677976305524125,-0.2718546581815874,e,0
1.4045996074132354,-0.386080074905539,e,0
1.6243135713283907,0.0648411907942989,e,0
1.3661244742345744,-0.07862907423024776,e,0
-1.1572702006225832,2.454785826016465,p,1
1.4714174896706445,-0.06919174233653888,e,0
1.5815554372187977,0.00017449054147189447,e,0
1.0420393326333224,-0.0366220503401489,e,0
1.5878810493939137,0.21977310899348307,e,0
1.4652141399313288,-0.338428363070578,e,0
-0.8960064723397494,2.572825350592856,p,1
0.44854383878978316,-0.48532449949226586,p,0
-1.2092589080599236,2.613344167612698,p,1
1.2007904151751225,-0.12293495510764699,e,0
1.4027414772551758,0.210333366145385,e,0
1.5112116008691903,0.19373222977278076,e,0
1.38652022749817,0.19029375663498396,e,0
1.2047677077247037,-0.09838902415379555,e,0
1.6221303259636348,0.06093955946638524,e,0
1.3972564318752734,-0.30066102206239265,e,0
-0.8449148646642257,2.7323849866438854,p,1
1.2857801497618053,0.12612146307270652,e,0
1.673124434352772,-0.21731038512482811,e,0
-0.9705770915855285,2.4962638669617436,p,1
0.8489894064826704,-0.2062009608309245,p,0
0.5840793182207105,-0.0772966660281971,p,0
1.6704324033127795,-0.11880763126109448,e,0
-1.3596410386887274,2.456280051973209,p,1
0.5149687782762591,-0.4345879729447535,p,0
1.4045974511578225,-0.2940160194318483,e,0
1.6490353538832596,-0.25346734969871976,e,0
1.2666535425777972,0.06104237649831748,e,0
-0.9466320284120731,2.5770336911172156,p,1
1.3564836737303951,-0.1340592871924481,e,0
1.5441939280328711,-0.41716688843309724,e,0
1.2177799955969288,-0.2684060101920933,e,0
-1.2624707996162277,2.4398010914151844,p,1
0.5529108608688944,-0.05436736149423513,p,0
1.3084454538816397,-0.20154648681554962,e,0
0.5983204080584827,-0.16536452312860564,p,0
0.5404251407207568,-0.1911055733418945,p,0
-0.811987020996296,2.7212658782668253,p,1
1.3441796307295661,-0.08478294728942079,e,0
1.459140110472954,-0.04916556593658897,e,0
-0.9930184153532162,2.7394131354144475,p,1
1.706124498768449,0.0035358356116247935,e,0
1.2436241068633875,-0.2857121867173218,e,0
1.4164643088517368,0.006104883310539683,e,0
1.6439144400979324,-0.09003922480260171,e,0
1.4063896894000831,0.00879211312480585,e,0
1.4714356693723205,-0.0914413614125755,e,0
1.2441096588900589,-0.2773839581625065,e,0
1.3876078707360164,-0.14854496434740208,e,0
1.3891315158459054,0.1808843961225296,e,0
1.4803298074557618,-0.07232603157562087,e,0
1.8300351573747198,0.19664538709439566,e,0
1.6886211271302787,0.28394540255576056,e,0
1.4732946909196531,-0.021683389846775314,e,0
1.197732591188595,-0.047746382424950023,e,0
1.7782466139731319,-0.031170538702604556,e,0
1.5692402349435268,0.0479966329000428,e,0
-0.898195535039525,2.8043484221038733,p,1
1.446270098284982,0.01742534632967413,e,0
1.770292997837417,0.11225239637284273,e,0
1.0760990418041023,-0.12637342824544381,e,0
1.463703467239258,0.08139612399599677,e,0
1.53953995565689,0.3254128589959049,e,0
-1.0293607008067018,2.501931490872947,p,1
1.3496442703389147,-0.21871939378476982,e,0
-1.0565301228862185,2.518958119578742,p,1
1.3526001882746272,0.350945740168016,e,0
1.4611388019675238,0.09149301125694832,e,0
1.6483754757316198,0.2249987676367814,e,0
-1.2882883499001685,2.5318374736143867,p,1
1.4726199619915554,-0.353345452767573,e,0
1.6611735050413827,0.4040399048163986,e,0
-0.9966140171360649,2.588157379730509,p,1
1.4268275100800025,-0.327617026423757,e,0
0.83067515344261,-0.12083341206619772,p,0
1.4856098931949242,-0.06950553220534625,e,0
0.6874096281340327,-0.4480878155953848,p,0
1.268465454133303,-0.32872255422168484,e,0
0.46358455489865574,-0.4676234503235692,p,0
1.2517204405910256,0.21587284097800147,e,0
1.566999793489216,-0.00776282007689208,e,0
1.5474957280480177,0.08992586844676675,e,0
1.6413031517501968,-0.08062986429014737,e,0
0.6445295815191712,-0.17059277849387097,p,0
1.4834266478301685,-0.0734071635332599,e,0
1.3584000327365895,-0.11333785949886635,e,0
0.5903566423319262,-0.30483597421629316,p,0
1.3506014967800575,0.2102871629744787,e,0
0.3782056309327804,-0.41147373291143985,p,0
1.5375412641623203,0.18475428180236747,e,0
-0.8428131240662242,2.737002706121812,p,1
1.5053579346647412,0.4150871088335558,e,0
-0.812090169992604,2.722146789985356,p,1
1.0739157964393464,-0.13027505957335747,e,0
1.01795025216381,-0.07277901491404046,e,0
1.0401803110859897,-0.10638002190594911,e,0
0.6357661895215143,-0.41583313585066384,p,0
-1.0668509958406325,2.6657656383207895,p,1
1.2714480762902884,0.05553464731377675,e,0
1.6373436298388229,-0.2013205593082009,e,0
1.5392148404501937,-0.27490221338293286,e,0
1.607243442579417,0.00912151361514757,e,0
1.407535119578394,-0.4613457756558801,e,0
1.7200120389096316,0.1819641647677367,e,0
-0.7815409414388257,2.7224138497921526,p,1
1.4757604337974541,0.07956273531958907,e,0
1.4444110767376495,-0.05233262523612614,e,0
1.584166725566533,-0.00923486997098244,e,0
0.5693660923616224,-0.20949288182476208,p,0
1.402619165433807,0.21025623807774108,e,0
1.744044077236544,0.032136950991976665,e,0
-0.6819538719828718,2.7920365877153306,p,1
1.5861654170611028,0.13142370722255475,e,0
0.5314240097689868,-0.5897134932752806,p,0
1.1476312815410399,-0.026994029834630645,e,0
0.7024503442429053,-0.43038676642668816,p,0
-1.089496181823451,2.4325893612907437,p,1
-0.7894370697571069,2.7163217080045823,p,1
1.427403316614167,0.11538804892435674,e,0
1.4633242035876923,0.003330587111171318,e,0
1.4515501840241445,0.02024584569994864,e,0
1.5972911349491323,0.011885871497057665,e,0
-1.135017461902187,2.589938485813205,p,1
1.5552257739256676,0.00915243851188513,e,0
1.5400302406886868,0.1752677932222692,e,0
-1.0738406632086066,2.524067192140788,p,1
1.7009667248506555,0.0007924643089941563,e,0
0.8325341749899424,-0.05107544050039747,p,0
1.7033286565505275,0.14970214198970277,e,0
1.5972889786937194,0.10394992697074826,e,0
1.4882211815426598,-0.0789148927178007,e,0
1.5734795092617138,0.14352029754927537,e,0
1.8218975468243073,-0.22400143045067164,e,0
1.5476353979952548,0.1608264740745039,e,0
0.6141359081118716,-0.2989713482642178,p,0
1.2395245024924375,-0.3103352457388172,e,0
-0.6855074039769755,2.789865875145992,p,1
1.2414408614986319,-0.28961381804523545,e,0
1.5025416866762658,-0.08367741949149285,e,0
1.3082413856301727,-0.043548963036328575,e,0
0.5024830581281212,-0.5713261847924129,p,0
0.6467946146569357,-0.3425983831455548,p,0
1.5114763611302393,-0.5406686153310994,e,0
1.300835563569946,-0.028631873339333508,e,0
1.1999731740122126,-0.09288129496925482,e,0
1.546680076681226,0.32901007143639394,e,0
-0.9672429348580205,2.4982917101006463,p,1
0.6420000809444446,-0.3370906539610141,p,0
1.7023896098110607,-0.30155403384558244,e,0
1.4565288221252186,-0.03975620542413458,e,0
0.6082645955910879,-0.3131956162936058,p,0
0.7171635701019934,-0.298190550630123,p,0
1.0486068361374863,-0.002816921625979768,e,0
-1.0261427703494814,2.5029355528628816,p,1
0.5162398633503793,0.04479337692351418,p,0
-1.0260265440791936,2.5039593340118493,p,1
0.4423347896934367,-0.30699020080850137,p,0
1.4371664289397152,0.1708953899542011,e,0
0.727647491452488,-0.12161420970029249,p,0
1.3081190738088038,-0.0436260911039725,e,0
0.40714658257364605,-0.4298610413943076,p,0
0.8277396412774514,-0.04556771131585674,p,0
1.5584347358104484,0.19920903406058388,e,0
0.791776650213144,-0.017130677597354038,p,0
0.510174244563768,-0.4290802437602128,p,0
1.7029654163452252,0.14145104150253143,e,0
1.6372035473792468,-0.1052529233116428,e,0
0.7815304678167627,-0.04033945595059141,p,0
1.4613255120931226,-0.13732799008236599,e,0
0.7072448779553964,-0.43589449561122884,p,0
1.3828133370235252,-0.14303723516286135,e,0
-0.9546738552906349,2.5795167556530267,p,1
-0.8722005130140302,2.7483878342007126,p,1
1.3006510096997599,0.10812507252629014,e,0
-0.9696632797484259,2.589386417123436,p,1
1.4684819775054858,0.006073958413802011,e,0
-0.7363948848798676,2.8016256408447653,p,1
-0.9457139387344209,2.7350816446186847,p,1
1.5420106826681153,-0.421068519761011,e,0
1.5544730576436616,0.17058239451622098,e,0
0.5374896285555981,-0.11583987259155357,p,0
1.8814551524914245,-0.0028514938634950915,e,0
-0.9074435351533823,2.723246526822896,p,1
-1.1026021833755073,2.52069973403548,p,1
-1.0464540164707856,2.670909351056407,p,1
-1.037097362716005,2.5075673711586517,p,1
0.5591199099652409,-0.23270166017799945,p,0
-0.8694500147772366,2.731915176607842,p,1
-1.16629119638636,2.449186891883938,p,1
-1.1820894859804072,2.5963175389069035,p,1
-1.1149355810065358,2.5180980994644986,p,1
-0.7992004385739166,2.812990948604511,p,1
1.7319063679860907,0.12306373301966372,e,0
-0.83725118888652,2.7364295661335207,p,1
-0.9215495002943697,2.8159943382045927,p,1
-0.8897819991481364,2.74250084749698,p,1
1.9124359602825234,0.0012542591866790964,e,0
1.4290755582224357,-0.3452774874233827,e,0
1.2462353952111231,-0.2951215472297761,e,0
-1.196724198669851,2.4499436132261088,p,1
-1.1089062136064045,2.535001679059012,p,1
-1.0938005628783258,2.5261557987375705,p,1
1.4808153594824331,-0.06399780302080557,e,0
-1.0577862801629372,2.5252894756581736,p,1
1.5031542835294314,-0.23374535719748454,e,0
1.5644275215293595,0.0757539811606202,e,0
1.4034520209795114,0.17612186934883745,e,0
-0.6593007717473749,2.7862115057345567,p,1
-0.829998426338032,2.732195784948816,p,1
-0.8298658933979828,2.811700107648747,p,1
1.170707998553924,-0.008637646248500636,e,0
-0.839843250562835,2.7206729179593783,p,1
-1.105134476695651,2.675696063249079,p,1
-1.1978403885290696,2.4535572707141013,p,1
-1.2044584509710907,2.4601410979611953,p,1
-0.9401520035547166,2.7345085046303925,p,1
-1.217155036378205,2.6072520258251277,p,1
0.5679267346511832,-0.2937430928989524,p,0
-1.0700252063839346,2.518686479535712,p,1
1.4254046251195973,-0.02527052826918061,e,0
1.4392901629523223,0.11109549965999177,e,0
0.522517187461595,-0.1827459312645819,p,0
-1.0247476584152149,2.588649547280596,p,1
-1.1292551952217837,2.448708272868028,p,1
1.57780642994226,0.22246033880774924,e,0
1.7028257463979881,0.07055043587479431,e,0
-1.0351331799274404,2.5194643936773997,p,1
1.466259715752851,-0.07193511363916952,e,0
-1.0654348923797077,2.514382966595183,p,1
-0.8755215924675583,2.7482646839293094,p,1
1.42726364666693,0.044487443296619605,e,0
-1.128808815605108,2.5243541034469152,p,1
-0.8185324593558854,2.818939180856688,p,1
-1.2091901292409286,2.3678376559551966,p,1
-0.8425937487996287,2.737145575552249,p,1
0.7282354279257002,-0.5312375880027599,p,0
0.7041019455214492,0.09276604537020128,p,0
-1.295893020655301,2.456424062668724,p,1
-1.114155472459428,2.6700971291165523,p,1
-1.067747330658028,2.512742827519768,p,1
1.5102738888093283,-0.2565149049000651,e,0
0.7574085752988811,0.27035062280032895,p,0
-0.9293661205273902,2.662715916456075,p,1
1.2429642287117475,0.19275393061817928,e,0
-0.8670126726423517,2.7376995466651737,p,1
-0.9956145333223614,2.740299278812999,p,1
-1.2093751343302115,2.6123203864637303,p,1
-0.8450310909345136,2.7313612054949177,p,1
-0.9513331038505826,2.667762051920932,p,1
-1.0810731872519077,2.7574896685535184,p,1
-0.9578497159591104,2.7275977367776916,p,1
0.3711153164944699,-0.35221899817147306,p,0
-1.2279776375905582,2.5308345528895306,p,1
-0.8360908463648236,2.7988039484640734,p,1
1.044974844798481,-0.11188775109048985,e,0
1.4427939721448664,-0.002873064659873553,e,0
-0.9341665776162231,2.8159189861075777,p,1
0.621865953989521,-0.37974477819909946,p,0
-0.9604835081503886,2.58831483780008,p,1
-0.9775594080667072,2.583294275335865,p,1
0.425054535832808,-0.43822068347162024,p,0
1.3443641845997523,-0.22153989315504438,e,0
-1.061339812157041,2.5231187630888345,p,1
0.5536856448134109,-0.20567523579854383,p,0
0.7399418905749016,0.24762304129753357,p,0
-1.2240459544955986,2.5264776214334224,p,1
0.34143308387323973,-0.5697101116495957,e,0
-0.8426968977959366,2.73802648727078,p,1
-0.7566407174989389,2.7144513229352505,p,1
-0.7879257315525527,2.8030594835712646,p,1
-0.9689145899846889,2.661875065217199,p,1
1.6091558363876337,0.40407082971313635,e,0
-1.144464334219952,2.432876272596871,p,1
-1.198016161607809,2.363348707089863,p,1
-0.7237778075580141,2.8017009929417807,p,1
0.8354696871551011,-0.12634114125073845,p,0
0.5191753755155377,-0.030472323826826825,p,0
-1.094086495827678,2.4368928742312725,p,1
1.1268718290195046,0.2756830234582087,p,0
-1.1494327993250353,2.443707429562847,p,1
1.5373567102921342,0.3215112276679911,e,0
-0.9815813525395833,2.5889919591844075,p,1
1.1109602840225246,0.07216670858311859,e,0
-1.0463508674744777,2.6700284393378757,p,1
1.429438798427738,-0.33702638693621134,e,0
1.5374189523409514,0.18467715373472354,e,0
-1.0590710937926389,2.6708339989593926,p,1
-0.8901771474934717,2.652149414442305,p,1
1.46132335583771,-0.04526393460867531,e,0
-1.111183176808524,2.5962291299691937,p,1
1.4796699293041218,0.40614008575988025,e,0
1.6313508441199123,-0.07786550640823728,e,0
1.3605832781013452,-0.10943622817095269,e,0
-0.9288022628428576,2.820228119389297,p,1
1.307975684594282,-0.025034660898844457,e,0
-1.1062664934494035,2.4440498414666583,p,1
-1.2952954942878496,2.4500392880737136,p,1
-1.082321430275948,2.5248196656221302,p,1
-1.2422249669971563,2.5269754093246997,p,1
-1.04725587987815,2.5138851787039056,p,1
1.5665300242018583,0.16874900583981325,e,0
1.5098041195219707,-0.08000307898335987,e,0
-1.1802589023949634,2.4594442574178346,p,1
-0.9461452634789043,2.6570737643853928,p,1
-1.0079642376231515,2.6592171026910547,p,1
-1.8775766918746468,-1.3347419758029149,p,1
-0.9989356127758897,2.740176128541596,p,1
-1.2130055860656004,2.373218368560272,p,1
0.48123329292290246,-0.41069293527734496,p,0
-1.0282957422188235,2.513023435860742,p,1
0.9480588115549491,0.31740399047799156,p,0
-1.0679830125943852,2.4341194165383686,p,1
-0.9497151021427694,2.576422510265091,p,1
0.7413488474723708,-0.5340895008955319,p,0
-1.1772890288915743,2.4431144692554,p,1
1.339569650887261,-0.21603216397050365,e,0
-0.9840797875212195,2.5815361630633697,p,1
-1.0144311852065282,2.503646982045377,p,1
-1.191118110827669,2.5153585130563623,p,1
-1.0317330479426394,2.511876504440371,p,1
-0.7651564050467681,2.7982581827394584,p,1
1.5673630336945181,0.00048828041027929037,e,0
-0.801786774057897,2.635239531882638,p,1
1.4762302030848118,-0.09694909059711629,e,0
-1.1652694779371722,2.4495745959474253,p,1
-1.016963478526672,2.6586433112589756,p,1
-0.9853968093642551,2.594372671789483,p,1
0.4976885244156302,-0.5658184556078723,p,0
-0.822145538158441,2.727583685812079,p,1
1.3927678009092226,-0.23786564851846212,e,0
0.7792909300650064,-0.1538688894450134,p,0
-1.0143280362102203,2.5027660703268455,p,1
-0.7099263278196986,2.7904198462589163,p,1
0.5614156906910606,-0.28644866573342553,p,0
-0.887361654257731,2.6514061404741893,p,1
-1.2445374052754767,2.525335270249285,p,1
1.3217290352180742,-0.0141771210811171,e,0
-1.3428618957372132,2.461922204043891,p,1
-1.2807278231187702,2.536762964822553,p,1
0.7088964792339403,0.08725831618566057,p,0
0.4460450858031118,-0.5335637758631513,p,0
1.3853621027988139,-0.24176059031431976,e,0
-1.1254877361515798,2.5244772537183184,p,1
1.810535509607652,-0.25229882998030007,e,0
1.6413053080056097,-0.17269391976383794,e,0
-0.9169684184721323,2.662648399122653,p,1
-0.7326956543254832,2.7952211470907224,p,1
-1.1189867197675647,2.444855401088175,p,1
-0.748574882501593,2.8087826080801515,p,1
-1.0472400529836163,2.749145057974319,p,1
1.3837243852802485,0.336460063013062,e,0
-1.2448893134821213,2.4456880781189176,p,1
-1.282829563716772,2.532145245344626,p,1
-1.11462048253234,2.595082198548823,p,1
-0.9251030322884735,2.813823625635254,p,1
1.4690555579707725,-0.21810142001724755,e,0
1.3535481615652365,-0.05879358644210722,e,0
-0.8626125770686197,2.7254742187911845,p,1
-0.30636093231801514,0.08113398452374637,e,1
1.4815102888239742,-0.09412859122684167,e,0
-1.2475767590922549,2.3786489926020176,p,1
-1.0553543862185475,2.6045292445660198,p,1
-0.8822810191751902,2.658241556229876,p,1
-1.0080673866194594,2.660098014409586,p,1
-1.2805084478521747,2.5369058342529898,p,1
-0.858232807005427,2.738130468666816,p,1
-1.1787684065268789,2.5964406891783067,p,1
-1.1769739304173785,2.520098568339724,p,1
-0.9419464796642167,2.810850625468975,p,1
1.4108367656465857,0.17987333792461435,e,0
-0.9284475510745103,2.6639845322380937,p,1
1.3265235689305654,-0.019684850265657777,e,0
-0.8994437780635653,2.571678419172485,p,1
-1.0403649617607567,2.594659583095611,p,1
1.7097954318712874,-0.31647112354257745,e,0
1.6354854996807633,0.39509288174272306,e,0
-1.1291389689514961,2.449732054016996,p,1
1.1834066230446307,-0.0283960059689973,e,0
1.552290261760509,0.08441813926222602,e,0
-1.31789511411457,2.54307973226285,p,1
0.5356306070082657,-0.18559784415735378,p,0
-0.7634781552075556,2.720892280751908,p,1
-2.0951660183842735,-0.953259928606052,p,1
-1.1913374860942643,2.515215643625926,p,1
-0.8697801681236246,2.6572931271779225,p,1
1.5471498459685837,0.1524982455196886,e,0
-1.877876701622518,-1.171834254064877,p,1
1.3631945664490808,-0.11884558868340708,e,0
1.32076187908205,-0.12319779562091068,p,0
1.791178758236036,0.38396854965792193,e,0
-0.9605997344206763,2.5872910566511123,p,1
1.7292950796383553,0.13247309353211817,e,0
-0.9962363458104366,2.7384090734245126,p,1
-0.8219697650797013,2.8177922494363172,p,1
-1.0794025983883109,2.524640332129079,p,1
1.3185200733332934,-0.20423371662981585,e,0
-0.9073273088830947,2.7242703079718638,p,1
-1.1264876997405109,2.529114692355279,p,1
-0.9975195093149649,2.5887934568159894,p,1
-0.9342828038865107,2.81489520495861,p,1
-1.0789212982911471,2.5172317763851013,p,1
-1.0630180619962535,2.600484665076385,p,1
-1.173420398423275,2.522269280909063,p,1
1.3246645473832328,-0.08944282183145805,e,0
-1.0566332718825262,2.519839031297273,p,1
-1.1343707507848124,2.5249272434352075,p,1
1.3354700465163107,-0.24065522299199907,e,0
-1.4142145845257719,2.386364782402713,p,1
-1.3508611730518025,2.4567109739748516,p,1
1.2739504995132054,0.18227183398609276,e,0
-1.0465702427410732,2.6698855699074393,p,1
1.659174813546813,0.26338132762286126,e,0
-1.117707834103586,2.5295456143569215,p,1
-1.0939167891486137,2.5251320175886027,p,1
-1.0439348004246218,2.5140083289753092,p,1
0.5935258743459917,-0.1598567939440649,p,0
1.39865748726702,0.18162959853337815,e,0
-1.0146865153245521,2.597415860348794,p,1
-0.7180843809685482,2.7918791296457597,p,1
-1.274144169489878,2.5365775288977486,p,1
1.27113425152473,-0.3164926943389559,e,0
-0.8106664055560633,2.7262475526966385,p,1
-0.819824422293844,2.7323442747204427,p,1
1.399439677240029,-0.296759390734479,e,0
1.2000954858335815,-0.09280416690161089,e,0
0.5141153542046772,0.5324465624354211,p,0
-0.9616651727837824,2.7329784493827676,p,1
-1.2628107354477807,2.5438166021056903,p,1
-1.2956736453887054,2.4565669320991605,p,1
-1.0054156376332462,2.582701315028419,p,1
-1.0385704856512563,2.5183174622570283,p,1
-1.28315971706316,2.4575231959147064,p,1
1.6801595508888807,-0.2679530268536737,e,0
-1.0817367915268878,2.517975050353217,p,1
-1.200388508743747,2.373293720657287,p,1
-0.9368309241011883,2.734631654901796,p,1
1.3103044754289723,-0.13178851524974952,e,0
1.2148444834317702,-0.19314030944175234,e,0
1.288391438109541,0.11671210256025216,e,0
-1.0665715939903573,2.598313952507046,p,1
-1.0046137742258818,2.73972548738092,p,1
1.4325792702336366,0.09588180115095074,e,0
-0.9049471966846672,2.6621619453431506,p,1
1.5721575674070094,-0.005019448774261442,e,0
-1.1912212598239766,2.5162394247748936,p,1
-1.118505419670401,2.437446845344197,p,1
-1.115171262942893,2.439474688483099,p,1
-0.7680380845326189,-0.18435267528033186,e,1
-0.9581111610144508,2.578369824232656,p,1
-0.7916931906227569,2.727290502720974,p,1
-1.152870105048851,2.4425604981424756,p,1
-0.8923301193628139,2.662237297440165,p,1
0.9727057835933177,0.17712360671385782,p,0
-0.9964977908657773,2.589181160879477,p,1
-1.0907523391001699,2.438920717370175,p,1
-0.972669433737837,2.825706541605431,p,1
-1.2412032485479685,2.527363113388187,p,1
-0.8911771110824027,2.6567868530792653,p,1
1.6794996727372407,0.21051309048182743,e,0
-0.8832790967133313,2.804159220408804,p,1
-0.9420627059345044,2.8098268443200074,p,1
1.249861419043693,0.1461148694122012,e,0
-1.3420595525546208,2.462167038676942,p,1
-0.7564710108198744,2.8026904662925807,p,1
-0.9328034262512062,2.6615689850357036,p,1
1.8740493304311971,0.012065595833500087,e,0
-1.0410159685369846,2.513828995482258,p,1
-1.0295805558485251,2.658567959161961,p,1
1.4785747766588155,-0.01886289047650075,e,0
1.3724501357952594,0.19068467457143534,e,0
-1.0588512387508155,2.5141975306703785,p,1
-1.460381116425092,2.392107758410931,p,1
-1.0402487354904688,2.5956833642445787,p,1
-1.2334233464999749,2.5324314740267897,p,1
-0.9332610854373231,2.8152829090220974,p,1
-0.8957674250866299,2.661090366019794,p,1
0.7634722716698932,0.34946816844365525,p,0
1.3553960304925488,0.20477943378993796,e,0
-2.464756383702812,-0.6187713668093625,p,1
1.5435396048753274,-0.10389811665076829,e,0
0.6207503157392258,-0.1764574044459464,p,0
0.5951511760444173,-0.31034370340083384,p,0
-2.002342381601111,-1.2765476819583101,p,1
-0.9967176459076004,2.7458176291684904,p,1
-1.0169677563672213,2.5937179079191988,p,1
1.015138376246452,0.3044542932645307,p,0
-1.1053538519622466,2.6755531938186428,p,1
-0.7064890220958826,2.791566777679287,p,1
-1.097457723643965,2.6816453356062135,p,1
-0.7563547845495868,2.8037142474415484,p,1
-0.8572110885562392,2.7385181727303034,p,1
-0.9050503456809749,2.663042857061682,p,1
-0.9217263396361812,2.6565197932724685,p,1
-0.7292583486016673,2.7963680785110934,p,1
-1.0076717584988963,2.5936701097448105,p,1
-1.0246314321449272,2.589673328429564,p,1
-0.8516147445634057,2.731546641419722,p,1
-1.1379405894486776,2.4442759893149053,p,1
0.8110949870185302,0.21742245193253285,p,0
-0.7913630372763689,2.8019125521508936,p,1
-0.8387782919749569,2.7317648629471734,p,1
-0.869663941853337,2.6583169083268903,p,1
-0.8194462711929882,2.725816630694996,p,1
-1.1039377485013218,2.524170522093036,p,1
-1.2357575396385518,2.5257661922509276,p,1
-0.9367146978309004,2.735655436050764,p,1
1.4093941411257267,-0.39158780409007965,e,0
-1.1116014242790277,2.5201259426034013,p,1
-0.8278236996084332,2.7271330446514033,p,1
-1.3419433262843332,2.46319081982591,p,1
-1.0883204451557802,2.5181604862780214,p,1
-1.3134745067894074,2.450537075964991,p,1
-0.7179681546982604,2.7929029107947274,p,1
-1.126505176760218,2.589014952994608,p,1
0.7790254424666367,0.40354226763269385,p,0
-1.1377049075123205,2.5228994002963048,p,1
-1.052934041328142,2.51343453754323,p,1
-1.037322242627216,2.750987465188417,p,1
-0.8160089654691722,2.726963562115367,p,1
-1.0438022674845726,2.59351265167524,p,1
-1.1621868839817038,2.606965114519,p,1
-0.7826939497192367,2.7278642941530533,p,1
-1.0134153947230633,2.73426942267883,p,1
-1.0792994493920032,2.5237594204105482,p,1
-0.706372795825595,2.792590558828255,p,1
-1.0384542593809685,2.519341243405996,p,1
-1.0948222813275137,2.525768094674083,p,1
0.9632052342617954,0.27420828327425617,p,0
-0.7203405018341982,2.8028479243621516,p,1
0.9723759635154454,0.30421793807930914,p,0
-1.1650501026705768,2.4497174653778617,p,1
-1.0000676295296425,2.508529906759175,p,1
-0.7801458295045591,2.808127844209867,p,1
-0.7325794280551956,2.79624492823969,p,1
-1.2601938364141079,2.3785736405050026,p,1
1.6641090172065414,0.32877420406605773,e,0
-1.2236754158327177,2.605493913552632,p,1
-1.0701851525681407,2.663737795181887,p,1
-1.1342676017885045,2.524046331716676,p,1
-1.3891315766328411,2.4685460917706403,p,1
-0.8671158216386594,2.7385804583837046,p,1
-1.3748062362252578,2.3759411498193796,p,1
-0.7714604352776655,2.81256012776299,p,1
-1.1303206335848899,2.5943956655996834,p,1
0.7247119792873293,-0.04634850894995152,p,0
-0.8615538864589551,2.738007318395413,p,1
-0.7835831352283753,2.8069809127894962,p,1
-0.8977812764627255,2.7372896174279404,p,1
-1.1450902030008576,2.4476288587810786,p,1
-1.0827367551158191,2.5226124889901773,p,1
-1.1301007785430663,2.4377591973106694,p,1
-0.7914792635466565,2.800888771001926,p,1
-1.242341193267444,2.525951628175732,p,1
-0.8899577722268761,2.6522922838727414,p,1
-1.1661749701160724,2.4502106730329056,p,1
-1.026221261125694,2.756178976098423,p,1
-1.1097037991732195,2.4429029100462873,p,1
-0.9455000116583203,2.8086799128996365,p,1
-0.9866004485258257,-0.4826967135334146,e,1
-0.8777985556696781,2.8094921348394912,p,1
-0.9600184980774764,2.6633297683678094,p,1
-0.9101309807635156,2.6562074413059955,p,1
-1.0554139330269996,2.5153444620907495,p,1
-0.9662271443745556,2.728914150734099,p,1
-1.1468366813558901,2.442821286164295,p,1
0.38537491399503215,-0.9309195169180097,e,0
-1.1582552008867442,2.602608183062892,p,1
-0.7574927292690623,2.8023027622290932,p,1
-0.831174163005703,2.646624659961538,p,1
-1.097573949914253,2.680621554457246,p,1
-0.9941984298614366,2.5889166070873926,p,1
-0.9545510343078032,2.666757989930997,p,1
-1.1165698893841105,2.5309570995693766,p,1
0.20181483229787883,-0.8624648032101182,e,0
-1.0177653419340362,2.501619138906474,p,1
-1.2329420464028111,2.525022918282812,p,1
-0.9366983911611391,2.8141359776017265,p,1
-0.9570462024265725,2.589461769220451,p,1
-1.0132991684527755,2.7352932038277977,p,1
-0.874361249945862,2.810639066259862,p,1
-0.9762998854732259,2.586604523701973,p,1
-0.9228260690863539,2.7525961747250722,p,1
-0.7597920902734028,2.8025673160211775,p,1
-1.1366844321719587,2.437944633235474,p,1
-1.0114872153235681,2.5990508223498856,p,1
-0.82326172801766,2.731197343300072,p,1
-0.8975619011961302,2.737432486858377,p,1
1.5835541287133674,0.1408330677350092,e,0
-0.9283444020782026,2.6631036205195624,p,1
-1.1573733496188907,2.455666737734996,p,1
-1.1123435193302205,2.533854747638641,p,1
-1.1378374404523697,2.443395077596374,p,1
-0.7862474817133402,2.725693581583714,p,1
-1.1061561951448389,2.6753083591855917,p,1
-0.7448756519472088,2.802378114326108,p,1
-1.0915383756130006,2.517156424288087,p,1
-0.9839029481794082,2.7410107079954944,p,1
-1.028515117485419,2.5128805664303058,p,1
-1.0731116454313936,2.508433694238049,p,1
-1.0159460379180336,2.594105611982686,p,1
-0.9207838752968043,2.668029111727729,p,1
-0.7825614167791874,2.8073686168529837,p,1
-1.306360368313428,2.3843166165132206,p,1
-0.7915900416264492,2.726409591002443,p,1
-1.0056354926750697,2.7393377833174326,p,1
-0.8210805795705629,2.7386756307998743,p,1
-0.8799804150620238,2.7433194735621096,p,1
-1.2118070282746012,2.533080617555884,p,1
-0.4458963938378901,-0.14873113117597894,e,1
-0.8682688299190706,2.744030902744605,p,1
-0.828845418057621,2.726745340587916,p,1
-1.8505520992399758,-1.3738507119793641,p,1
-1.1445423452209373,2.5293403581129623,p,1
-1.4826603604163615,-0.47338197213479827,p,1
-0.8162283407357676,2.7268206926849308,p,1
-1.0589674650211032,2.513173749521411,p,1
-0.9129464739992563,2.656950715274111,p,1
-0.9434369755323011,2.673854193708503,p,1
-1.0856807249987792,2.4272086486856677,p,1
-1.0182466420312,2.509027694650452,p,1
-1.047634030979006,2.5204128227293525,p,1
-0.7861312554430526,2.726717362732682,p,1
-0.9083845024084831,2.6610150139227793,p,1
1.4366788746045869,0.12050486017244616,e,0
-0.9837704152393589,2.820515030695425,p,1
-1.2679737384621017,2.3735052798663996,p,1
-1.0586754656720758,2.6044060942946166,p,1
-1.1199847973057055,2.5907730652671033,p,1
-0.7791241110553715,2.8085155482733546,p,1
-1.1584320402285555,2.443133638130768,p,1
-1.0234881358217336,2.5919597956467033,p,1
1.1192355137049195,0.028776434029563785,p,0
-1.090649190103862,2.4380398056516435,p,1
-1.275049661668778,2.537213605983229,p,1
-1.165507963435232,2.606841964247596,p,1
-0.8528684922320615,2.7424396019485355,p,1
-1.0527146660615465,2.5135774069736665,p,1
-0.8833014945155522,2.7431963232907064,p,1
-1.0229531823057147,2.5123074264420135,p,1
0.2569045683136489,-0.8462569669932559,e,0
-1.1278828116747772,2.4434006979375646,p,1
-0.8161121144654799,2.7278444738338985,p,1
-0.8527522659617737,2.7434633830975033,p,1
-1.1775088839333976,2.599750937544414,p,1
-1.0894579665541482,2.5300772279558026,p,1
-0.7880419578228406,2.802035702422297,p,1
0.942272378863241,-0.7503009018095637,p,0
0.7827318722562258,0.09246648113372152,p,0
-1.0553718632382547,2.664429505205349,p,1
-0.8494311865082456,2.7435865333689065,p,1
-1.4054129640285906,2.3918208471048037,p,1
-1.3304641936819552,2.461854686710469,p,1
-0.7520121882254092,2.80763567665978,p,1
-1.245204411956317,2.3687039790345934,p,1
-1.0373167379826005,2.5074245017282153,p,1
-0.7918094168930445,2.7262667215720064,p,1
0.8514717814887427,0.30297955308057795,p,0
1.3053232315908823,0.1025402152741055,e,0
-1.8538687305541446,-1.189284118446762,p,1
-0.940913481645588,2.5818785749671815,p,1
-0.8460310545234446,2.735998644131878,p,1
1.2027067741813169,-0.10221352741406528,e,0
0.3363216825088808,-0.5724237920997229,e,0
-0.8921031150127336,2.737740258588616,p,1
-0.861670112729243,2.736983537246445,p,1
-1.279392257992956,2.5332921767649967,p,1
-0.8333195057915603,2.7320726346774125,p,1
-0.8220859913499892,2.8167684682873495,p,1
-0.8211968058408505,2.7376518496509066,p,1
-0.6853911777066879,2.7908896562949597,p,1
-1.1050907567817327,2.5296209664539364,p,1
-1.2207854881135938,2.368150007921669,p,1
-0.9555727527569908,2.66637028586751,p,1
-1.0374384688975038,2.7499636840394492,p,1
-0.9270524391402439,2.749698526655808,p,1
-0.8821778701788825,2.6573606445113445,p,1
-1.2364027914591358,2.374160043736684,p,1
-0.9786548596763305,2.744296060128246,p,1
-0.26797430246668896,0.07032264787692538,e,0
-0.9731005854722419,2.5882394857030646,p,1
-1.1265908487368186,2.52999560407381,p,1
-0.9009992069199462,2.7362855554380054,p,1
-1.0993182776609942,2.512088063649484,p,1
-1.0631342882665413,2.599460883927417,p,1
-1.0870793514399968,2.5186910597719456,p,1
-0.7984274793350659,2.7328505488191004,p,1
-1.0193833436418496,2.5929586805623153,p,1
-0.8070965668921981,2.8068988068169407,p,1
-1.321332419838386,2.541932800842479,p,1
-1.236757503227483,2.530403630887888,p,1
-0.8720842867437424,2.7494116153496804,p,1
-0.7957631328501007,2.814137880024882,p,1
1.7109190324809402,-0.0019718935729159393,e,0
0.6118849901841277,0.253999706216698,p,0
-1.1607075063463992,2.4536388945960934,p,1
-1.3124527883402195,2.4509247800284784,p,1
-0.9011317398599954,2.6567812327380746,p,1
-0.9927990400866207,2.739556004844884,p,1
-1.1444261189506495,2.53036413926193,p,1
1.3905455391565877,-0.31587472057143373,e,0
-0.9306059711343475,2.747527814086469,p,1
0.4257921024913535,-0.9383082545932951,e,0
-0.9012348888563031,2.657662144456606,p,1
-0.777622335617846,2.716152225468546,p,1
-0.9633526548049847,2.6613019252289067,p,1
-1.2629269617180685,2.5427928209567225,p,1
1.6958458110653283,0.164220589205112,e,0
-1.0561519717853625,2.512430475553295,p,1
-1.007787984769184,2.5926463285958428,p,1
-1.1060394890993233,2.519552802615109,p,1
-0.9658478229237539,2.5840057045183604,p,1
-1.873591768055646,-1.1908161594308286,p,1
-1.2295047406789952,2.5261698497031833,p,1
-1.125371509881292,2.525501034867286,p,1
-1.2126962137837396,2.612197236192327,p,1
-1.0324688334424752,2.6007517248831813,p,1
-1.2832759433334475,2.4564994147657386,p,1
-1.1166861156543983,2.529933318420409,p,1
-1.0973540948724296,2.523985086168232,p,1
-1.0116034415938557,2.598027041200918,p,1
0.40086925846243054,-0.20232173320621136,p,0
-0.9523548222997704,2.6673743478574448,p,1
0.6989920680402446,0.5698431410589647,p,0
-1.0228369560354271,2.5133312075909813,p,1
-1.0551524879716592,2.6645723746357852,p,1
-0.865896482783133,2.7340858891771807,p,1
1.5036212249387775,0.34540626533539953,e,0
-0.7521284144956968,2.8066118955108124,p,1
-1.2351108285211772,2.4607549498729298,p,1
-1.0338849369034,2.752134396608788,p,1
-0.8887820355592053,2.737863408860019,p,1
-0.8313935382722983,2.6464817905311016,p,1
-0.95463178550189,2.7286017987676265,p,1
1.3902191590837518,-0.15795432485985642,e,0
-0.8371349626162321,2.7374533472824885,p,1
-1.1267070750071064,2.5289718229248423,p,1
-1.248107243939342,2.444684016128983,p,1
-0.9724844286485541,2.5812238110968972,p,1
-0.9253649571190417,2.821375050809668,p,1
-0.8503736508476225,2.7320772149136463,p,1
-0.8922193412830213,2.736716477439648,p,1
0.11948637232476028,-0.49044406129488327,e,0
-0.984019174449696,2.7399869268465267,p,1
-1.8485886448149822,-1.1864636190764872,p,1
-0.9785386334060426,2.7453198412772135,p,1
-0.9911557107278961,2.745244489180199,p,1
-1.163874366002906,2.5352885903651394,p,1
-1.228622889411142,2.379228404375287,p,1
-0.8505930261142178,2.7319343454832095,p,1
-0.9304897448640599,2.748551595235437,p,1
-0.7573765029987745,2.803326543378061,p,1
0.5737517492612223,0.36100197627353253,p,0
-1.1888411476255492,2.4541310621461805,p,1
-1.115155436048359,2.6747345677535126,p,1
-0.8038289678474466,2.719806594879981,p,1
-1.2716123559449621,2.5383605374036,p,1
-1.167311671726722,2.5341416589447685,p,1
-0.8886658092889177,2.738887190008987,p,1
-1.2241621807658862,2.5254538402844546,p,1
-1.0497881731982937,2.668881507917505,p,1
-0.9804493357858308,2.8206381809668284,p,1
-1.1699667860296974,2.6018967538803968,p,1
1.4685001572071619,-0.01617566066223458,e,0
-1.1740710984343539,2.444118531245335,p,1
-1.2278614113202704,2.5318583340384984,p,1
-1.1880388044429568,2.4543758967792315,p,1
-1.180039527128368,2.459587126848271,p,1
-0.9295854957939857,2.6625730470256386,p,1
-1.162070657711416,2.6079888956679675,p,1
-1.139232552386636,2.35768108317866,p,1
-1.0473721061484378,2.512861397554938,p,1
-0.7685937107705842,2.7971112513190874,p,1
-0.8704499783661677,2.7365526152448023,p,1
-0.5831217245696908,-0.34351118461144703,e,1
-1.1878194291763615,2.454518766209668,p,1
-1.0114015433469674,2.658070171270684,p,1
-1.2446152802693156,-0.13363415200683706,p,1
-1.051582649307794,2.7452236287560874,p,1
0.757078755221009,0.39744495416578013,p,0
0.3448489445185596,-1.0519882832644676,e,0
-2.2252084628655497,-0.9782441810689176,p,1
0.4764387592104114,-0.4051852060928043,p,0
-0.7608138087225906,2.80217961195769,p,1
-1.1201234213782143,2.528786387000038,p,1
-0.9205645000302087,2.6681719811581655,p,1
-1.0665879006601187,2.519833410956083,p,1
-1.0667041269304065,2.5188096298071154,p,1
-0.7600408494837396,2.7220392121722794,p,1
-0.9919171888187674,2.5926145595169876,p,1
-0.8834177207858398,2.7421725421417387,p,1
-0.8932193048719523,2.7413539160766085,p,1
-0.9431947226882571,2.5781806225375865,p,1
-1.1618087328808477,2.6004374704935533,p,1
-0.945610789738113,2.7342007329001534,p,1
-1.0518020245743895,2.745080759325651,p,1
-0.9077204183582752,2.7437502944036307,p,1
-1.2204761158317334,2.6071288755537245,p,1
-1.1117176505493154,2.5191021614544336,p,1
-1.1496521745916308,2.4435645601324105,p,1
-1.0195158765818988,2.513454357862385,p,1
-1.0511875629731096,2.518242110160014,p,1
0.4039271148209577,-0.7689075925317858,e,0
-1.0599674286100345,2.517811188158371,p,1
-1.0653317433834,2.513502054876652,p,1
-1.8055571670810209,-1.454517984653396,p,1
-0.8110445566569193,2.7327751967220855,p,1
-1.2705906374957745,2.538748241467087,p,1
-0.8729980985808452,2.656289065187988,p,1
-0.8900013744147319,2.742357978066543,p,1
-1.0982595870513296,2.524621163253712,p,1
-1.0958809719371783,2.513234995069855,p,1
-0.9365821648908514,2.8151597587506942,p,1
-1.2957767943850131,2.457447843817692,p,1
-0.8264285876741668,2.812847039069118,p,1
-0.8004948111199384,2.7218344380188837,p,1
-0.5046800030590634,-0.1430635072647756,e,1
0.20374004060034762,-0.38146485826119114,e,0
-0.9757520276933056,2.6683160230338565,p,1
-1.1062593441411466,2.676189270904123,p,1
-1.1416528972770417,2.44877579020145,p,1
-0.7722580208444805,2.7204613587502653,p,1
-1.1200071951079265,2.5298101681490057,p,1
-0.7792403373256591,2.807491767124387,p,1
-1.0612235858867531,2.5241425442378023,p,1
-0.8548326750206261,2.7305425794297875,p,1
-1.1828509640712788,2.443687609243692,p,1
-1.0768791045015977,2.432664713387758,p,1
-1.1637581397326182,2.536312371514107,p,1
-0.9984051279288026,2.6741411050146304,p,1
-1.0871825004363047,2.5195719714904765,p,1
0.7384581976689881,0.19592365786035634,p,0
1.3462549513170938,-0.1086235048529419,p,0
-1.0585897936954751,2.6634254432154143,p,1
-1.1583714271570318,2.6015844019139243,p,1
-1.2513922159169266,2.384029705207093,p,1
-1.1739548721640662,2.4451423123943026,p,1
-1.2455591237246644,2.5249475661857974,p,1
-0.8286260427910255,2.7268882100183527,p,1
1.528143394350532,0.17956034248663424,e,0
-0.44296088167273157,-0.22399683192631972,e,1
-0.9613104610154348,2.5767348622315636,p,1
-1.0042344527750802,2.5948170411651814,p,1
-1.043818574154334,2.515032110124277,p,1
-1.1063696424457115,2.4449307531851896,p,1
-1.1140392461891404,2.67112091026552,p,1
-1.0145474114768158,2.502623200896409,p,1
-1.0384601873466914,2.749575979975962,p,1
-1.0664553677200694,2.599337733656014,p,1
-1.0624052505201471,2.66880615582049,p,1
-0.8245178852943789,2.737528699379503,p,1
-1.3374975809638479,2.46623133732561,p,1
-1.0767688061970329,2.6639232311066916,p,1
1.5001797549763938,-0.23258709717220158,e,0
-1.0084987113639428,2.582090134176294,p,1
-0.9852805830939675,2.595396452938451,p,1
-0.9912719369981837,2.7442207080312313,p,1
-1.3342796505066274,2.467235399315545,p,1
-0.8779147819399657,2.8084683536905235,p,1
-0.6975711753284135,2.7980466235303454,p,1
-1.0283988912151314,2.5139043475792735,p,1
-0.9317817078020185,2.661956689099191,p,1
-1.1114982752827198,2.51924503088487,p,1
-0.9077586336275778,2.646262427738572,p,1
-1.176857704147091,2.521122349488692,p,1
-0.9402682298250042,2.733484723481425,p,1
0.4864859213824187,-0.1051038880417475,p,0
-0.7690400903872598,2.7214654207402003,p,1
-1.3212544088374008,2.445468715326388,p,1
-1.1776191822379622,2.368492419825481,p,1
-1.040534668439821,2.5064204397382803,p,1
-1.1684874083943928,2.4485705339574904,p,1
-1.0860206608303322,2.5312241593761735,p,1
-0.9761067394616529,2.82455961018506,p,1
-1.1418722725436372,2.4486329207710136,p,1
-1.104974530511445,2.530644747602904,p,1
-1.051685798304102,2.7461045404746187,p,1
-1.0733310206979891,2.5082908248076126,p,1
-1.0552381599482599,2.6055530257149875,p,1
-0.987456480173512,2.7388399954261553,p,1
-0.7958793591203885,2.8131140988759142,p,1
-0.9659640491940418,2.5829819233693927,p,1
-0.8605321680097675,2.7383950224589,p,1
-0.7688207151206645,2.7216082901706367,p,1
-1.1299250054643268,2.527967760934908,p,1
-0.9343931021910756,2.583636687239677,p,1
-0.8538109565714385,2.730930283493275,p,1
-1.1071556789585422,2.5231664601031016,p,1
-1.000718809315949,2.587158494814897,p,1
-1.1152874892131805,2.4384509073341314,p,1
-0.8069803406219105,2.8079225879659084,p,1
-1.1027184096457952,2.5196759528865122,p,1
-1.1890605228921447,2.453988192715744,p,1
-1.4519736868617727,-1.560060917049626,p,1
0.46957149046593133,-0.7497933073246866,e,0
-1.0961003472037738,2.5130921256394188,p,1
-0.8660127090534206,2.733062108028213,p,1
-0.7983112530647782,2.733874329968068,p,1
-0.8784655623505184,2.6528608436248,p,1
-1.2830565680668522,2.456642284196175,p,1
-0.8695607928570293,2.657435996608359,p,1
-1.1823164903304875,2.5208145777584527,p,1
-1.194555416551485,2.514211581635991,p,1
-0.7710822841768095,2.8060324837375434,p,1
-0.9383653614309104,2.662142125023996,p,1
-1.3418401772880255,2.4623099081073785,p,1
-0.8798641887917362,2.7443432547110773,p,1
-0.7713442090073777,2.8135839089119576,p,1
-1.0895741928244358,2.529053446806835,p,1
-1.0643100249342121,2.5138897589401394,p,1
-1.334060275240032,2.4673782687459815,p,1
0.7580411648597873,0.0067643600700542095,p,0
0.5535418377060599,0.3550821671914714,p,0
1.500542995181696,-0.2243359966850302,e,0
-1.346299201461029,2.4607752726235197,p,1
-0.834611468729519,2.645477728541167,p,1
-1.108789987336117,2.5360254602079797,p,1
1.4116697751392455,0.011612612495080415,e,0
-0.878581788620806,2.651837062475832,p,1
-1.2918581885640337,2.4511862194940846,p,1
-0.9929021890829286,2.7404369165634153,p,1
-1.2501210953154376,2.5208832675371293,p,1
-0.7652726313170559,2.7972344015904906,p,1
-1.149535948321343,2.4445883412813783,p,1
0.9980015116003447,0.15463238039628383,p,0
-1.0713171693218932,2.4320915733994664,p,1
-1.0204050620910372,2.592570976498828,p,1
-1.1687072634362161,2.6052070022465044,p,1
-1.3160226270040847,2.3702735259081766,p,1
-0.9430784964179693,2.5792044036865542,p,1
-0.5430666329103895,-0.1322521706179546,e,1
-0.8036592611683822,2.8080457382373116,p,1
-1.057902506433225,2.524265694509206,p,1
-0.960134724347764,2.6623059872188417,p,1
-0.7748977410014815,2.8114131963426185,p,1
1.315416030744212,0.07760336638380283,e,0
-1.253339025772658,2.5198792055471944,p,1
-0.8277074733381455,2.728156825800371,p,1
-0.9954983070520738,2.741323059961967,p,1
-0.7709660579065218,2.807056264886511,p,1
-1.0019783319094302,2.58384824644879,p,1
-1.275165887939066,2.536189824834261,p,1
-1.1744258102027012,2.6003621183965384,p,1
-1.1801426761246754,2.4604680385668023,p,1
0.7586284630967897,0.3983985548970761,p,0
0.39999036970979257,-0.8351759364662307,e,0
-0.17513098407473596,-0.025096353939572713,e,0
-1.0701414326542225,2.517662698386744,p,1
-0.8312773120020107,2.6475055716800693,p,1
-1.0257650990238534,2.653187246556885,p,1
-0.8310416300656538,2.7261289826614687,p,1
-1.0589679447963312,2.6699530872408612,p,1
-0.7826776430494751,2.806344835704016,p,1
-0.8422155976987729,2.730617931526802,p,1
-1.1381005356328835,2.5893273049610803,p,1
-1.0261050348554064,2.757202757247391,p,1
0.3583985249602772,-0.7642325353066272,e,0
-1.0078317046831022,2.7387214253909855,p,1
-1.1063755704114344,2.6751654897551553,p,1
-0.9877184050040801,2.74639142060057,p,1
-1.0587916919423634,2.603382313145649,p,1
-0.781059641341662,2.715005294048175,p,1
-0.8493149602379577,2.744610314517874,p,1
-1.1446459739924728,2.687000607550944,p,1
-0.854162864778083,2.6512830913629077,p,1
-0.8144818623807353,2.7316282653017145,p,1
-1.043905896256108,2.7511729011132213,p,1
-0.7011247073225171,2.7958759109610067,p,1
-0.9990518390461773,2.7391523473926283,p,1
-1.300857429467554,2.4506124280620054,p,1
-1.1651532516668845,2.450598377096393,p,1
-0.8540466385077954,2.6523068725118755,p,1
-0.993176711412249,2.58930431115088,p,1
-0.9128302477289685,2.657974496423079,p,1
-1.0089637214368548,2.5070752036085646,p,1
-1.0350228816228755,2.7507229113963327,p,1
-0.8717443509121894,2.6453961046591745,p,1
-1.3036729227032946,2.451355702030121,p,1
-1.2883914988964762,2.532718385332918,p,1
1.66578125881481,-0.1318913322816818,e,0
-0.8276043243418378,2.72727591408184,p,1
-1.0461238631243974,2.7455314004863265,p,1
0.7711085869844783,0.5963747578723003,p,0
-1.3212161935680982,2.542956581991447,p,1
-1.2919613375603414,2.452067131212616,p,1
0.7253517107266683,-0.06786720414486638,p,0
-0.8287291917873334,2.7277691217368836,p,1
0.8414758353500384,0.2833539451771769,p,0
-0.9599153490811687,2.662448856649278,p,1
-0.8900609212231838,2.6531731955912727,p,1
-0.8186486856261732,2.8179153997077204,p,1
1.4050434868168897,-0.14388584778437694,p,0
0.4857522394423727,0.4074905916366098,p,0
-1.0705195837550783,2.524190342412191,p,1
-0.9127270987326608,2.6570935847045476,p,1
-1.0908685653704575,2.437896936221207,p,1
-1.0000518026351086,2.7437897860295886,p,1
-1.3046728862922257,2.4559931406670814,p,1
-1.0845487082450265,2.6588548704680885,p,1
-1.2917256556239844,2.5306905421940153,p,1
-0.4813475115240577,-0.21318549527949873,e,1
-0.780262055774847,2.8071040630608994,p,1
1.5053375288941873,-0.22984372586957094,e,0
-0.8898851481444441,2.7433817592155108,p,1
-1.1594537586777434,2.4427459340672804,p,1
-2.294214697077229,-0.7997689970758048,p,1
-0.833813883162704,2.7375764975538917,p,1
-0.7778417108844413,2.71600935603811,p,1
-0.8629427304150079,2.650852169361265,p,1
-1.2245403318667423,2.5319814843099016,p,1
-0.8415937852106976,2.7325081369152886,p,1
-0.8366253201056146,2.7216769799493132,p,1
-0.8297496671276952,2.8127238887977146,p,1
-1.3341634242363394,2.468259180464513,p,1
-0.9511137285839872,2.6679049213513686,p,1
1.5152457741773309,-0.11802362889424997,e,0
-1.188944296621857,2.455011973864712,p,1
1.7761050949127541,-0.19827300410685553,e,0
-0.7687099370408719,2.7960874701701197,p,1
-1.0667478468443248,2.664884726602258,p,1
-1.108571782419467,2.674549131828708,p,1
-0.9544124102352944,2.728744668198063,p,1
-0.9930604851419611,2.5903280922998477,p,1
-1.0055264157130388,2.508222135028936,p,1
-0.9751013276822267,2.746466772697585,p,1
-0.9467711322598094,2.6718263505696003,p,1
-1.0655511186499955,2.513359185446215,p,1
-1.1173734029166484,2.6690930671266173,p,1
-1.103821522231034,2.525194303242004,p,1
-0.882397245445478,2.657217775080908,p,1
-1.0438027472598004,2.7502919893946904,p,1
-1.1574895758891788,2.4546429565860284,p,1
0.7973459678701518,-0.17394628108620344,p,0
-1.1037183732347262,2.524313391523473,p,1
-1.1267666218155583,2.439787040449572,p,1
-0.9013511151265907,2.6566383633076383,p,1
-1.1266634728192506,2.4389061287310407,p,1
-1.3177788878442822,2.5441035134118177,p,1
-1.0591873200629267,2.669810217810425,p,1
-1.068769049107216,2.5123551234562806,p,1
-1.0861368871006198,2.530200378227206,p,1
-1.1290358199551882,2.4488511422984645,p,1
-0.8817997190780267,2.6508330004858975,p,1
-0.8747925746903455,2.7326311860265706,p,1
-1.122320876495073,2.4428275579492724,p,1
-0.8072290998322473,2.72739448411701,p,1
-1.1191029460378525,2.4438316199392074,p,1
-0.9051665719512627,2.6620190759127142,p,1
-1.0168515300969336,2.5947416890681665,p,1
-0.759924623213452,2.723062993321247,p,1
-0.9966144969112927,2.7449367174499595,p,1
-0.9571624286968603,2.588437988071483,p,1
-1.235641313368264,2.5267899733998953,p,1
-1.0732147944277013,2.5093146059565803,p,1
-0.8856151759026984,2.656213713090973,p,1
-1.1110669505382365,2.5972529111181615,p,1
-1.350744946781515,2.4577347551238193,p,1
-1.0765489511552095,2.5072867628176776,p,1
-0.8017485587885942,2.7327273985476968,p,1
-1.1825358655970828,2.5206717083280163,p,1
0.4237615438463584,-0.9417308535648307,e,0
-1.0528178150578544,2.514458318692198,p,1
0.3921058664647737,-0.4475620905630042,p,0
-0.9305279601333625,2.651063728570378,p,1
-0.9968338721778882,2.7447938480195226,p,1
-0.7291421223313796,2.797391859660061,p,1
1.3524605183273901,0.28004513454027885,e,0
-1.0983758133216173,2.5235973821047444,p,1
-0.800611037390226,2.720810656869916,p,1
-1.1879225781726692,2.4553996779281992,p,1
-0.8389976672415522,2.731621993516737,p,1
1.2785400735849566,-0.331409784035951,e,0
-1.0428027836708693,2.7456545507577297,p,1
-1.2411000995516608,2.526482201669656,p,1
-1.354079103509023,2.4557069119849166,p,1
-0.8782298804141615,2.7314842546061993,p,1
-0.975635801423018,2.6693398041828242,p,1
-1.2591721179649205,2.37896134456849,p,1
-1.0872987267065923,2.518548190341509,p,1
-0.833435732061848,2.7310488535284447,p,1
-1.0295423405792223,2.75605582582702,p,1
-0.8843232129647398,2.742808619227219,p,1
1.8477196671380678,0.021043543803913323,e,0
0.9419554690565766,0.4348415327893237,p,0
-2.097698253973928,-0.8911874457584511,p,1
0.7327616032605127,0.41063100656446255,p,0
-0.8756378187378462,2.7472409027803417,p,1
-1.298580466265434,2.3893849771518236,p,1
-1.106485868715999,2.443906972036222,p,1
0.22835393190141556,-0.6469950845944459,e,0
-1.2152443339984171,2.531933686135513,p,1
-1.0280687378687432,2.588526397009193,p,1
-0.7486911087718808,2.8077588269311837,p,1
-0.8783624133542107,2.6519799319062685,p,1
-0.7675287521827059,2.808203196306882,p,1
0.1611835124788799,-0.5059562235791845,e,0
-1.1324731256790042,2.4477042108780935,p,1
-1.3819202826799966,-0.4092096785725208,p,1
-1.056749498152814,2.518815250148305,p,1
-1.2170388101079175,2.6082758069740954,p,1
-2.0306588051715933,-1.176691675717245,p,1
-1.1356627137227708,2.4383323372989616,p,1
-0.9254811833893293,2.8203512696607005,p,1
0.6031547176735832,0.3194048884752151,p,0
-1.0360223654365788,2.5985810123138426,p,1
-0.9161644044564767,2.6559466532841762,p,1
-0.8592784203411117,2.727502061930087,p,1
0.24487557408234611,-0.48840575917975726,e,0
-1.2045615999673986,2.4610220096797266,p,1
-1.2498154141366655,-0.09567943696151845,p,1
-1.0856425097294762,2.5246965153507266,p,1
0.7961623071127442,0.5533641805009405,p,0
-1.2835910418076433,2.3795153156814144,p,1
-1.0754839925673312,2.5183787078054727,p,1
0.24340667704739388,-0.9334082043697215,e,0
-1.2297241159455905,2.526026980272747,p,1
-1.2839457535759906,2.5357589028326184,p,1
-0.8157535664537274,-0.6442299386163911,e,1
0.4269135573801404,-0.3684627119058198,p,0
-0.7836993614986629,2.8059571316405285,p,1
-1.1708722782085974,2.602532830965877,p,1
-0.7609300349928783,2.8011558308087223,p,1
-1.258995278623109,2.5384358895006147,p,1
1.3461304368504052,-0.0902274558419657,p,0
0.5486980291329564,0.40401255364489225,p,0
1.4829410958034974,-0.0817353920880752,e,0
1.3703747590495732,-0.15887507433716705,p,0
0.2740395063421634,-0.3956343923629275,e,0
0.6074816383541297,0.398344929733689,p,0
0.3427612940688762,-0.9832638756763722,e,0
-1.0426865574005815,2.7466783319066974,p,1
0.5978155122932978,0.25162499046483655,p,0
-1.0972378686021418,2.5250088673171995,p,1
-1.106155715369611,2.5185290214661413,p,1
-0.9966303238058263,2.5096768381795465,p,1
-1.0055192664047818,2.7403615644664003,p,1
-1.1738517231677583,2.4442614006757712,p,1
-0.9405833282992,2.6565006243971006,p,1
-0.9377201096103267,2.813748273538239,p,1
-0.9878346312743678,2.7453676394516022,p,1
-1.1145042562620524,2.5961059796977906,p,1
0.21170569593790517,-0.9524580880602008,e,0
0.2604899259004457,-0.6833901403207681,e,0
0.3655404849696315,-0.7580962558849648,e,0
-1.0949385075978013,2.5247443135251153,p,1
1.216634565418618,0.20173187858859254,e,0
-0.9249868060181858,2.8148474067842217,p,1
-1.022466417372546,2.5923474997101907,p,1
0.5862318731489109,0.5589781792487567,p,0
-1.2536691791190462,2.445257156117275,p,1
-0.8364059448390191,2.7218198493797496,p,1
-1.075587141563639,2.519259619524004,p,1
-2.2964502539033624,-0.8202461890290463,p,1
-1.1734040917535133,2.600749822460026,p,1
0.3546849379576526,-0.8635377375124788,e,0
1.1659134648414327,-0.0031299170639599028,e,0
-0.9433338265359934,2.6729732819899716,p,1
-1.4219944865737657,2.38129642176411,p,1
-0.7010084810522295,2.7968996921099745,p,1
1.35225555868665,-0.22812875429722415,e,0
-1.350641797785207,2.456853843405288,p,1
-0.9216657265646575,2.814970557055625,p,1
-1.1857537960543034,2.5196676463380814,p,1
-0.8965032105864654,2.7499655864626047,p,1
-1.0555301592972872,2.5143206809417817,p,1
1.4652741688326254,-0.07091189104027912,p,0
-1.0641517288751796,2.663998583203706,p,1
-1.9406312168579807,-0.9053119294720348,p,1
-0.9139464375881874,2.6615881539110715,p,1
-1.1210289135571143,2.5294224640855183,p,1
-1.07673059092773,2.7614110977717505,p,1
0.20170948195535238,-0.38488745723272644,e,0
1.1481215942247234,0.11504977394314113,p,0
-0.9512168775802949,2.6687858330699,p,1
-1.2323202339147359,2.5269131236712985,p,1
-1.0372005117123129,2.508448282877183,p,1
0.9343191537419913,0.1879349433606788,p,0
0.4604416224647086,0.06103709065786092,p,0
-0.9376038833400391,2.814772054687207,p,1
-0.8925494946294092,2.6620944280097287,p,1
-1.0845104929757237,2.7563427371331475,p,1
-0.20919069324551573,0.06465502396572204,e,0
-0.4850003571168979,-0.16868478695592973,e,1
-1.0018621056391426,2.5848720275977577,p,1
-1.0846267192460115,2.7553189559841798,p,1
-0.9396215187076293,2.668473481103427,p,1
-2.468741307521813,-0.7626971831814492,p,1
-2.4457049696904933,-0.8653736887927889,p,1
-0.8188244587049129,2.7277068360834824,p,1
-1.1175916078332984,2.530569395505889,p,1
-0.7599083165436904,2.8015435348722098,p,1
-0.8336976568924162,2.7386002787028594,p,1
-1.2374245099083232,2.3737723396731965,p,1
-0.980333109515543,2.821661962115796,p,1
0.29084796284913356,-0.8461925654766359,e,0
-0.9838866415096468,2.8194912495464575,p,1
-1.1852887859813914,2.594682576905811,p,1
0.9623524484264234,0.43998524552494145,p,0
-1.0757033678339267,2.5182358383750363,p,1
-0.869333788506949,2.7329389577568097,p,1
-0.8831628704430434,2.8051830015577717,p,1
0.4937183748348301,0.5273028496998033,p,0
-0.9636828081513726,2.5866798757989877,p,1
-1.0905166571638127,2.5175441283515743,p,1
0.4587900211861647,-0.46211572113902855,p,0
-0.9752175539525145,2.745442991548617,p,1
1.4544856961893031,-0.05501985505039231,e,0
-0.9227480580853689,2.656132089208981,p,1
-1.055255636967967,2.6654532863543166,p,1
0.30315180436443984,-1.0364761209801665,e,0
-1.1344869770551,2.5239034622862397,p,1
-1.175071062023285,2.448755969882295,p,1
-0.8810021335112117,2.742931769498622,p,1
-0.5783037126996191,-0.47951506291538115,e,1
0.1725455496955351,-0.47765882404955606,e,0
-1.2991109511125214,2.455420000678789,p,1
-1.0881010698891846,2.518303355708458,p,1
0.4890616340764114,0.5754571398067809,p,0
-0.9521354470331749,2.667517217287881,p,1
-1.2153605602687048,2.530909904986545,p,1
-1.019399650311611,2.5144781390113526,p,1
-1.8308290617384744,-1.3723186709952977,p,1
0.28128681669404404,-0.8670754589186568,e,0
-0.8672320479089473,2.737556677234737,p,1
-1.1951529429189363,2.520596356231001,p,1
-1.0340011631736878,2.75111061545982,p,1
-0.9976357355852525,2.5877696756670217,p,1
-1.1671954454564342,2.5351654400937362,p,1
0.17994984462748304,-0.6930641411486086,e,0
-1.398406692140774,-0.36440276910110614,p,1
-0.8143656361104474,2.7326520464506823,p,1
-0.836509093835327,2.722700761098281,p,1
-1.232204007644448,2.5279369048202662,p,1
0.5198119486131525,0.3177392137313149,p,0
0.4597354970268383,-0.9382438530766753,e,0
0.8130851516374165,0.31379088972739894,p,0
-1.02965856684951,2.7550320446780523,p,1
-1.1709885044788853,2.6015090498169093,p,1
-1.2740279432195905,2.5376013100467163,p,1
-0.9192725370922501,2.754766887294411,p,1
-0.9849024319931117,2.5888688089130043,p,1
0.8211185021075522,0.08165514448690053,p,0
-1.0679671856998514,2.669379295808782,p,1
-0.8933950779506921,2.65114535245237,p,1
-0.7676449784529935,2.8071794151579144,p,1
-1.046885341215269,2.592901470823115,p,1
0.9426920372243459,0.4050170078166464,p,0
0.36042908360527254,-0.7608099363350919,e,0
0.30259014275439683,-0.5948962747617373,e,0
0.26059527624297213,-1.1609674862981598,e,0
1.3298160639120236,0.14505206042271293,p,0
-1.354409256855411,2.3810848625549976,p,1
-1.2795084842632436,2.532268395616029,p,1
-1.0795188246585987,2.5236165509801114,p,1
-0.8401734039092232,2.646050868529459,p,1
-0.8867164024371472,2.803012288988433,p,1
-0.9342768759207878,2.5846604683886447,p,1
-0.9285637773447979,2.662960751089126,p,1
-1.1411050394971214,2.5304872895333332,p,1
-1.004350679045368,2.5937932600162137,p,1
-0.9429556754351376,2.6664456379645247,p,1
-1.115068113946585,2.438593776764568,p,1
-1.0462400893946853,2.7445076193373588,p,1
-1.1834768328521839,2.4584401954278996,p,1
-0.8200437975604395,2.732201405290006,p,1
-1.342965044733521,2.4628031157624224,p,1
-1.0383439610764038,2.7505997611249295,p,1
-0.21351761392606225,-0.014285017292751723,e,0
-1.0081661358700398,2.5991739726212892,p,1
-1.6110075093870644,-1.6529654793017234,p,1
-1.1412747461761856,2.442248146176003,p,1
-0.9873402539032241,2.739863776575123,p,1
-1.0816205652566002,2.5189988315021847,p,1
-1.0325850597127628,2.5997279437342136,p,1
-0.7777254846141537,2.7170331371870775,p,1
-1.3035566964330068,2.452379483179089,p,1
0.3874054726400273,-0.9274969179464742,e,0
-1.0757470877478452,2.664310935170179,p,1
-1.2123415020153925,2.4559536490411236,p,1
0.35625918533513107,-0.8961126382999062,e,0
-0.9289184891131452,2.819204338240329,p,1
-1.118883570771257,2.443974489369644,p,1
-2.7138659928617574,-0.32349519349132627,p,1
-1.0359061391662912,2.5996047934628104,p,1
-1.3600200622894478,-0.37521410574792713,p,1
1.4311938531943647,-0.19071481829706674,p,0
-0.9814651262692955,2.5900157403333752,p,1
-0.8570948622859516,2.739541953879271,p,1
-0.24464181093168333,0.00020065986220224596,e,0
-1.0202888358207496,2.5935947576477956,p,1
-0.9907414521510967,2.6781856845042658,p,1
-0.8976650501924379,2.738313398576908,p,1
-0.9373653978419794,2.6575046863870355,p,1
0.344181987503912,-0.6658396759213409,e,0
-1.150652138180562,2.448201998769371,p,1
-1.121145139827402,2.5283986829365506,p,1
-1.2207248750420703,2.526600771704826,p,1
-1.2663642674418845,2.5416458895363516,p,1
0.2761754153296851,-0.8697891393687839,e,0
-0.916749043205537,2.6627912685530895,p,1
-1.1735366246935626,2.5212454997600955,p,1
-1.0052994113629585,2.5837250961773868,p,1
-1.2296078896753029,2.5270507614217146,p,1
0.6614978701516507,0.21832242750044167,p,0
0.4056637921749216,-0.2078294623907521,p,0
-0.9677527503787164,2.673527253102896,p,1
-0.48428302368921633,-0.13791979452915795,e,1
-0.8999787315795842,2.651330788377175,p,1
-0.9206676490265164,2.669052892876697,p,1
-1.0882042188854923,2.519184267426989,p,1
-1.178652180256591,2.5974644703272745,p,1
0.9670091891848422,0.391830955417964,p,0
-0.9240018057540247,2.667025049737794,p,1
-1.05501995503161,2.744076697335716,p,1
-0.7993166648442045,2.8119671674555433,p,1
-1.0678798635980773,2.4332385048198373,p,1
-1.0704033574847907,2.5252141235611587,p,1
-0.8187082324346251,2.72873061723245,p,1
-0.8245561005636817,2.640040832714444,p,1
-1.1095935008686548,2.6741614277652204,p,1
-1.019267117371562,2.593982461711283,p,1
-0.7483129576710248,2.8012311829057372,p,1
-1.0669672221109203,2.6647418571718218,p,1
-1.3518611366407336,2.461348412611812,p,1
-2.224130719361866,-1.1029299196175655,p,1
-1.0131960194564678,2.7344122921092664,p,1
-1.3430812710038087,2.4617793346134547,p,1
0.724388719778158,0.19354894210849496,p,0
-1.06441317393052,2.5147706706586703,p,1
-1.1525421023107543,2.6809084657633733,p,1
-0.9453837853880327,2.809703694048604,p,1
-0.9378304079148916,2.582489755819306,p,1
-0.9294692695236979,2.6635968281746063,p,1
-0.9967465500761141,2.5086530570305787,p,1
-2.251155311996537,-1.0638211834411162,p,1
0.21879278574632605,-0.6678779780364669,e,0
0.3753764784087245,-0.5696457101329759,e,0
-0.9025268517942617,2.5710672383203605,p,1
-1.044022122526396,2.7501491199642536,p,1
-0.8414775589404098,2.7335319180642563,p,1
-0.943553201802589,2.6728304125595352,p,1
0.9867752614841476,0.1794983224657192,p,0
-1.3892478029031288,2.4675223106216726,p,1
0.817412072317963,0.39273093098587286,p,0
-1.1234221030295215,2.5896261338467323,p,1
-1.008183612889747,2.6590742332606183,p,1
1.0023284322808912,0.23357242165475778,p,0
0.7631424515920209,0.4765624998091067,p,0
0.929475345168888,0.23686532981409963,p,0
-0.7447594256769212,2.803401895475076,p,1
-1.0973545746476574,2.680764423887682,p,1
-1.0281849641390308,2.5875026158602252,p,1
-1.1698505597594098,2.6029205350293645,p,1
-0.14818890528686543,-0.047043293122593866,e,0
0.35621098173521476,-1.0236908837348393,e,0
-1.1620018788924207,2.362482384010466,p,1
-1.0158298116477458,2.595129393131654,p,1
-2.0220654191026126,-1.2780797229423768,p,1
-1.303453547436699,2.4514985714605575,p,1
-1.0044975479555942,2.7407492685298878,p,1
-1.220592342102021,2.606105094404757,p,1
-0.8750119499569409,2.7324883165961342,p,1
1.744654517834297,-0.025866931240324298,e,0
-0.8298822000677444,2.733219566097784,p,1
-1.13320891117884,2.536579431320904,p,1
-1.2335395727702625,2.531407692877822,p,1
-1.0312680378697274,2.5868914350081003,p,1
-1.0054161174084741,2.7394806527478694,p,1
-1.3581888901447323,-0.15440707051098543,p,1
-0.8263123614038792,2.8138708202180855,p,1
-0.681444870736108,-0.4548651033970005,e,1
-1.1732878654832257,2.6017736036089936,p,1
-1.1524258760404666,2.681932246912341,p,1
-1.0477502572492936,2.519389041580385,p,1
-1.244669938215526,2.445830947549354,p,1
-1.2056202905770634,2.4484889100754983,p,1
-1.2156756587429005,2.453925805902221,p,1
-0.7098101015494109,2.791443627407884,p,1
-1.1616925066105601,2.601461251642521,p,1
-0.8581165807351392,2.7391542498157837,p,1
1.438999287988462,-0.00568687151661329,p,0
0.31095723915853773,-0.851448174199713,e,0
-1.27172858221525,2.537336756254632,p,1
-1.1084500515045639,2.432009949517474,p,1
0.2136813843819671,-0.6705916584865941,e,0
-0.8489368091371019,2.7380826704924273,p,1
1.1731753143529893,0.07203919657178139,p,0
-2.247167057193185,-1.0002534140062256,p,1
-1.6540389871210257,-1.3849111137248147,p,1
-2.274191649827856,-0.9611446778297764,p,1
0.9487735845514258,-0.7418041667086412,p,0
0.7233488661281013,0.36010200070562365,p,0
-0.6979312801968856,-0.41005819392558585,e,1
-0.8539434895114877,2.651425960793344,p,1
-1.2046778262376863,2.459998228530759,p,1
-1.093758493089581,2.67524084185217,p,1
0.3682345183993702,-0.5757819895546383,e,0
0.7627753496294845,0.18273760546167397,p,0
0.9560249469474065,0.4372162485411851,p,0
-2.271956093001722,-0.940667485876535,p,1
-0.7681154705816429,-0.5166626812074165,e,1
1.036388141451671,0.14382104374946283,p,0
0.7336143890958846,0.2448540443137772,p,0
0.7047283085760805,0.15858070440019983,p,0
0.8752453705703065,0.1241418106826748,p,0
-0.782184948472473,-0.519037396959278,e,1
-1.051071336702822,2.5192658913089816,p,1
0.5103113992816302,0.41482389029171324,p,0
1.147598628467224,0.15373240482837522,p,0
0.9436582215539342,-0.784805574394462,p,0
0.9810786670756724,0.3942056711698254,p,0
0.9728933922839049,-0.7920557361928666,p,0
0.913632000421633,0.1133304740358538,p,0
0.7202418332454634,0.4092098915438971,p,0
-1.2204954725368362,-0.18388572149106228,p,1
-1.4572537726009354,-1.5628814164199005,p,1
-2.0681414257496025,-0.9923686647825013,p,1
0.23873028857257633,-0.9915668242366503,e,0
0.1918163967115713,-0.5011909964250844,e,0
0.9589179597086095,-0.0012868459388764575,p,0
1.38170548769353,-0.17343358859178645,p,0
-1.0224058043010222,2.7507982634933477,p,1
-0.8573807952353036,2.650279029372973,p,1
1.3352815768372903,-0.12429024646070883,p,0
-2.3172510349085487,-0.6970924914644652,p,1
-2.668571050954932,-0.5670701879033964,p,1
-0.6976874015987011,2.7970228423813777,p,1
0.26201596967800783,-0.8435432865431286,e,0
-2.690829655030438,-0.42617169910266606,p,1
-0.8513953692968101,2.731689510850159,p,1
-1.673762024622527,-1.3864431547088811,p,1
-0.6166903425509453,-0.46870372626856016,e,1
-2.1029783397130903,-0.8940079451287258,p,1
0.23229067701258083,-0.5807267406600009,e,0
0.32770854892289786,-0.6968507559010965,e,0
-1.144542824996165,2.6861196958324127,p,1
1.319749012508028,0.03118995951233494,p,0
-1.3307001206896185,-0.46342039027747095,p,1
-1.8077927239071547,-1.4749951766066376,p,1
1.1913520326491533,0.05530805084289929,p,0
0.6699320312375314,0.27815660727817204,p,0
-1.1557600327679747,2.6799044037734383,p,1
0.7668213124312924,0.32087962865916786,p,0
-1.8801122584486518,-1.1923114460181183,p,1
0.7287156404587047,0.2724889833669688,p,0
-1.26834667280458,-0.38843676006837247,p,1
0.4383769995611188,-0.8459872731130517,e,0
0.7972021607628008,0.3868111219038117,p,0
0.9836022136316422,0.2793519960098739,p,0
0.12223527595543243,-0.5865736255666283,e,0
-0.9545155592316024,2.7296255799165943,p,1
-1.259279984553083,-0.31104181218564964,p,1
0.2988765557517719,-0.694201476967589,e,0
-0.9252961783000464,2.5758685391521667,p,1
0.6315454013862052,0.28896794392499303,p,0
0.8752057244429459,0.32069689863733336,p,0
-1.2352270547914648,2.459731168723962,p,1
-1.2122383530190846,2.4550727373225922,p,1
0.4960915682331694,-0.9524777886950316,e,0
0.19187348851625935,-0.5733380029847153,e,0
1.4188502579763858,-0.021768548909201546,p,0
-0.8303915324176574,-0.2593363054894303,e,1
0.3229839568481638,-0.8825876212029579,e,0
0.636202142144624,0.24081365381801553,p,0
0.7911384643917887,0.30769357626048544,p,0
-0.967972125645312,2.6733843836724596,p,1
0.7290454605365768,0.14539465200151747,p,0
1.2069052034458967,0.1093821500319379,p,0
-0.6838618023060556,-0.4076834781737244,e,1
-1.7007866172571982,-1.3473344185324319,p,1
-0.8748957236866532,2.733512097745102,p,1
-0.44661372726557164,-0.17949612360275072,e,1
-1.292077563830629,2.451043350063648,p,1
1.4148794802559828,0.04456469796761188,p,0
0.626178627055602,0.3765809612636479,p,0
-1.2574240291678163,-1.7585084116979535,p,1
0.2792562580490488,-0.8704980578901921,e,0
-2.4962799973364813,-0.6246191937509935,p,1
-1.2244241055964544,2.5330052654588693,p,1
0.6706289532779404,0.44488717026015334,p,0
0.21165082573697186,-0.6740142574581294,e,0
-1.249901720048842,2.5210261369675657,p,1
-1.1122272930599328,2.5348785287876088,p,1
-0.8199275712901519,2.7332251864389736,p,1
0.9864454414062753,0.30659265383117057,p,0
-1.506533638326762,-1.463232238379917,p,1
-1.186420802735144,2.3630363551233904,p,1
-1.0436860412142848,2.5945364328242078,p,1
-1.2976666144044093,-0.30023047553882865,p,1
0.3754818287512511,-1.0472230561103675,e,0
-1.2384449852486852,2.458727106734027,p,1
-2.0490900117372837,-1.2389709867659275,p,1
0.7373786978915708,0.5590318044121437,p,0
0.2455425310969937,-0.874554366522884,e,0
-1.3670263341772644,2.3810095104579827,p,1
-1.6518034302948919,-1.364433921771573,p,1
0.9082652260910298,0.20094349137450862,p,0
0.6982951459998359,0.40311257807698336,p,0
1.3895109224876274,0.011594358188666942,p,0
0.29112281013313707,-0.678624913166668,e,0
0.9635747004670283,-0.04944113604585393,p,0
-1.4572537726009354,-1.5628814164199005,p,1
0.24856628201166936,-0.8031162784846613,e,0
-0.9678558993750241,2.6744081648214273,p,1
0.31242613619348963,-0.4064457290097485,e,0
0.7577756772614179,0.5641755171477615,p,0
0.3244551304247926,-0.7642969368232471,e,0
-1.3742868844082947,-0.4146543385853313,p,1
0.46069851931410716,0.45050116900796955,p,0
-2.1174212914754293,-0.8927194867425178,p,1
-2.1426965171172334,-0.7301621261472235,p,1
1.157622143556246,0.017965097382742795,p,0
-1.6833270439285615,-1.3702817487132044,p,1
0.2839808501237829,-0.6847611925883306,e,0
-0.8522917528082063,-0.2933318783140241,e,1
-1.1289250418753958,2.5233303222979475,p,1
0.36137058669949,-0.8933989578497789,e,0
-0.9458301650047085,2.734057863469717,p,1
-1.0822052040056602,2.525843446771098,p,1
0.7330914233383847,0.2835366751990114,p,0
0.8338989028551742,-0.8090285353590306,p,0
-0.885860370789461,-0.4185244199711372,e,1
-1.328868948544903,-0.24261335504052925,p,1
0.8468150407303241,0.3511338431875554,p,0
-1.3453553580056805,-0.1978064455691145,p,1
-1.2758111397596494,2.3845836763200174,p,1
0.20384539094287407,-0.8590422042385829,e,0
-1.4015975072039188,2.386440134499728,p,1
-1.434214103785265,-1.7459159689684365,p,1
-0.937146022575384,2.657647555817472,p,1
-1.3632108773525926,2.375628797852907,p,1
1.4906427266009807,-0.037941551261334194,p,0
-0.9905220768845011,2.678328553934702,p,1
0.7923979983170579,0.23918642040257396,p,0
0.9476917095924127,0.02357909613055892,p,0
0.2860114087687781,-0.6813385936167952,e,0
-1.3135525177903922,2.547001161481082,p,1
0.8015290814433476,0.4657511631622857,p,0
1.4156612888651023,-0.03523461232402292,p,0
0.8264577074878376,0.14943504249727899,p,0
0.23361888720821739,-0.9942805046867774,e,0
0.9626822685042957,0.3128909141594903,p,0
-1.2062286504179893,-0.14444548865365806,p,1
0.903608485332611,0.24909778148148612,p,0
-0.9711900561025324,2.6723803216825246,p,1
-1.4533404188165322,-0.5615882566643421,p,1
0.9143289224620417,0.2800610370178351,p,0
0.39015437627069954,-1.0236264822182193,e,0
-1.724122964836389,-1.081750191183054,p,1
-1.2574240291678163,-1.7585084116979535,p,1
-1.4111777659539453,-1.8485924745797764,p,1
0.6858150221121471,0.2051363751017593,p,0
0.06709385076419955,-0.8033859723648655,e,0
-0.8924332683591216,2.6631182091586965,p,1
0.32648568906978775,-0.7608743378517117,e,0
0.9839320337095145,0.15225766464442245,p,0
-0.5300971287544346,-0.7392161543852288,e,1
-1.8275157614086561,-1.476527217590704,p,1
0.6811582813537285,0.2532906652087368,p,0
0.8494816168698565,0.20661111528571185,p,0
-1.4296090262812677,-0.30678564860280677,p,1
1.431318367661053,-0.20911086730804293,p,0
-0.9725532074675494,2.8267303227543987,p,1
0.2890922514881418,-0.6820475121382034,e,0
0.9181525711307617,-0.7000493323253385,p,0
0.6565991215144706,0.2459573665536333,p,0
-0.18657553513819172,-0.036231956475772875,e,0
-0.4118366846671104,-0.2384825090812737,e,1
0.3988157134565988,-0.7716212729819129,e,0
0.8448248761114376,0.2547654053926893,p,0
-1.8756132374496532,-1.147354882900038,p,1
-1.073293285203914,2.7625580291921215,p,1
1.1813285175601314,0.19107535828853173,p,0
1.060122084405874,0.1615383893062184,p,0
0.22362933982668148,-0.8327319498963076,e,0
-2.2972313186435267,-0.7781101252812407,p,1
-0.7204567281044858,2.801824143213184,p,1
-0.8966194368567533,2.748941805313637,p,1
0.2890405623126789,-0.8826520227195779,e,0
0.7915055663543253,0.6015184706079181,p,0
-1.6057274236479018,-1.650144979931449,p,1
1.1685185735945705,0.12019348667875888,p,0
-0.37388821264626637,-0.5158557463412444,e,0
0.7527518345404625,0.3185049129073064,p,0
-1.1824196393267952,2.521695489476984,p,1
-0.17513098407473596,-0.025096353939572713,e,0
-1.2421218180008484,2.5260944976061688,p,1
-2.2744916595757276,-0.7982369560917382,p,1
-1.4111777659539453,-1.8485924745797764,p,1
0.30579535765258553,-0.6550283392745199,e,0
0.7714780531897112,0.2727253385521904,p,0
0.2434548806473104,-0.8058299589347886,e,0
0.32766034532298133,-0.8244290013360295,e,0
-2.297527997407047,-0.6955604504803985,p,1
-1.3449669428084654,-0.5028606231148751,p,1
-1.634043847218384,-1.5502889736903835,p,1
0.29793505265755443,-0.561612455452902,e,0
0.7195449112050547,0.2424793285619158,p,0
-1.176224070303696,2.454206414243195,p,1
0.4270149623444636,-0.87428467264268,e,0
1.3802107524886662,0.029575471414821863,p,0
-0.6790437904359838,-0.5436873564776585,e,1
-1.3813516745848473,2.4736144524092434,p,1
0.9135923542942721,0.30988556199051237,p,0
-1.6110075093870644,-1.6529654793017234,p,1
1.0931419399265971,0.23834006999805218,p,0
0.9767517463951256,0.3152656299113517,p,0
-1.9228716337814729,-1.0911669813908451,p,1
-0.42621674789572467,-0.17435241086713296,e,1
-2.0220654191026126,-1.2780797229423768,p,1
-1.0080499095997522,2.600197753770257,p,1
-2.248919755170403,-1.0433439914878748,p,1
0.9973045895599357,-0.012098182585697448,p,0
-1.0350169536571525,2.5204881748263674,p,1
0.9435448230597179,0.239240045565961,p,0
-1.458928967881097,-0.21857936407326292,p,1
0.7543411885436038,0.12290342568394347,p,0
0.45533174498350387,0.5381141863466243,p,0
-0.6595446503455593,-0.42086953057240684,e,1
0.8707313820750753,0.04597786577064428,p,0
-2.4469968006263043,-0.8046264187281731,p,1
1.3430870116313882,0.060737700319744584,p,0
-1.0935391178229854,2.675383711282606,p,1
0.2302601183675857,-0.5841493396315363,e,0
1.3451175702763833,0.06416029929127988,p,0
-1.2355485920178186,-0.056239204124114234,p,1
-1.1523227270441587,2.6810513351938097,p,1
-0.8016067025138736,-0.3095452169374451,e,1
-0.592373190590449,-0.4818897786672426,e,1
-2.0076224673402736,-1.2793681813285849,p,1
0.6849622362767751,0.37091333735244464,p,0
0.7090155831292666,0.43407583361333235,p,0
0.9376681945033907,0.15934640357619137,p,0
0.742745472222174,0.47141878707348894,p,0
-0.5046800030590634,-0.1430635072647756,e,1
-0.9043993389047469,2.743873444675034,p,1
0.8698389501123427,0.4083099159759882,p,0
-1.9009130394538376,-1.069157748453537,p,1
-0.998301978932495,2.673260193296099,p,1
0.5694248285806758,0.2820619350150586,p,0
1.0223186635608408,0.14144632799760146,p,0
-1.1177035562630366,2.5944710176966983,p,1
-1.0811894135221956,2.7564658874045507,p,1
-1.5242932214032698,-1.2773771864611068,p,1
-1.3362886697541834,-0.12041149768639167,p,1
0.15134751903978688,-0.6944067693311733,e,0
-0.9881017319940957,2.587233846911912,p,1
0.8839084280031726,0.41068463172784964,p,0
-2.221895162535732,-1.082452727664324,p,1
-1.1409888132268335,2.531511070682301,p,1
-0.9000567425805692,2.747794873893266,p,1
1.0760050752804897,0.08851815712980561,p,0
1.3796749290485344,-0.17685618756332186,p,0
-1.001739284656311,2.6721132618757277,p,1
0.27414485668468985,-0.8732117383403194,e,0
1.0985087142572003,0.1507270526593974,p,0
1.0219888434829685,0.26854065936305294,p,0
0.7923583521896971,0.4357415083572326,p,0
-1.3297435637093133,-1.475824681109434,p,1
1.3418382615955122,-0.02248420894342551,p,0
0.8798624652013647,0.2725426085303559,p,0
0.5059275616722625,-0.7640272429430429,e,0
-2.025378719432431,-1.1738711763469702,p,1
-1.2206086487717827,2.5276245528537937,p,1
0.7586681092241503,0.20184346694241745,p,0
0.3030464540219135,-0.5588987750027747,e,0
0.6906588306852504,0.15620598864833846,p,0
-0.7296514546812927,-0.19516401192715285,e,1
0.28606850057346617,-0.7534856001764261,e,0
-0.863960150398912,-0.38452884714654356,e,1
0.26420351290307037,-0.5840849381149164,e,0
0.9039383054104833,0.12200345011603486,p,0
0.20659429457354622,-0.9551717685103279,e,0
0.21643028801263925,-0.7667212227583391,e,0
0.7540113684657317,0.24999775704939495,p,0
0.20895679230723302,-0.8563285237884556,e,0
0.5578687583866067,0.4340222084499453,p,0
-1.3212355502732012,-0.24805801505333971,p,1
1.114391705131816,0.07770682048298462,p,0
-1.095984120933486,2.5141159067883865,p,1
-1.0969764235468014,2.6742367798622353,p,1
-1.2442268650721007,-0.43868832955259773,p,1
-1.1648918066115443,2.599826289641429,p,1
-1.2591115048933965,2.537412108351647,p,1
-0.5130149202339574,-0.5692167032567009,e,1
-2.2919512329043643,-0.7752896259109661,p,1
1.1097349643733971,0.12586111058996213,p,0
-2.319486591734682,-0.7175696834177067,p,1
1.3672068193638676,0.010486130835519414,p,0
-1.0391054391672752,2.597969831461718,p,1
1.020505150577055,0.2168412759258757,p,0
-1.3099989857962886,2.549171874050421,p,1
0.933989333664119,0.3150292747261301,p,0
1.0263921953129667,0.12419543584606188,p,0
-2.641546458320261,-0.6061789240798456,p,1
-1.3924657333603492,2.4665182486317376,p,1
0.3832355743698858,-1.0627996199112886,e,0
-1.1559782376846246,2.54138073215271,p,1
0.2880990592184614,-0.7500630012048907,e,0
0.2959593642134925,-0.8434788850265088,e,0
0.18973414889111312,-0.7052181059779943,e,0
0.7062120014819939,0.21028008783737706,p,0
-1.21245772828568,2.454929867892156,p,1
0.2911799019378251,-0.750771919726299,e,0
0.32923459270046,-0.8570039021234567,e,0
-1.1367624431729435,2.5344087187515654,p,1
1.330597872521143,0.06525275013107812,p,0
0.8555453132408684,0.2857286609290383,p,0
0.9964121575972031,0.35023386761964675,p,0
1.1572923234783736,0.14505942874819416,p,0
-1.0166333251802837,2.733265360688895,p,1
1.2025782827653502,0.0304421087734639,p,0
1.001068898355622,0.3020795775126693,p,0
-0.30636093231801514,0.08113398452374637,e,1
-1.1764434455702912,2.4540635448127586,p,1
-1.7263585216625228,-1.1022273831362954,p,1
1.0064356726862251,0.21446656017401433,p,0
-0.5588045726091945,-0.35669723701012945,e,1
0.6645652569069282,0.3657696246168269,p,0
-0.20919069324551573,0.06465502396572204,e,0
-1.1822057122506948,2.595293757757936,p,1
-1.0996484310073824,2.4374660142195643,p,1
1.3560909447561869,0.07982704089904702,p,0
-2.2649266402696933,-0.8143983620874152,p,1
-2.4239604627949847,-0.9073029243395129,p,1
-1.306890853160515,2.450351640040186,p,1
0.2400961118066786,-0.39569879387954743,e,0
0.8255652755251053,0.5117670927026233,p,0
0.7768448275203144,0.18511232121353535,p,0
-1.8505520992399758,-1.3738507119793641,p,1
0.9082255799636691,0.3974985793291672,p,0
-2.0503818426730946,-1.1782237167013117,p,1
0.8127553315595444,0.44088522109285033,p,0
0.9423249352618095,0.11119211346921387,p,0
1.0488682653393595,0.3417972467246872,p,0
-1.452601214377098,2.397176119049534,p,1
-1.2624325843469248,2.5372889580802434,p,1
-0.8246341115646665,2.736504918230535,p,1
-0.9522385960294826,2.6683981290064125,p,1
0.8302220162835239,0.46361280259564575,p,0
0.7294125624991135,0.4392195463489501,p,0
0.8910887153175617,0.24767666646092062,p,0
-0.7950273473502651,2.7252626595820715,p,1
0.7043588423708478,0.48223012372030993,p,0
-1.8538687305541446,-1.189284118446762,p,1
1.2409649126166764,0.01963077212664291,p,0
0.13937567155109404,-0.9417111529299996,e,0
1.391541481132623,0.015016957160202238,p,0
-1.8285935049123405,-1.351841479042056,p,1
0.1711248562604994,-0.7950830238045874,e,0
0.9251880706157021,-0.03862979939903294,p,0
0.8911283614449224,0.05112157850626203,p,0
-2.2702067260088556,-0.81721886145769,p,1
1.0560485526537482,0.17878928145775796,p,0
-1.6057274236479018,-1.650144979931449,p,1
1.429163294549369,-0.19413741726860215,p,0
-1.8953362749511546,-1.1488869238841046,p,1
-1.2662480411715966,2.5426696706853193,p,1
-1.1695091268435804,2.448182829894003,p,1
-1.0781832595327843,2.5201457629225557,p,1
1.369361892475551,-0.004487319203921314,p,0
0.732721957133152,0.6071860945191213,p,0
0.18978583806657606,-0.5046135953966198,e,0
0.8123882295970075,0.1470603267454176,p,0
0.3011212457194447,-1.0398987199517018,e,0
0.963941802429565,0.24438375830157877,p,0
-2.0451017569339323,-1.175403217331037,p,1
-0.9465158021417854,2.5780574722661833,p,1
-1.2864938737906682,2.455495352775804,p,1
-1.0793169264117104,2.5836596810498773,p,1
0.33907058613955304,-0.6685533563714681,e,0
-1.3812485255885394,2.472733540690712,p,1
-2.464756383702812,-0.6187713668093625,p,1
0.5919284675573864,0.3442708305446504,p,0
-0.9755326524267103,2.668458892464293,p,1
0.14921166499018707,-0.7532606071780109,e,0
1.3044475061436682,0.11208172064376799,p,0
1.441154361100146,-0.020660321556054018,p,0
-1.0734095114742017,2.7615342480431537,p,1
-1.2350076795248692,2.4598740381543984,p,1
-0.4502233145184366,-0.2276711724344527,e,1
1.0360583213737986,0.2709153751149143,p,0
0.8511419614108704,0.43007388444602934,p,0
0.938646074422538,0.26687498461915266,p,0
-2.0306588051715933,-1.176691675717245,p,1
0.049905251568621356,-0.5758266904364272,e,0
0.37345127010625573,-1.050645655081903,e,0
0.4086517068956918,-0.583170727229924,e,0
0.8832115059627639,0.24395406874586836,p,0
-1.0108710584998803,2.5920351477437182,p,1
-2.20217212503423,-1.0809206866802574,p,1
0.91303720813327,-0.743050740011159,p,0
0.5690950085028035,0.40915626638051,p,0
1.010481635488033,0.3526085833715082,p,0
-2.4509850554296557,-0.8681941881630636,p,1
1.2197151474114576,0.18026402164171074,p,0
-1.673762024622527,-1.3864431547088811,p,1
0.3394025252282444,-0.5731327106211311,e,0
-0.2482946565245235,0.04470136818577125,e,0
-0.9985213541990903,2.6731173238656627,p,1
-2.048418388248101,-0.9908366237984346,p,1
-0.8320633485148414,2.7257412785979813,p,1
-2.221895162535732,-1.082452727664324,p,1
0.6786347347977582,0.3681443403686883,p,0
-2.0703769825757363,-1.0128458567357426,p,1
-0.7009440108265327,-0.5776829293022523,e,1
0.7445986313333202,0.19946875119055607,p,0
-1.0936422668192933,2.6762646230011375,p,1
0.33429112386388543,-0.5758463910712582,e,0
1.3438688202405074,-0.019061609971890214,p,0
-1.2707068637660621,2.5377244603181195,p,1
-0.5430666329103895,-0.1322521706179546,e,1
-1.4834973004954424,-1.565908743991257,p,1
-2.4469968006263043,-0.8046264187281731,p,1
0.5194821285352802,0.4448335450967663,p,0
-1.1366462169026559,2.535432499900533,p,1
-1.5295733071424324,-1.2801976858313815,p,1
0.2553785245360867,-0.6861038207708953,e,0
-2.490999911597319,-0.6217986943807189,p,1
0.3006839562882266,-0.6577420197246471,e,0
0.5079581203172576,-0.7606046439715076,e,0
0.28392916094831994,-0.885365703169705,e,0
0.7880710776365114,0.16024637914409998,p,0
0.43562809593044655,-0.7498577088413065,e,0
-0.8514985182931181,2.7325704225686898,p,1
-0.8999405163102814,2.7488186550422338,p,1
-0.922709842816066,2.75361995587404,p,1
0.3157367014342051,-0.9441551394999227,e,0
0.720281479372824,0.21265480358923844,p,0
-0.5972685885095448,-0.6781959062903931,e,1
-0.6308372064907993,-0.8033884479475062,e,1
1.3320022681564192,-0.2109347546954143,p,0
-2.441716714887142,-0.8018059193578984,p,1
0.8939319430921946,0.2749173242822173,p,0
-0.48428302368921633,-0.13791979452915795,e,1
0.8355887906141273,0.37599978525699074,p,0
-0.24757732309684197,0.07546636061254303,e,0
-1.8308290617384744,-1.3723186709952977,p,1
0.9295149912962486,0.04031024185944104,p,0
0.33434599406481896,-0.8542902216733298,e,0
0.2959044940125592,-0.5650350544244372,e,0
-1.8285935049123405,-1.351841479042056,p,1
-1.9031485962799715,-1.0896349404067784,p,1
0.963244880389156,0.07765319531959755,p,0
-1.3336821241391759,2.4608506247205346,p,1
0.39307156780897884,-0.8743490741592997,e,0
0.27185196311710086,-0.6550927407911397,e,0
0.79272781839493,0.11209208903712248,p,0
-1.1968404249401385,2.448919832077141,p,1
1.2966420713495705,-0.07294622613668539,p,0
-1.2885077251667638,2.5316946041839503,p,1
0.7711482331118391,0.39981966991764156,p,0
0.36350992632463613,-0.7615188548565001,e,0
0.29376515438741296,-0.6969151574177163,e,0
1.3934817002080304,-0.05473888868814647,p,0
-1.1333251374491276,2.5355556501719363,p,1
-2.491780976337483,-0.5796626306329132,p,1
0.927661832185102,0.3122602777423738,p,0
0.8548483912004596,0.11899809794705704,p,0
-2.0503818426730946,-1.1782237167013117,p,1
1.353935871644503,0.09480049093848776,p,0
-0.4746282903826312,-0.5800280399035219,e,1
-2.1404609602911,-0.709684934193982,p,1
1.207235023523769,-0.01771218133351357,p,0
-2.537075918244309,-0.33608763622084326,p,1
-0.7314998981781402,-0.535250735582699,e,1
-2.025378719432431,-1.1738711763469702,p,1
1.1135389192964442,0.24348378273366994,p,0
-1.900616360690317,-1.1517074232543794,p,1
-0.26797430246668896,0.07032264787692538,e,0
1.4136307302201068,-0.038657211295558214,p,0
0.4018965561759626,-0.772330191503321,e,0
-2.224130719361866,-1.1029299196175655,p,1
-2.519316335167801,-0.5219426881396538,p,1
0.5819049524683644,0.48003813799028294,p,0
-1.33024481841536,2.4619975561409055,p,1
1.3177184538630329,0.027767360540799646,p,0
-2.641546458320261,-0.6061789240798456,p,1
-1.873591768055646,-1.1908161594308286,p,1
0.29321046058282035,-0.7473493207547636,e,0
0.8415154814773991,0.08679885722251829,p,0
-0.6454751724547293,-0.4184948148205454,e,1
-0.11706470828124418,-0.06152897027754797,e,0
-2.4186803770558223,-0.9044824249692381,p,1
-0.546583538215212,-0.6944092449138141,e,1
-1.945911302597143,-0.9081324288423095,p,1
-1.4519736868617727,-1.560060917049626,p,1
0.2167622271013308,-0.6713005770080022,e,0
1.359525899036458,-0.19293786495591012,p,0
-2.099665039383272,-0.9982164917241324,p,1
-1.1594155434084406,2.5402338007323393,p,1
-0.8016840885628975,-0.6418552228645297,e,1
0.7186921253696827,0.4082562908126011,p,0
1.3848944568048134,-0.1599675251769652,p,0
-0.8504767998439302,2.732958126632177,p,1
0.31787255548380483,-0.8853013016530852,e,0
-0.8489750244064047,2.6405948038273683,p,1
-2.027345504841775,-1.2809002223126515,p,1
-2.0576833978062643,-1.1375829395407957,p,1
-1.2306650832006913,2.46379546737263,p,1
1.3957433168179285,-0.12590473455822213,p,0
0.709055229256627,0.23752074565867373,p,0
0.37026507704436556,-0.572359390583103,e,0
-0.5447350947183646,-0.354322521258268,e,1
0.6474283922608208,0.2159477117485803,p,0
0.20692623366223778,-0.8597511227599909,e,0
0.17623625762485834,-0.7923693433544603,e,0
0.24212667045167385,-0.39227619490801213,e,0
-0.8591752713448038,2.726621150211556,p,1
0.6599085161485094,0.41392391472380435,p,0
-1.3101152120665762,2.548148092901453,p,1
0.2667405617527419,-0.6578064212412669,e,0
0.6903290106073783,0.2833003200137898,p,0
-0.5081969083638858,-0.705220581560635,e,1
-1.2078957566949067,2.458994166540824,p,1
-0.9888341150880711,2.5932257403691117,p,1
1.3692373780088627,0.01390872980705471,p,0
-2.0774064353077657,-1.1391149805248624,p,1
-1.0258431100248382,2.7496513320729763,p,1
-1.2806115968484824,2.5377867459715207,p,1
1.3814595025245422,0.11279738067799196,p,0
0.1342642701867351,-0.9444248333801267,e,0
-1.3134362915201045,2.54802494263005,p,1
0.16128886282140636,-0.9835335695565762,e,0
-1.3746752996055098,-0.10960016103957068,p,1
-1.1007918803714734,2.679617492467311,p,1
-1.2272277774768754,2.4649423987930015,p,1
-2.0721263495686033,-1.1362944811545876,p,1
0.2662340715480656,-0.5806623391433811,e,0
0.7402717106527736,0.12052870993208209,p,0
0.8852016705816501,0.3403225065407344,p,0
-0.9996970908667613,2.5875461988783846,p,1
0.3733459197637294,-0.5730683091045112,e,0
-0.8717061356428866,2.7428839713242334,p,1
-1.0257268837545503,2.750675113221944,p,1
0.1123992825163394,-0.7750241713186172,e,0
0.19957014233020615,-0.5167675602260055,e,0
-1.200058355397359,2.447915770087206,p,1
0.7043984884982084,0.28567503576565123,p,0
-1.1902362595598157,2.368417067728466,p,1
0.7918353864321976,0.47442413924246674,p,0
0.7783285204262278,0.23681170465071258,p,0
-1.2299600429532538,-0.39924809671519346,p,1
0.8892752023337758,0.3230716143891948,p,0
0.13415891984420875,-0.4668474874027351,e,0
-0.9939593826083171,2.677181622514331,p,1
0.9527155523133679,0.2692497003710141,p,0
-0.7150134887173627,-0.5800576450541137,e,1
-0.8683850561893582,2.743007121595637,p,1
-0.9530318305445711,-0.35750417187630157,e,1
-0.9785768486753457,2.6478319746121546,p,1
-2.247167057193185,-1.0002534140062256,p,1
0.4675409318209362,-0.7532159062962219,e,0
0.4990851491654334,0.43968983236114856,p,0
-0.8222617644287289,2.7265599046631115,p,1
-0.9395183697113216,2.6675925693848956,p,1
-2.075442980882772,-0.9517278876219853,p,1
-0.21351761392606225,-0.014285017292751723,e,0
-1.0222895780307344,2.7518220446423154,p,1
0.5274482639277376,0.5646458031599599,p,0
0.6415413475249094,0.3085935518283941,p,0
0.9680490428348987,0.22527789682083532,p,0
0.27190016671701717,-0.5275144953562066,e,0
-1.2739352218691449,-0.04542786747729324,p,1
-0.4502233145184366,-0.2276711724344527,e,1
-1.8055571670810209,-1.454517984653396,p,1
0.45556559875669683,-1.0735465550414898,e,0
0.7786583405040999,0.1097173732852611,p,0
-1.1534547437979112,2.449405113411389,p,1
0.1939040471612546,-0.5699154040131799,e,0
-0.49652851077318005,-0.6140236127281156,e,1
0.7374183440189315,0.3624767164574851,p,0
-1.3452774830118415,2.461162976687007,p,1
-2.0293669742357823,-1.2374389457818609,p,1
0.30101589537691814,-0.5623213739743101,e,0
0.38328726354534876,-0.8621951093299142,e,0
-1.196621049673543,2.4490627015075774,p,1
-2.0703769825757363,-1.0128458567357426,p,1
0.25065393246135265,-0.8718406860727569,e,0
-1.0696546677210537,2.5977027716549212,p,1
-1.6518034302948919,-1.364433921771573,p,1
0.2236775434265979,-0.7051537044613744,e,0
-1.2248074325864702,2.3738476917702114,p,1
-1.3303479674116676,2.462878467859437,p,1
-1.0768468171980177,2.760387316622783,p,1
-0.5971912024605208,-0.34588590036330846,e,1
1.4410298466334577,-0.0022642725450779944,p,0
0.2215416893769982,-0.764007542308212,e,0
0.558198578464479,0.3069278770844939,p,0
0.9760548243547169,0.14853506692937038,p,0
-1.1085280625055487,2.528474035033565,p,1
1.1519255491477705,0.23267244608684895,p,0
-2.052403312067102,-1.134762440170521,p,1
0.5353651194098961,0.3718133129203535,p,0
0.4577049383818432,-0.9416664520482106,e,0
0.8164617613491334,0.12980943459387803,p,0
-2.4740213932609754,-0.7655176825517238,p,1
-0.42328123573056614,-0.24961811161747385,e,1
0.4066211482506967,-0.5865933262014593,e,0
0.8799021113287255,0.0759875205756973,p,0
0.8645199162758384,-0.8507833697423334,p,0
1.1472688083893516,0.2808267361938265,p,0
-1.6287637614792214,-1.547468474320109,p,1
0.3059007079951121,-1.1326056852519115,e,0
-1.8683116823164836,-1.187995660060554,p,1
-1.434214103785265,-1.7459159689684365,p,1
0.7539717223383708,0.44655284500405357,p,0
0.21851793846232254,-0.8354456303464349,e,0
1.1189056936270472,0.15587076539501515,p,0
1.3836457067689374,-0.24318943444013538,p,0
-0.6307598204417754,-0.4710784420204216,e,1
0.8698785962397035,0.2117548280213296,p,0
0.9044612711679827,0.08332081923080079,p,0
-1.1796613760275119,2.453059482822824,p,1
0.3315970904341467,-0.7581606574015846,e,0
0.3328199502872568,-0.6941370754509693,e,0
-0.44296088167273157,-0.22399683192631972,e,1
0.10965037888566725,-0.6788946070468721,e,0
0.699884500002977,0.20751109085362068,p,0
-1.8485886448149822,-1.1864636190764872,p,1
0.314456694838485,-0.4030231300382132,e,0
1.4665229188685014,0.012310018222890906,p,0
0.9483886316328214,0.1903096591125402,p,0
0.9419951151839372,0.23828644483466513,p,0
0.33292530062978315,-1.171714421428361,e,0
0.9764219263172533,0.4423599612768029,p,0
0.11745581367976504,-0.49386666026641857,e,0
1.3064780647886636,0.11550431961530329,p,0
-1.8683116823164836,-1.187995660060554,p,1
-1.3846858313123553,2.4715866092703407,p,1
0.8018589015212196,0.33865683179683426,p,0
-0.6673753928452781,-0.45249038764513916,e,1
0.699031714167605,0.3732880531043061,p,0
0.7740015997456813,0.1578716633922386,p,0
1.3340328268014143,-0.20751215572387902,p,0
1.3573708259247745,-0.17796441491646933,p,0
1.031731400693252,0.19197533385644033,p,0
0.3660951787742241,-0.7076620925479175,e,0
-1.8077927239071547,-1.4749951766066376,p,1
-1.0739568894788942,2.52304341099182,p,1
0.49812212687816454,-0.9490551897234963,e,0
-1.8998352959501532,-1.193843487002185,p,1
1.1235624343854662,0.10771647528803766,p,0
1.3199800704729305,-0.04339848532927587,p,0
-2.027345504841775,-1.2809002223126515,p,1
0.514968140040049,0.36666960018473577,p,0
0.832344752223749,0.05678920241746527,p,0
-0.24464181093168333,0.00020065986220224596,e,0
0.9248186044104691,0.28501961992107716,p,0
0.9498723245387348,0.2420090425497174,p,0
-0.3848946058792398,-0.2604294482642948,e,1
-2.048418388248101,-0.9908366237984346,p,1
0.3853178221903441,-0.8587725103583786,e,0
-2.33724617481119,-0.5317146314988961,p,1
-2.618510120488941,-0.7088554296911853,p,1
0.7677991923504399,0.4284082097021291,p,0
-0.24757732309684197,0.07546636061254303,e,0
1.3440998782054099,-0.09365005481350111,p,0
0.5241388692936992,0.3966792549897888,p,0
-0.8687781622689839,-0.2485249688426093,e,1
-0.4458963938378901,-0.14873113117597894,e,1
0.7431149384274067,0.14776936775337884,p,0
-0.35377040887361855,-0.2749151254192489,e,0
-2.4239604627949847,-0.9073029243395129,p,1
0.3295665317891516,-0.76158325637312,e,0
1.3078824604239399,-0.16068318521118904,p,0
-1.3690867505409448,-0.45260905363064996,p,1
-1.2158955137847238,2.610562274191235,p,1
0.6952277592445584,0.2556653809605982,p,0
-1.0782994858030719,2.519121981773588,p,1
0.20648894423101977,-0.47759442253293627,e,0
1.4070740454618853,-0.14046324881284153,p,0
1.4037947367810137,-0.22710775704754713,p,0
-2.20217212503423,-1.0809206866802574,p,1
0.6949857513657971,0.2351460299068123,p,0
-1.1139360971928325,2.6702399985469887,p,1
1.4055793102570215,0.0625458111937668,p,0
-0.7174304202873101,-0.5328760198308375,e,1
-0.9611346879366951,2.666943425855802,p,1
-1.3890284276365332,2.467665180052109,p,1
-1.1763272193000036,2.4550873259617263,p,1
0.9222950578544991,0.39987329508102865,p,0
-2.0346470599749447,-1.2402594451521356,p,1
-1.306968728154354,-0.2086177822159355,p,1
-2.5140362494286386,-0.5191221887693792,p,1
0.938888082301299,0.28739433567293854,p,0
-0.7238940338283018,2.800677211792813,p,1
-0.4458434604788472,-0.6302369513515367,e,0
1.0347987874485294,0.33942253097282576,p,0
0.42696863022119963,0.413158215547813,p,0
0.12432292640511572,-0.6552980331547239,e,0
1.064778825164293,0.11338409919924089,p,0
-1.085758735999764,2.523672734201759,p,1
-2.120737922789598,-0.7081528932099154,p,1
0.9248582505378298,0.08846453196641854,p,0
1.0884851991681783,0.2864943601050297,p,0
-1.1084118362352609,2.5294978161825328,p,1
-0.4122748424975927,-0.5050444096944234,e,0
-2.618510120488941,-0.7088554296911853,p,1
0.14410026362582812,-0.755974287628138,e,0
-1.8275157614086561,-1.476527217590704,p,1
0.9976716915224724,0.2817267117617353,p,0
-2.2291967176689016,-1.0418119505038081,p,1
0.26206417327792414,-0.7159650411081954,e,0
-1.4131928660765845,2.3867524864662006,p,1
0.607811458432002,0.2712505983682376,p,0
0.19665295079192674,-0.666044968284925,e,0
-1.1536741190645066,2.4492622439809524,p,1
-1.153557892794219,2.45028602512992,p,1
0.2334653332657745,-0.6442814041443187,e,0
0.5478452432975847,0.5697895158955777,p,0
0.1664002641857653,-0.9808198891064491,e,0
-0.845499503413286,2.7392296019127986,p,1
1.0701180305445783,0.18116399720961934,p,0
-2.2252084628655497,-0.9782441810689176,p,1
-0.8718223619131742,2.7418601901752657,p,1
1.3947304502439064,0.02848302057502361,p,0
-2.0681414257496025,-0.9923686647825013,p,1
-0.39215703872494495,-0.2641037887724278,e,1
-0.20990802667319727,0.03389003153895026,e,0
-1.7010832960207185,-1.2647847437315898,p,1
0.928622559333516,0.40264229206478497,p,0
-0.4118366846671104,-0.2384825090812737,e,1
1.4566869254294084,-0.17614052752909795,p,0
-1.1660718211197645,2.4493297613143743,p,1
0.6739779940393393,0.4162986304756658,p,0
-1.147980130719981,2.6849727644120414,p,1
-1.1672336607257368,2.4376775734286773,p,1
-0.9789699581505262,2.6673119610439215,p,1
0.8298921962056518,0.5907071339610971,p,0
-0.4813475115240577,-0.21318549527949873,e,1
1.017661922802422,0.18960061810457896,p,0
0.13942387515101057,-0.8141329074950667,e,0
-2.2649266402696933,-0.8143983620874152,p,1
0.8639519053764313,0.5009557560558023,p,0
-1.0618747656730598,2.6027711322935243,p,1
1.4554381753935324,-0.2593624367922681,p,0
-1.9209081793564793,-0.9037798884879681,p,1
1.4058252954260093,-0.22368515807601172,p,0
-0.8388814409712646,2.7326457746657047,p,1
-0.8109283303866315,2.733798977871053,p,1
0.3660469751743078,-0.8352403379828505,e,0
0.18198040327247827,-0.6896415421770732,e,0
-2.0943849536441097,-0.9953959923538577,p,1
0.16270955625644207,-0.6661093698015449,e,0
1.309913019068935,-0.15726058623965375,p,0
0.4171789689053706,-1.0627352183946688,e,0
-2.252233055500221,-0.9391354448924684,p,1
0.27607006498715864,-0.3922117933913922,e,0
1.1859852583185502,0.14292106818155423,p,0
1.3220106291179259,-0.039975886357740464,p,0
-2.002342381601111,-1.2765476819583101,p,1
-1.8545403540433272,-1.4374184814142548,p,1
-0.9271686654105316,2.74867474550684,p,1
-2.0799420018817707,-0.9966844507400657,p,1
-2.2702067260088556,-0.81721886145769,p,1
0.7190219454475548,0.28116195944714995,p,0
0.4117325496150556,-0.5838796457513321,e,0
-0.20625518108035718,-0.010610676784618744,e,0
-1.1447622002627607,2.6859768264019763,p,1
0.7123646238906658,0.4054872938288448,p,0
-2.0076224673402736,-1.2793681813285849,p,1
0.6402481049464319,0.3789556770155093,p,0
0.6840015091283613,0.2805313230300335,p,0
-0.8593946466113993,2.7264782807811194,p,1
1.4090142645372927,-0.2102190946611904,p,0
0.07692984420329257,-0.6149354266128766,e,0
-2.0974015752104074,-0.9737371205592934,p,1
-1.2625488106172125,2.5362651769312756,p,1
0.41376310826005075,-0.5804570467797968,e,0
0.7427851183495346,0.27486369911883024,p,0
0.548175063375457,0.44269518453012635,p,0
1.0851758045341398,0.11852781193485865,p,0
-0.8456157296835736,2.738205820763831,p,1
-1.7063633817598811,-1.2676052431018645,p,1
0.4765815101887227,0.37748093683155676,p,0
0.27043126968206516,-0.972516940546171,e,0
0.2350395806432531,-0.676856304931746,e,0
-0.3878301180443983,-0.18516374751395395,e,1
0.9002594445712115,0.27768632126597365,p,0
1.054755310075271,0.24915140664487317,p,0
0.3178243518838883,-1.0128795470880183,e,0
-0.939737744977917,2.6674496999544592,p,1
-2.4186803770558223,-0.9044824249692381,p,1
1.3716235090854492,-0.07565316507399694,p,0
-0.8018647850588818,2.731703617398729,p,1
-0.4074568306275209,-0.6410482879983577,e,0
-0.8490530354073895,2.7370588893434595,p,1
0.9882589543900611,0.2311977059028964,p,0
0.30462070139939196,-0.591473675790202,e,0
0.39678515481160365,-0.7750438719534481,e,0
0.6202915823196906,0.46922680134346195,p,0
-0.9490480954619289,2.733053801479782,p,1
0.9772747121526253,0.27658299902611755,p,0
-1.25000486904515,2.521907048686097,p,1
1.134788684501663,0.08285053321860238,p,0
0.1492598685901036,-0.6256823617430777,e,0
0.4335975372854514,-0.7532803078128418,e,0
-0.9193887633625379,2.753743106145443,p,1
0.3972414660791203,-0.7390463721944855,e,0
0.4285410061220258,-1.0344378188650403,e,0
0.5525019840560035,0.5216352257886001,p,0
0.8755751906481788,-0.0029525206827765715,p,0
-1.381467900855135,2.4725906712602757,p,1
0.6502716200354537,0.24318836956987697,p,0
0.8660746413166565,0.09413215587762178,p,0
-1.1595317696787282,2.5392100195833716,p,1
-0.9168521922018447,2.663672180271621,p,1
-1.105237625691959,2.6765769749676105,p,1
-1.1656241897055197,2.6058181830986284,p,1
1.3187313204370545,-0.1266203945924461,p,0
-1.6780469581893989,-1.3674612493429297,p,1
1.4808067331618877,-0.2263920970133231,p,0
0.46540159219578986,-0.8850960092895009,e,0
-1.6287637614792214,-1.547468474320109,p,1
-1.634043847218384,-1.5502889736903835,p,1
-2.1227013772145917,-0.8955399861127925,p,1
1.1529654027978269,0.06611938748972028,p,0
-1.3505554918730305,-0.1598517305237959,p,1
0.5865616932267832,0.43188384788330536,p,0
0.3952109074341252,-0.7424689711660208,e,0
0.10761982024067202,-0.6823172060184074,e,0
0.23351353686569093,-0.5167031587093857,e,0
1.3285673138761476,0.06183015115954282,p,0
0.8052079422826188,0.31006829201234687,p,0
1.1856554382406779,0.2700153995470055,p,0
-0.9692851286475701,2.5828587730979895,p,1
-2.0451017569339323,-1.175403217331037,p,1
1.4169100389009783,0.047987296939147175,p,0
0.46535526007252587,0.402346878900992,p,0
1.3594013845697697,-0.17454181594493404,p,0
-0.18951104730335025,0.039033744274568016,e,0
-0.6931132683268137,-0.54606207222952,e,1
-1.1233058767592339,2.5906499149957,p,1
0.6456148792770351,0.29134265967685447,p,0
-1.2273309264731833,2.465823310511533,p,1
0.0400692581295283,-0.764277236188416,e,0
-1.122935338096353,2.6696662071149095,p,1
-1.27354680667193,-0.3504820450230539,p,1
-2.244931500367051,-0.9797762220529843,p,1
-0.9042831126344593,2.7448972258240016,p,1
-0.8808859072409239,2.74395555064759,p,1
1.0007390782777497,0.42917390887812046,p,0
-1.9261882650956417,-0.9066003878582428,p,1
0.37120658013858304,-0.7049484120977902,e,0
-0.9023467802502383,-0.37371751049972257,e,1
1.331846622557019,0.14847465939424823,p,0
-1.3526003410801672,-0.4974159631020646,p,1
-1.1912567349001775,2.4533718347892965,p,1
-2.441716714887142,-0.8018059193578984,p,1
-0.8989570131303966,2.6517184924406623,p,1
-1.0057457909796343,2.5080792655984996,p,1
1.0148085561685798,0.4315486246299819,p,0
-0.20625518108035718,-0.010610676784618744,e,0
-2.244931500367051,-0.9797762220529843,p,1
1.2946115127045752,-0.0763688251082208,p,0
-2.645534713123612,-0.669746693514736,p,1
0.9093050797410862,0.03439043277737991,p,0
0.9139618204995053,-0.013763857329597562,p,0
0.23357068360830086,-1.1218587501217103,e,0
0.9821185207257288,0.2276526125726967,p,0
-0.7632200726625471,-0.32035655358426607,e,1
-1.1568920495217272,2.448258181991018,p,1
-0.15545133813257053,-0.050717633630726844,e,0
1.1688483936724428,-0.006900844686692581,p,0
1.3332510181922952,-0.12771284543224412,p,0
-0.9201863489293529,2.6616443371327185,p,1
0.91763831709608,0.4480275851880061,p,0
-2.0746619161426083,-0.993863951369791,p,1
-1.1560944639549122,2.5403569510037425,p,1
0.9035688392052501,0.4456528694361447,p,0
0.9051581932083916,0.250051382212782,p,0
-1.6540389871210257,-1.3849111137248147,p,1
-0.7481967314007372,2.802254964054705,p,1
-2.3425262605503523,-0.5345351308691707,p,1
1.3559664302894983,0.09822308991002306,p,0
-1.227447152743471,2.464799529362565,p,1
-2.054370097476446,-1.2417914861362023,p,1
-1.7460815591640242,-1.103759424120362,p,1
0.31298779780353286,-0.8480255752281777,e,0
-0.15112441745202396,0.028222407627747026,e,0
0.6706685994053008,0.24833208230549472,p,0
-0.9906252258808088,2.6792094656532335,p,1
-2.3442756275432197,-0.6579837552880158,p,1
-2.143388641674693,-1.1308991377112199,p,1
-1.5565978997771035,-1.241088949654932,p,1
-2.3293225851737756,-0.9060202291696954,p,1
-1.961258263632799,-1.0803556447440241,p,1
-2.1138296107340984,-0.9409165509751644,p,1
-2.3445354606626454,-1.1806205940511953,p,1
-1.4996253262712622,-1.6959958961451662,p,1
-2.0392029676748753,-1.4258894915338494,p,1
-2.335914627258373,-0.6847491138335775,p,1
-2.4026573972971876,-0.4817945586756257,p,1
-1.6478680954608285,-1.8023072888772629,p,1
-2.6283461139280337,-0.8973059754431744,p,1
-2.015878432783071,-1.043842402400753,p,1
-2.499207678720075,-1.0458333972682314,p,1
-2.362939219893044,-0.6456403776571281,p,1
-2.263595092716876,-0.9674328444220966,p,1
-2.1558079213267556,-0.8819081500956968,p,1
-1.900616360690317,-1.1517074232543794,p,1
-2.3576847544315562,-1.2648625932077775,p,1
-1.4933332939345354,-1.7543592897432458,p,1
-2.3401738561947836,-0.9529288350161339,p,1
-2.2895419418478626,-1.0530098467942952,p,1
-1.988094389113018,-1.5993511550044668,p,1
-2.1335526482356,-0.942448591959231,p,1
-2.257003050632278,-1.1887039597582145,p,1
-2.145624198500827,-1.1513763296644612,p,1
-2.272353342652285,-1.2805691287227334,p,1
-2.1335526482356,-0.942448591959231,p,1
-1.6862547253121547,-1.791495952230442,p,1
-2.2953896804836043,-1.1778926231113935,p,1
-2.0960700276575905,-1.1267716028939747,p,1
-2.455540963129586,-1.0538242345447777,p,1
-1.9783958122050618,-1.228165413335497,p,1
-2.0802129760148294,-1.2012964024877315,p,1
-2.0690454350229195,-1.165880339070424,p,1
-1.9268598885848243,-1.1547347508257355,p,1
-2.060452048953939,-1.2672683862955558,p,1
0.3800654866089647,-0.39337334255329626,e,0
-2.5129790069932314,-0.7964105759145305,p,1
0.21783638355405965,-0.40987729764333425,e,0
-1.7172146527808891,-1.3145138489483028,p,1
-2.060452048953939,-1.2672683862955558,p,1
-2.0960700276575905,-1.1267716028939747,p,1
-1.8757383846990754,-1.654166426695872,p,1
-1.8348173165418258,-1.4358864404301883,p,1
-1.733958958275482,-1.2702007369350428,p,1
-1.9020913538445638,-1.3669233275519297,p,1
-1.719450209607023,-1.3349910409015444,p,1
-2.1909191404076527,-0.9078013352523914,p,1
-2.07360134272285,-1.3515103854521382,p,1
-1.928334881739071,-1.3699506551232863,p,1
-1.9390029905416433,-1.1408960866075584,p,1
-2.277419340959321,-1.2194511596089759,p,1
-2.1069665945164417,-0.9575757145636162,p,1
-1.91045235412941,-1.340157969006368,p,1
-1.7993701807614793,-1.2202806641117725,p,1
-1.888938729091302,-1.3630393753325432,p,1
-1.9729358952318141,-0.86902369266586,p,1
-1.770508393587742,-1.9004751552641341,p,1
-2.628756288902488,-0.9112376058898538,p,1
-1.5626798512545963,-1.2665658498142858,p,1
-1.842417753154785,-1.6038597942289354,p,1
-2.5233045899711524,-0.585510457574544,p,1
-1.6994550697043813,-1.5003689008671133,p,1
-1.644114053499228,-1.639333643284628,p,1
-2.1782255556381807,-1.0325384180574442,p,1
-2.035214712871524,-1.3623217220989592,p,1
-0.06992807330658199,0.18639120501354764,e,0
-2.0690454350229195,-1.165880339070424,p,1
-2.130573916228691,-0.8966034389619041,p,1
-1.5611538074770341,-1.4267189960366462,p,1
-1.653950046938321,-1.8277841890366169,p,1
-2.25039474832465,-1.2585598957854254,p,1
-2.4509850554296557,-0.8681941881630636,p,1
-2.1773215463648636,-0.8590267437695215,p,1
-2.055845090630693,-1.4570073904337526,p,1
-2.846342284427764,-0.6101136056301866,p,1
-1.888938729091302,-1.3630393753325432,p,1
-2.231731155974825,-1.270903273416313,p,1
-2.08747664158861,-1.2281596501191065,p,1
-2.5016169697765758,-0.7681131763849022,p,1
-2.4669030003462415,-1.082121634074406,p,1
-1.6671503913305477,-1.536657137673288,p,1
-2.1499858029686885,-1.3790680886995226,p,1
-2.1065280556009287,-0.9815573281356803,p,1
-1.9218143913460652,-1.3684553685359964,p,1
-1.6425880097216659,-1.7994867895069881,p,1
-1.8537797903714401,-1.632157193758564,p,1
-1.8968112681054015,-1.3641028281816552,p,1
-2.349738875500818,-0.9367674290204567,p,1
-2.0460090971916,-1.2685568446817639,p,1
-2.585298541534728,-0.5137268453260111,p,1
-2.3128782894270534,-0.7874256194449172,p,1
-2.0775895975262015,-1.4150781548870284,p,1
-1.7585742598536518,-1.5088122216419226,p,1
-1.9301731889146425,-1.050526204230329,p,1
-2.0788814284620125,-1.3543308848224127,p,1
-1.8808933231888156,-1.1501753822703127,p,1
-1.9652465184361505,-1.1439234141789145,p,1
-2.107534247413021,-1.07963799151044,p,1
-1.4726007336365912,-1.7351046323216155,p,1
-1.7895341873223862,-1.0318301183597836,p,1
-2.0490900117372837,-1.2389709867659275,p,1
-1.692425616972352,-1.3740997770779937,p,1
-2.240558754885557,-1.0701093500334364,p,1
-2.2291967176689016,-1.0418119505038081,p,1
-2.656896750340267,-0.6980440930443643,p,1
-2.070288042393032,-1.4557189320475445,p,1
-1.9107490328929306,-1.2576082942055258,p,1
-2.512408023112301,-0.7547063459049028,p,1
-2.4457049696904933,-0.8653736887927889,p,1
-2.5561769212415655,-0.6712844977151932,p,1
-1.558744516420533,-1.7044392169199756,p,1
-2.205872182777097,-0.6597648613707117,p,1
-1.8348173165418258,-1.4358864404301883,p,1
-2.0293669742357823,-1.2374389457818609,p,1
-1.6931630373676545,-1.558732294465193,p,1
-1.914737287696282,-1.3211760636404164,p,1
-2.6012175990878195,-1.0493155953203088,p,1
1.0500279839753914,-0.3239224576768729,e,0
-2.0675193912453573,-1.3260334852927842,p,1
-1.5054763958913546,-1.7405206255250685,p,1
-2.0121783750402042,-1.464998227710299,p,1
-2.263595092716876,-0.9674328444220966,p,1
-2.0677536040871085,-1.2266276091350399,p,1
-1.4864249818790356,-1.9871229475084946,p,1
-2.717854247665109,-0.38706296292621667,p,1
-2.131245539717874,-1.144737801929397,p,1
-2.2800427194479482,-1.0056694072096788,p,1
-1.7731061517986952,-1.0646506879439126,p,1
-2.197948593139682,-1.0340704590415108,p,1
-1.856015347197574,-1.6526343857118055,p,1
-1.915963321725973,-1.3239306391560939,p,1
-2.248919755170403,-1.0433439914878748,p,1
-1.6660345225274398,-1.710741914342328,p,1
-1.2958106590191425,-1.7476970750511325,p,1
-1.702261610411445,-1.5625503228299826,p,1
-2.483857386700068,-0.9539682283037126,p,1
-1.7315496672189807,-1.547920957818372,p,1
-2.5222440165513946,-0.9431568916568916,p,1
-1.671138646133899,-1.6002249071081787,p,1
0.6436946416385314,-0.49822422033096636,e,0
-1.6380321020217354,-1.6138567431252742,p,1
-2.7408905854964285,-0.2843864573148769,p,1
-1.8929269838946534,-1.4266071447674338,p,1
-2.073033689826271,-1.2294481085053146,p,1
0.16279672520348243,-0.2152637426065014,e,0
-2.4515527083262345,-0.9902564651098872,p,1
-2.2931541236574704,-1.1574154311581522,p,1
-1.6616394237339849,-1.552884467523562,p,1
-2.2179437330423237,-0.8686925990759419,p,1
-2.1128143331521834,-1.0824584908807144,p,1
-2.5291523286068944,-0.7103932338916426,p,1
-2.483857386700068,-0.9539682283037126,p,1
-1.5897300641669418,-1.8494998285587605,p,1
-1.3567681563439844,-1.4367159449329847,p,1
-1.5664338932161965,-1.4295394954069207,p,1
-2.1697211097519045,-0.6910533899707741,p,1
-1.2942846152415803,-1.9078502212734927,p,1
-1.760983550910153,-1.2310920007585935,p,1
-2.4608210488687483,-1.0566447339150524,p,1
-1.4941143586746994,-1.71222322599544,p,1
-1.719450209607023,-1.3349910409015444,p,1
-1.4618096803008658,-1.748511462801615,p,1
-1.500196310152192,-1.737700126154794,p,1
-2.179557103190998,-0.8795039357227629,p,1
-2.100625935357521,-1.3124016492756885,p,1
-2.0174584607793666,-1.4678187270805736,p,1
-1.51738490934777,-1.5101408442263557,p,1
-2.037181498280868,-1.4693507680646403,p,1
-2.646512540994645,-0.8057406009082393,p,1
-1.9531239175476083,-1.3103647269935954,p,1
-2.3694619130023193,-0.9382994700045234,p,1
-1.7717746042458784,-1.217685170278594,p,1
-2.4300042889730538,-0.9821788626192584,p,1
-1.9382219258014795,-1.183032150355364,p,1
-1.5817808542518526,-1.6017627113086357,p,1
-1.7007866172571982,-1.3473344185324319,p,1
-1.680974639572992,-1.7886754528601672,p,1
-1.9432879241085153,-1.1219141812416065,p,1
-2.3131492635601125,-0.9920375711925832,p,1
-1.9888538401484,-1.0829511385772026,p,1
-2.274191649827856,-0.9611446778297764,p,1
-2.645534713123612,-0.669746693514736,p,1
-2.5222440165513946,-0.9431568916568916,p,1
-2.2923614078788184,-0.7892212563576453,p,1
-2.5071279373731388,-0.7518858465346282,p,1
-1.976509028681058,-1.2874519848336328,p,1
-2.064206090915539,-1.430242031888191,p,1
-2.0576833978062643,-1.1375829395407957,p,1
-2.0844979095817013,-1.1823144971217798,p,1
-1.9162633314738442,-1.161022917418056,p,1
-2.750726578935522,-0.4728370030668658,p,1
0.20031726364860492,-0.3171038746121271,e,0
-2.668571050954932,-0.5670701879033964,p,1
-1.9051722683902477,-1.3373374696360933,p,1
-1.8709683895670182,-1.4045979118301257,p,1
-2.0872424287468587,-1.327565526276851,p,1
-1.9139998673009795,-1.136543546253217,p,1
-2.561691219822479,-0.574699120927723,p,1
-2.152532510556327,-0.9186126718992124,p,1
-2.161088007065918,-0.8847286494659715,p,1
0.05222065402802467,-0.4678865819207678,e,0
-2.3125782796791823,-0.9503333411829554,p,1
-1.7432239678336452,-1.4169470526774037,p,1
-2.0657321346931012,-1.2700888856658306,p,1
-2.457067006907148,-0.8936710883224172,p,1
-2.4608210488687483,-1.0566447339150524,p,1
-2.1357882050617336,-0.9629257839124724,p,1
-2.5794474719146363,-0.46920211594610883,p,1
-1.8790516850288936,-1.5499578801004656,p,1
-2.124722846608599,-0.8520787095820018,p,1
-1.9139998673009795,-1.136543546253217,p,1
0.25711058815178167,0.02373830162336729,e,0
-1.9574576146687392,-1.5340543068170591,p,1
-1.7050715508240701,-1.3283525131664804,p,1
-2.2394428860824487,-1.2441941267024763,p,1
-2.2350444563046428,-1.1666947268209065,p,1
0.07194369152952584,-0.46635454093670103,e,0
-1.7270506462199822,-1.5029643947002915,p,1
-2.254767493806144,-1.1682267678049731,p,1
-2.062649480480649,-1.3371446163691891,p,1
-2.346771017488779,-1.2010977860044367,p,1
-2.4669159256701327,-0.7561516216748869,p,1
-1.7106226106962912,-1.5357849642844208,p,1
-2.30045567879064,-1.116774653997636,p,1
-2.779277215347755,-0.2735751206680559,p,1
-2.075442980882772,-0.9517278876219853,p,1
-1.490360316713099,-1.549249580402805,p,1
-1.4789982794964438,-1.5209521808731767,p,1
-1.6493941392383906,-1.6421541426549024,p,1
-1.6380321020217354,-1.6138567431252742,p,1
-2.5466007609218977,-1.005470790726384,p,1
-1.9553594743737421,-1.3308419189468368,p,1
-2.3270870283476413,-0.8855430372164538,p,1
-2.178847590142426,-0.698873597547161,p,1
-1.929115946479235,-1.3278145913754802,p,1
-2.301787226343457,-0.9637401716629549,p,1
-1.9020913538445638,-1.3669233275519297,p,1
-2.240558754885557,-1.0701093500334364,p,1
-1.75114755747106,-1.0426414550066045,p,1
-2.1575985088633622,-0.8574947027854548,p,1
-1.8709683895670182,-1.4045979118301257,p,1
-2.097312635027703,-1.4166101958710953,p,1
-2.0113225250831404,-0.858212356019039,p,1
-1.6155634170869948,-1.8385955256834379,p,1
-1.702261610411445,-1.5625503228299826,p,1
-2.5008359050364124,-0.8102492401327077,p,1
-2.48538343047763,-0.7938150820813521,p,1
-2.3875669383966063,-0.9125662284742865,p,1
-2.062239305506195,-1.3232129859225095,p,1
-1.7844681890153504,-1.092948087473541,p,1
-2.252233055500221,-0.9391354448924684,p,1
-2.33033786275569,-0.7644782892641451,p,1
-1.6810635797556968,-1.3458023775483654,p,1
-1.8929269838946534,-1.4266071447674338,p,1
-1.5226649950869326,-1.5129613435966303,p,1
-1.883039939832245,-1.6135256495353558,p,1
-2.37379561012345,-1.1619890498279872,p,1
-2.334388583480811,-0.8449022600559378,p,1
0.030970888822805714,-0.30725333240569985,e,0
-2.0319014125417056,-1.4665302686943655,p,1
-1.9238358607400725,-1.3249940920052055,p,1
-2.0966410115385203,-1.1684758329036025,p,1
-2.6937573364140315,-0.8473859026199041,p,1
-2.2833181302183774,-0.9689648854061633,p,1
-1.670904433292148,-1.699630783265923,p,1
-1.8676896478122385,-1.521660480570837,p,1
-1.4941143586746994,-1.71222322599544,p,1
-2.1542818775491934,-1.042061296318057,p,1
-1.527220902786863,-1.6985913899783442,p,1
-2.262069048939314,-1.127585990644457,p,1
-2.28432765301482,-0.986687501843727,p,1
-2.0505650048915305,-1.454186891063478,p,1
-1.7964023227494406,-1.4846110210957524,p,1
-2.0721263495686033,-1.1362944811545876,p,1
-2.1042209470832027,-1.1838465381058465,p,1
-2.550896835502403,-0.6684639983449187,p,1
-0.18501712074393833,-0.04629763494796815,e,0
-2.5169639308122322,-0.9403363922866169,p,1
-1.6425880097216659,-1.7994867895069881,p,1
-1.9532128577303127,-0.8674916516817933,p,1
-1.7447500116112074,-1.2567939064550435,p,1
-2.297142378460822,-1.2209832005930428,p,1
-1.8922553604054708,-1.178472781799941,p,1
-2.40793748303635,-0.4846150580459002,p,1
-1.5725158446936893,-1.4550163955662745,p,1
-1.7103516365632325,-1.331173012536755,p,1
-1.9165343056069029,-1.3656348691657216,p,1
-1.8373517548477492,-1.664977763342693,p,1
-2.3201787162921415,-1.1183066949817029,p,1
-1.2672600226069093,-1.9469589574499424,p,1
-2.097312635027703,-1.4166101958710953,p,1
-1.6557883541138925,-1.5083597381436598,p,1
-1.9415352261312977,-1.0788236037599575,p,1
-2.3212392897119,-0.7606602608993555,p,1
-2.3677092150251013,-0.8952088925228744,p,1
-2.098604465963514,-1.3558629258064794,p,1
-2.257003050632278,-1.1887039597582145,p,1
-1.5325009885260257,-1.701411889348619,p,1
-2.367571798493965,-1.0779440884398555,p,1
-2.3015162522103987,-0.7591282199152888,p,1
-1.8756132374496532,-1.147354882900038,p,1
-2.5972326752688186,-0.9053897789482227,p,1
-2.3541116209823123,-0.8464343010400045,p,1
-1.7379438820944828,-1.4141265533071292,p,1
-1.918498888299978,-1.1815001093712973,p,1
-1.527220902786863,-1.6985913899783442,p,1
-1.976160255378928,-1.2076882213822555,p,1
-2.1478876626736914,-1.1758557008293,p,1
-1.766494518506716,-1.2148646709083195,p,1
-2.1400731386286056,-0.9439438785465207,p,1
-2.22764230995028,-1.2398783407449119,p,1
-1.955747296036236,-1.096582974594298,p,1
-2.1065280556009287,-0.9815573281356803,p,1
-2.3947338076597724,-0.8561001563464249,p,1
-1.389900320733823,-2.045126823836813,p,1
-1.739469925872045,-1.2539734070847688,p,1
-1.6327520162825728,-1.6110362437549997,p,1
-2.546340927802472,-0.48283395196320433,p,1
-2.281792086440815,-1.1291180316285239,p,1
-2.5293865414486456,-0.6109873577338979,p,1
-2.0834883867852585,-1.164591880684216,p,1
-2.1105129794199295,-1.1254831445077667,p,1
-1.9501560595355696,-1.5746950839775753,p,1
-2.4745923771419047,-0.8072219125613515,p,1
-1.842417753154785,-1.6038597942289354,p,1
-1.6878829516284921,-1.5559117950949184,p,1
-2.1683895621990876,-0.8440878723054553,p,1
-2.2704028135511827,-0.7672120234203371,p,1
0.3689737119706376,-0.055417948175596754,e,0
-1.7434581806753964,-1.3175411765196594,p,1
-2.136525625457036,-1.1475583012996717,p,1
-2.0589260051763767,-1.4274215325179163,p,1
-2.2919512329043643,-0.7752896259109661,p,1
-2.752252622713084,-0.3126838568445053,p,1
-1.8439437969323471,-1.443706648006575,p,1
-2.0602178361121877,-1.3666742624533004,p,1
-2.533140583410246,-0.7739610033265328,p,1
-1.9863194018424766,-0.8538598156646978,p,1
-2.739052278320857,-0.6038109082078339,p,1
-2.1380516692345983,-0.9874051550773114,p,1
-2.3085933558601814,-0.806407524810869,p,1
-2.126689632017943,-0.9591077555476829,p,1
-1.9400091823537355,-1.2389767499823179,p,1
-1.9260993249129372,-1.3494734631700447,p,1
-1.9218143913460652,-1.3684553685359964,p,1
-1.9577687654302434,-1.0531216980635074,p,1
-2.5445026206269006,-0.8022584028561612,p,1
-2.7620886161521767,-0.5011344025964942,p,1
-1.9392996693051638,-1.058346411806716,p,1
-2.233966712800959,-1.2913804653695544,p,1
-2.0755681281321943,-1.4585394314178193,p,1
-2.489939338177561,-0.9794451284630662,p,1
-1.444050097224358,-1.9343665147204256,p,1
-2.5577029650191276,-0.5111313514928328,p,1
-2.0549377503730253,-1.3638537630830256,p,1
-1.6385997549183144,-1.735919020072098,p,1
-2.56753895845822,-0.6995818972448216,p,1
-1.7625095946877152,-1.070938854536233,p,1
-1.678828022929563,-1.3253251855951238,p,1
-2.155189217806861,-1.135214923668784,p,1
-2.0868050180994273,-0.9800252871516136,p,1
-2.082869683265364,-1.417898654257303,p,1
-2.523872242867732,-0.707572734521368,p,1
-0.22662808060427536,0.17797471653197136,e,0
-1.7161993751989741,-1.456055788853853,p,1
-1.9941339258875623,-1.085771637947477,p,1
-2.2855536870445112,-0.9894420773594047,p,1
-1.7943041824544435,-1.2813986332255298,p,1
-1.9066983121678098,-1.177184323413733,p,1
-1.5218839303467686,-1.555097407344436,p,1
-2.168960546080018,-0.8857921023150831,p,1
-2.1105129794199295,-1.1254831445077667,p,1
0.05853444419755638,-0.407676576956015,e,0
-2.0211585185222334,-1.0466629017710278,p,1
-2.716793674245351,-0.7447093970085643,p,1
-2.655370706562705,-0.8581972392667251,p,1
-1.846179353758481,-1.4641838399598166,p,1
-2.115793065159092,-1.1283036438780414,p,1
-2.3424373203676483,-0.9774082061809727,p,1
-2.4893716852809815,-0.8573828515162426,p,1
-2.098604465963514,-1.3558629258064794,p,1
-1.9731923973668892,-1.4720185783662354,p,1
-2.359625919563226,-0.7498489242525345,p,1
-2.5400035996279025,-0.7573018397380812,p,1
-2.149725969849263,-0.856431249936343,p,1
-2.6667327437793604,-0.8864946387963534,p,1
-2.0819623430076963,-1.3247450269065764,p,1
-2.3698073553200985,-1.0984212803930968,p,1
-2.456832794065397,-0.9930769644801619,p,1
-2.3695508531850233,-0.4954263946927212,p,1
-1.7121486544738533,-1.3756318180620601,p,1
-2.1236656041731914,-1.129367096727153,p,1
-1.5547562616171815,-1.640871447485085,p,1
0.1748609521549382,-0.36971871553389657,e,0
-1.4956404024522616,-1.5520700797730795,p,1
-2.12816462517219,-1.1743236598452333,p,1
-1.832581759715692,-1.4154092484769467,p,1
-2.082869683265364,-1.417898654257303,p,1
-1.643879840657477,-1.7387395194423725,p,1
-2.1016865087772794,-0.9547552151933417,p,1
-0.2550679979549458,0.3189668048817051,e,1
-2.1025927207668653,-1.41943069524137,p,1
-1.8962402842244717,-1.3223985981720274,p,1
0.37595665505700954,-0.25549143052806866,e,0
-2.0505650048915305,-1.454186891063478,p,1
-1.8545403540433272,-1.4374184814142548,p,1
-2.1477625154242697,-0.669044157033466,p,1
-1.898774722530395,-1.551489921084532,p,1
-2.5469119116834023,-0.5245381819728321,p,1
-2.3224142731182758,-1.1387838869349443,p,1
-2.277419340959321,-1.2194511596089759,p,1
-1.680974639572992,-1.7886754528601672,p,1
-0.5915725902657387,0.6921089507492748,p,1
-2.0868050180994273,-0.9800252871516136,p,1
-1.3228352516538135,-1.7085883388746832,p,1
-2.4785773009609056,-0.9511477289334379,p,1
-1.7040109774043117,-1.6859989472488273,p,1
-2.38489781422068,-0.6676496105944363,p,1
-1.671138646133899,-1.6002249071081787,p,1
-2.333310839977127,-0.9695879986045858,p,1
-2.100625935357521,-1.3124016492756885,p,1
0.32620334691594594,-0.33702507883872657,e,0
-1.8869752746663084,-1.1756522824296662,p,1
-1.6764187318730617,-1.6030454064784532,p,1
-1.4765889884399426,-1.7986724017565061,p,1
-2.1272572849145224,-1.0811700324945066,p,1
-2.1050020118233665,-1.1417104743580408,p,1
-2.56410051087898,-0.29697890004439387,p,1
-2.0675193912453573,-1.3260334852927842,p,1
-1.8556180975470116,-1.3127327428656068,p,1
-1.9685598187659687,-1.039714867583508,p,1
0.14866241475063013,-0.3920708688372415,e,0
-2.68976908161068,-0.7838181331850136,p,1
-1.533558230961433,-1.4241235022034677,p,1
-1.5777959304328517,-1.457836894936549,p,1
-2.3125782796791823,-0.9503333411829554,p,1
-1.9676558094926517,-0.8662031932955855,p,1
-1.8781476757555766,-1.3764462058125426,p,1
-2.0897779953208637,-1.1851349964920543,p,1
-1.4210137593930383,-2.0370430203317653,p,1
-1.4789982794964438,-1.5209521808731767,p,1
-2.270117785826151,-1.260091936769492,p,1
-1.6592301326774836,-1.8306046884068914,p,1
-1.9552220578426054,-1.5135771148638177,p,1
-1.883427761494739,-1.3792667051828174,p,1
-2.063765349283757,-1.1630598397001493,p,1
0.028130136501797715,-0.43597739522156087,e,0
-1.883039939832245,-1.6135256495353558,p,1
-2.0392029676748753,-1.4258894915338494,p,1
-1.5679599369937587,-1.2693863491845605,p,1
-2.6799330881715866,-0.5953675874330246,p,1
-2.33033786275569,-0.7644782892641451,p,1
-2.723701986300851,-0.5119457392433152,p,1
-2.4623470926463105,-0.8964915876926919,p,1
-2.0174584607793666,-1.4678187270805736,p,1
-2.741150418615854,-0.8070232960780566,p,1
-1.9488389839807363,-1.329346632359547,p,1
-2.683921342974938,-0.658935356867915,p,1
-1.5489085229814399,-1.5159886711679866,p,1
-2.512408023112301,-0.7547063459049028,p,1
-1.5449202681780883,-1.452420901733096,p,1
-1.7217136737798877,-1.3594704120663834,p,1
-2.144705717229526,-1.3762475893292478,p,1
-2.1677420550608457,-1.273571083717908,p,1
-2.125629058598185,-1.31675418963003,p,1
-2.3070673120826193,-0.9665606710332296,p,1
-2.2268612452101166,-1.2820144044927178,p,1
-1.9377736255276017,-1.2184995580290765,p,1
-2.385468798101609,-0.7093538406040639,p,1
-1.8446533099809188,-1.6243369861821768,p,1
-2.07360134272285,-1.3515103854521382,p,1
-2.506115990775575,-0.8130697395029822,p,1
-1.9192799530401419,-1.1393640456234917,p,1
-2.109501032822365,-1.186667037476121,p,1
-1.471074689859029,-1.895257778543976,p,1
-1.6908995731947898,-1.534252923300354,p,1
-2.6513824517593534,-0.7946294698318346,p,1
-1.2844486218024873,-1.7193996755215042,p,1
-2.090789941918428,-1.1239511035237,p,1
-1.943558898241574,-1.3265261329892724,p,1
-2.1072375686495004,-1.1621876663112822,p,1
-2.2895419418478626,-1.0530098467942952,p,1
-1.925799315165066,-1.5123811849080828,p,1
-2.0775895975262015,-1.4150781548870284,p,1
-2.380912890401679,-0.5237237942223497,p,1
-1.8790516850288936,-1.5499578801004656,p,1
-2.1398389257868544,-1.0433497547042652,p,1
-2.656896750340267,-0.6980440930443643,p,1
-2.0966410115385203,-1.1684758329036025,p,1
-2.332601326928555,-0.7889576604289839,p,1
-2.4939275929809126,-1.0430128978979567,p,1
-2.1631094764599252,-0.8412673729351808,p,1
-1.9119783979069722,-1.1800048227840076,p,1
-2.345453941933946,-0.9557493343864086,p,1
-2.001435481020732,-1.0451308607869612,p,1
-2.503143013554138,-0.6079600301625415,p,1
-1.8213287750891145,-1.2422898970490805,p,1
-2.1886835835815193,-0.8873241432991498,p,1
-1.8014683210564764,-1.4234930519819948,p,1
-1.79176974414852,-1.052307310313025,p,1
-2.4177734764754426,-0.6730656037978892,p,1
-1.5226649950869326,-1.5129613435966303,p,1
-2.0657321346931012,-1.2700888856658306,p,1
-1.966324261939835,-1.0192376756302666,p,1
-2.273431086155969,-1.1558833901740855,p,1
-1.2844486218024873,-1.7193996755215042,p,1
0.2926271754758476,-0.09745471505429618,e,0
-1.7106226106962912,-1.5357849642844208,p,1
-1.7149075442631632,-1.5168030589184691,p,1
-2.457067006907148,-0.8936710883224172,p,1
-1.688664016368656,-1.5137757313471125,p,1
-1.6638749805601187,-1.5733616594768036,p,1
-1.9327076272205659,-1.2796175271428336,p,1
-2.233966712800959,-1.2913804653695544,p,1
0.29110044777212973,0.06471057544483826,e,0
-2.1650762618692694,-0.9482964189008619,p,1
-2.145353224367768,-0.9467643779167952,p,1
-1.461238696419936,-1.7068072327919872,p,1
-2.4515527083262345,-0.9902564651098872,p,1
-2.4044323845677287,-1.227285898015395,p,1
-1.8957464499256087,-1.1628185543307838,p,1
-2.530167606188809,-0.5688512939860922,p,1
-2.306286247342456,-1.0086967347810352,p,1
-1.8757383846990754,-1.654166426695872,p,1
-1.8874126853137398,-1.5231925215549038,p,1
-2.1087636124270626,-1.0020345200889216,p,1
-1.8603880926790688,-1.562301257731353,p,1
0.1897099148504351,-0.1940905404571007,e,0
-2.0435484774833927,-1.0019477548748392,p,1
-1.9961553952815696,-1.0423103614166864,p,1
-2.167485552925771,-0.6705761980175327,p,1
-1.815393160520114,-1.642968530405385,p,1
-1.4670897660400284,-1.7513319621718895,p,1
-2.0927567273277723,-1.2309801494893813,p,1
-1.6493941392383906,-1.6421541426549024,p,1
-1.4382023585886163,-1.809483738403327,p,1
-2.30045567879064,-1.116774653997636,p,1
-1.8854492308887463,-1.3358054286520264,p,1
-2.0549377503730253,-1.3638537630830256,p,1
-2.534666627187808,-0.6138078571041725,p,1
-2.073033689826271,-1.2294481085053146,p,1
-1.8659023912599824,-1.465715880943883,p,1
-1.3681301935606396,-1.465013344462613,p,1
-2.273431086155969,-1.1558833901740855,p,1
-2.1828325139614266,-0.8427994139192475,p,1
-2.0927567273277723,-1.2309801494893813,p,1
-2.0774064353077657,-1.1391149805248624,p,1
-2.457028881607725,-0.9430701264428091,p,1
-1.6941749839652187,-1.4975484014968388,p,1
-1.6724304770697103,-1.5394776370435626,p,1
-2.5129790069932314,-0.7964105759145305,p,1
-1.9060762776635647,-1.510849143924016,p,1
-2.262479223913768,-1.1415176210911364,p,1
-1.4996253262712622,-1.6959958961451662,p,1
-2.489939338177561,-0.9794451284630662,p,1
0.14866241475063013,-0.3920708688372415,e,0
-1.6155634170869948,-1.8385955256834379,p,1
-1.7382037152139085,-1.9367633920703087,p,1
-1.974410888386061,-1.0842395969634104,p,1
-1.7219846479129464,-1.564082363814049,p,1
-1.643879840657477,-1.7387395194423725,p,1
-2.1185996058661556,-1.1904850658409105,p,1
-2.3826622573945455,-0.6471724186411948,p,1
-2.1138296107340984,-0.9409165509751644,p,1
-1.7262695814798183,-1.5451004584480974,p,1
-2.1168025879555348,-1.146026260315605,p,1
-1.8406650551775674,-1.5607692167472866,p,1
-1.8654540909861046,-1.5011832886175955,p,1
-2.5016169697765758,-0.7681131763849022,p,1
-2.159796176130107,-0.9454759195305874,p,1
-2.4785773009609056,-0.9511477289334379,p,1
-2.18156630330329,-1.5255893989047875,p,1
-1.7333879743945522,-1.228496506925415,p,1
-1.7545860050503004,-1.445244452207032,p,1
-2.25039474832465,-1.2585598957854254,p,1
-1.5394093005815255,-1.46864823158337,p,1
-1.9804939525000589,-1.4313778012057192,p,1
-2.455540963129586,-1.0538242345447777,p,1
-1.490360316713099,-1.549249580402805,p,1
-1.7391732471085244,-1.3365230818856109,p,1
-1.8669801347636668,-1.341030142395235,p,1
-2.6667327437793604,-0.8864946387963534,p,1
-1.7092910631434743,-1.688819446619102,p,1
-2.5696370987532173,-0.9027942851150442,p,1
-1.873203946393152,-1.4250751037833673,p,1
-1.7040109774043117,-1.6859989472488273,p,1
-1.3779661869997328,-1.653463890214602,p,1
-1.6208435028261574,-1.8414160250537122,p,1
-1.9066983121678098,-1.177184323413733,p,1
-2.1357882050617336,-0.9629257839124724,p,1
-2.491780976337483,-0.5796626306329132,p,1
-1.925799315165066,-1.5123811849080828,p,1
-2.4337964562340773,-1.0957534700915017,p,1
-2.68976908161068,-0.7838181331850136,p,1
-1.856015347197574,-1.6526343857118055,p,1
-1.9038407208374308,-1.4903719519707745,p,1
0.1805243765966721,-0.18791226386942803,e,0
-2.564357013014055,-0.8999737857447695,p,1
-1.8775766918746468,-1.3347419758029149,p,1
-1.444050097224358,-1.9343665147204256,p,1
-1.4670897660400284,-1.7513319621718895,p,1
-2.484091599541819,-0.8545623521459679,p,1
-2.0005169997494314,-1.270002120451748,p,1
-1.9774918029317448,-1.054653739047574,p,1
-1.6638749805601187,-1.5733616594768036,p,1
-2.1907817238765164,-1.0905365311693724,p,1
-2.51802450423199,-0.5826899582042695,p,1
-2.249897583041436,-1.1793378988813779,p,1
-1.9129845897190645,-1.2780854861587672,p,1
-1.9479327719911503,-0.8646711523115188,p,1
-1.729286203046116,-1.523441586653533,p,1
-2.055845090630693,-1.4570073904337526,p,1
-2.365473658198968,-0.8747317005696328,p,1
-2.1203489728590226,-1.3139336902597554,p,1
-2.054370097476446,-1.2417914861362023,p,1
-2.3310752831509927,-0.9491108066513444,p,1
-1.6769863847696407,-1.725107683425277,p,1
-1.3228352516538135,-1.7085883388746832,p,1
-1.9504672102970737,-1.0937624752240236,p,1
-2.3070673120826193,-0.9665606710332296,p,1
-2.26099130543563,-1.2522717291931051,p,1
-2.392498250833639,-0.8356229643931835,p,1
-1.8578536543731454,-1.3332099348188484,p,1
-1.8584246382540752,-1.3749141648284762,p,1
-2.0444830534140377,-1.428709990904124,p,1
-2.0444830534140377,-1.428709990904124,p,1
-1.8637047239932376,-1.3777346641987507,p,1
-2.0319014125417056,-1.4665302686943655,p,1
-1.7270506462199822,-1.5029643947002915,p,1
-1.8114927816500215,-1.0538393512970916,p,1
-1.6835980180616201,-1.57489370046087,p,1
-2.7276902411042023,-0.5755135086782055,p,1
-2.0755681281321943,-1.4585394314178193,p,1
-1.9307441727955723,-1.092230434239957,p,1
-1.943558898241574,-1.3265261329892724,p,1
-2.1532991032985067,-1.2748595421041158,p,1
-2.2120081184733236,-1.2693712324322464,p,1
-2.088768472524421,-1.1674123800544907,p,1
-2.173022140800008,-1.2763915830881827,p,1
-1.7490092405476174,-1.5249736276375998,p,1
-2.562258872719058,-0.696761397874547,p,1
-1.8907293166279087,-1.3386259280223012,p,1
-1.887712695061611,-1.3602847998168657,p,1
-2.2833181302183774,-0.9689648854061633,p,1
-2.063765349283757,-1.1630598397001493,p,1
-1.4480383520277094,-1.9979342841553156,p,1
-1.8659023912599824,-1.465715880943883,p,1
-1.6557883541138925,-1.5083597381436598,p,1
-2.262517349213192,-1.0921185829707445,p,1
-1.915963321725973,-1.3239306391560939,p,1
-2.1214095462787808,-0.9562872561774084,p,1
-1.8808043830061112,-1.5930484575821144,p,1
-1.7865152786870322,-1.6715295258636744,p,1
-1.7281078886553898,-1.2256760075551405,p,1
-2.3040506905163216,-0.9882195428277937,p,1
-2.1203489728590226,-1.3139336902597554,p,1
-1.5094613197103552,-1.884446441897155,p,1
0.3206471806810109,-0.005106803107706087,e,0
-1.8603880926790688,-1.562301257731353,p,1
-2.182858134239101,-1.4648421288401716,p,1
0.05853444419755638,-0.407676576956015,e,0
-1.7000260535853111,-1.542073130876741,p,1
-2.303313270121019,-0.8035870254405943,p,1
-1.8808933231888156,-1.1501753822703127,p,1
-2.1050020118233665,-1.1417104743580408,p,1
-0.6507076481653005,0.6702552350889273,p,1
-1.4480383520277094,-1.9979342841553156,p,1
-2.4952194239167236,-0.9822656278333409,p,1
-2.6283461139280337,-0.8973059754431744,p,1
-1.6810635797556968,-1.3458023775483654,p,1
-2.3741067608849544,-0.6810564410744355,p,1
-1.7532941741144894,-1.5059917222716481,p,1
-1.9691308026468985,-1.081419097593136,p,1
-2.1185996058661556,-1.1904850658409105,p,1
-2.310342722853049,-0.929856149229714,p,1
-2.2390327111079946,-1.2302624962557969,p,1
-1.9192799530401419,-1.1393640456234917,p,1
-2.0407290114524375,-1.2657363453114892,p,1
-2.3234748465380335,-0.781137452852597,p,1
-2.310342722853049,-0.929856149229714,p,1
-2.3716974698284528,-0.9587766619577648,p,1
-2.1926685074005197,-1.0312499596712361,p,1
-2.284027643266949,-1.1495952235817652,p,1
-2.5739365043180733,-0.4854294457963827,p,1
-1.5838789945468497,-1.804975099178858,p,1
-1.5105218931301134,-1.5268000078148076,p,1
-1.4888342729355368,-1.7094027266251652,p,1
-2.274762633708786,-1.002848907839404,p,1
-1.4210137593930383,-2.0370430203317653,p,1
-1.8968112681054015,-1.3641028281816552,p,1
-2.48538343047763,-0.7938150820813521,p,1
-1.8907293166279087,-1.3386259280223012,p,1
-2.2301745455399344,-1.1778058578973112,p,1
-1.3056466524582355,-1.9361476208031214,p,1
-2.18108314696856,-0.7193507895004025,p,1
-2.290619685351547,-0.9283241082456474,p,1
-2.267583347520228,-1.0310006138569872,p,1
-1.979017846709307,-0.8945005928252138,p,1
-2.064206090915539,-1.430242031888191,p,1
-1.692425616972352,-1.3740997770779937,p,1
-1.7219846479129464,-1.564082363814049,p,1
-2.3727752133321376,-0.8340909234091168,p,1
-1.6616394237339849,-1.552884467523562,p,1
-1.3951547861953109,-1.4259046082861637,p,1
-2.5413206751827353,-1.0026502913561093,p,1
-1.898774722530395,-1.551489921084532,p,1
-2.136084883825254,-0.8803761091116301,p,1
-2.6937573364140315,-0.8473859026199041,p,1
-1.8899482518877448,-1.380761991770107,p,1
-2.1729454698990183,-1.0297179186871694,p,1
-1.7632191077362869,-1.2515691927118349,p,1
-1.51738490934777,-1.5101408442263557,p,1
-2.6784070443940244,-0.7555207336553853,p,1
-2.1059060210966836,-1.3152221486459632,p,1
-2.170924000505011,-1.0731791952179601,p,1
-2.035214712871524,-1.3623217220989592,p,1
-1.688664016368656,-1.5137757313471125,p,1
-1.729286203046116,-1.523441586653533,p,1
-2.1115225022163724,-1.1432057609453303,p,1
-1.8373517548477492,-1.664977763342693,p,1
-2.612323134169399,-0.4746181091495617,p,1
-2.0346470599749447,-1.2402594451521356,p,1
-2.2350444563046428,-1.1666947268209065,p,1
-1.661068439853055,-1.5111802375139343,p,1
-2.299377935286956,-1.2414603925462842,p,1
-1.91045235412941,-1.340157969006368,p,1
-1.7164335880407253,-1.3566499126961087,p,1
-1.9366958820239173,-1.3431852965777245,p,1
-2.037181498280868,-1.4693507680646403,p,1
-1.7490092405476174,-1.5249736276375998,p,1
-2.085278974321865,-1.140178433373974,p,1
-2.472183086085404,-1.0849421334446807,p,1
-2.4740213932609754,-0.7655176825517238,p,1
-2.530167606188809,-0.5688512939860922,p,1
-2.468741307521813,-0.7626971831814492,p,1
-2.346771017488779,-1.2010977860044367,p,1
-1.4495643958052715,-1.8377811379329554,p,1
-1.904901294257189,-1.1327255178884275,p,1
-1.4824367270756842,-1.9235551780736047,p,1
-2.301787226343457,-0.9637401716629549,p,1
-2.143388641674693,-1.1308991377112199,p,1
-0.13242769982803207,0.41713467126857606,e,0
-1.8676896478122385,-1.521660480570837,p,1
-2.322714282866147,-0.975876165196906,p,1
-1.8768161282027598,-1.529480688147224,p,1
-1.916972844522416,-1.3416532555936578,p,1
-1.8643763474824202,-1.6258690271662437,p,1
-1.8643763474824202,-1.6258690271662437,p,1
-1.7391732471085244,-1.3365230818856109,p,1
0.7513218478049999,-0.4684554789861398,e,0
-1.9119783979069722,-1.1800048227840076,p,1
-2.1861491452755955,-0.658232820386645,p,1
-1.690190060146218,-1.353622585124752,p,1
-2.1228845394330276,-1.1715031604749588,p,1
-1.964574894946968,-0.8957890512114218,p,1
-1.8953362749511546,-1.1488869238841046,p,1
-1.4495643958052715,-1.8377811379329554,p,1
-2.058254381687194,-1.1792871695504235,p,1
-1.5897044438892673,-1.2274571136378365,p,1
0.19255066717144304,-0.0653664776412397,e,0
0.2350303693713085,-0.35173238902857273,e,0
-1.4594003892443645,-2.0262316836849443,p,1
-1.6385997549183144,-1.735919020072098,p,1
-1.8439437969323471,-1.443706648006575,p,1
-1.9027629773337464,-1.6150576905194227,p,1
-1.644114053499228,-1.639333643284628,p,1
-1.7723455881268082,-1.2593894002882218,p,1
-1.8940047273983378,-1.3019214062187858,p,1
-2.5564111340833167,-0.5718786215574485,p,1
-2.472183086085404,-1.0849421334446807,p,1
-1.6908995731947898,-1.534252923300354,p,1
0.26134650580416907,-0.08518668952042344,e,0
-1.9491356627442569,-1.2467969575587048,p,1
-2.0589260051763767,-1.4274215325179163,p,1
-2.0779774191886955,-1.1808192105344901,p,1
-2.231731155974825,-1.270903273416313,p,1
-2.3470821682502834,-0.7201651772508849,p,1
-2.3875669383966063,-0.9125662284742865,p,1
-2.4952194239167236,-0.9822656278333409,p,1
-1.661068439853055,-1.5111802375139343,p,1
-1.6769863847696407,-1.725107683425277,p,1
-1.774581144952942,-1.2798665922414634,p,1
-1.8176287173462478,-1.6634457223586265,p,1
-1.534129214842363,-1.4658277322130955,p,1
-1.4382023585886163,-1.809483738403327,p,1
-1.6048205230675228,-1.4187281587600997,p,1
-2.499207678720075,-1.0458333972682314,p,1
-2.1413649695644166,-0.8831966084819048,p,1
-2.2390327111079946,-1.2302624962557969,p,1
-1.6862547253121547,-1.791495952230442,p,1
-1.7172146527808891,-1.3145138489483028,p,1
-2.484091599541819,-0.8545623521459679,p,1
-2.251155311996537,-1.0638211834411162,p,1
-2.334836883754689,-0.8094348523822253,p,1
-1.5317199237858619,-1.7435479530964249,p,1
-2.2931541236574704,-1.1574154311581522,p,1
-2.4461151446649474,-0.8793053192394681,p,1
-1.4864249818790356,-1.9871229475084946,p,1
-2.281792086440815,-1.1291180316285239,p,1
-1.8578536543731454,-1.3332099348188484,p,1
-1.945523480934649,-1.1423913731948478,p,1
-2.0974015752104074,-0.9737371205592934,p,1
-1.7487382664145588,-1.320361675889934,p,1
-2.503143013554138,-0.6079600301625415,p,1
-2.267583347520228,-1.0310006138569872,p,1
-1.461238696419936,-1.7068072327919872,p,1
-1.8854492308887463,-1.3358054286520264,p,1
-2.1696321695692,-1.133926465282576,p,1
-2.589283465353729,-0.6576526616980977,p,1
-1.543394224400526,-1.6125740479554567,p,1
-2.3224142731182758,-1.1387838869349443,p,1
-1.5094613197103552,-1.884446441897155,p,1
-2.4669030003462415,-1.082121634074406,p,1
-2.6024871407303065,-0.2861675633975729,p,1
-2.4801033447384677,-0.7909945827110775,p,1
-2.655780881537159,-0.8721288697134043,p,1
-2.3131492635601125,-0.9920375711925832,p,1
-1.8669801347636668,-1.341030142395235,p,1
-2.297142378460822,-1.2209832005930428,p,1
-1.6764187318730617,-1.6030454064784532,p,1
-1.8384294983514335,-1.540292024794045,p,1
-2.764186756447174,-0.7043467904667169,p,1
-2.2972313186435267,-0.7781101252812407,p,1
-1.7201876300023256,-1.5196235582887436,p,1
0.19486104826595063,-0.2791956827587897,e,0
-1.990951980443397,-1.286163526447425,p,1
-2.0602178361121877,-1.3666742624533004,p,1
-2.0788814284620125,-1.3543308848224127,p,1
-1.6822664705088033,-1.7279281827955515,p,1
-2.284027643266949,-1.1495952235817652,p,1
-2.1499091320676986,-1.1323944242985093,p,1
-2.36186147638936,-0.770326116205776,p,1
-2.5847275576537987,-0.47202261531638334,p,1
-1.9480579192405725,-1.3714826961073527,p,1
-1.776330511945809,-1.4033152166603082,p,1
-2.1325373706536848,-1.0839905318647811,p,1
-2.766076870955528,-0.5647021720313845,p,1
-1.471074689859029,-1.895257778543976,p,1
-1.5325009885260257,-1.701411889348619,p,1
-1.9882828562674701,-1.0412469085675746,p,1
-1.7784286522408062,-1.6065276045305306,p,1
-1.4824367270756842,-1.9235551780736047,p,1
-1.8234269153841116,-1.445502284919303,p,1
-2.4939275929809126,-1.0430128978979567,p,1
-1.873203946393152,-1.4250751037833673,p,1
-2.5662471275224092,-0.7603291673094373,p,1
0.3119365247970988,-0.37646531167613084,e,0
-1.7361945151016158,-1.2906779288882841,p,1
-2.08747664158861,-1.2281596501191065,p,1
-2.3085933558601814,-0.806407524810869,p,1
-2.41249339073628,-0.6702451044276145,p,1
-2.3578732215860088,-0.7067583467708857,p,1
-0.6871882957579811,0.5548323481859542,p,1
-2.3563471778084466,-0.8669114929932459,p,1
-2.299377935286956,-1.2414603925462842,p,1
-1.9962320661825594,-1.2889840258176997,p,1
-1.7816105976849714,-1.4061357160305827,p,1
-0.34439430392518466,-0.0942892839476289,e,1
-2.260281792387058,-1.071641391017503,p,1
-1.8869752746663084,-1.1756522824296662,p,1
-1.6671503913305477,-1.536657137673288,p,1
-2.318429349299275,-0.9948580705628579,p,1
-1.4594003892443645,-2.0262316836849443,p,1
-2.5071279373731388,-0.7518858465346282,p,1
-1.9827718886709071,-1.0574742384178488,p,1
-2.3556376647598745,-0.6862811548176442,p,1
-2.30736399084614,-0.8840109962323871,p,1
-2.3113522456494913,-0.9475787656672777,p,1
-1.8446533099809188,-1.6243369861821768,p,1
-2.3356179484948525,-0.7672987886344197,p,1
-1.8781476757555766,-1.3764462058125426,p,1
-1.670904433292148,-1.699630783265923,p,1
-2.142607576934529,-1.1730352014590255,p,1
-2.428516370494915,-1.092932970721227,p,1
-1.9390029905416433,-1.1408960866075584,p,1
-2.3523622539894458,-0.7229856766211594,p,1
-2.7562408775164355,-0.3762516262793957,p,1
-1.9981188497065632,-1.2296974543195636,p,1
-2.7292162848817645,-0.41536036245584507,p,1
-1.2958106590191425,-1.7476970750511325,p,1
-2.364270767445861,-0.4926058953224467,p,1
-0.21381813663871452,0.24885658814174438,e,0
-2.085278974321865,-1.140178433373974,p,1
-2.171058686375015,-1.0890044901853055,p,1
-1.7766792852479392,-1.4830789801116855,p,1
-1.8556180975470116,-1.3127327428656068,p,1
-2.1749122553083624,-1.1367469646528507,p,1
-2.270117785826151,-1.260091936769492,p,1
-1.9060762776635647,-1.510849143924016,p,1
-1.959732219855237,-1.2405087909663846,p,1
-1.500196310152192,-1.737700126154794,p,1
-2.290619685351547,-0.9283241082456474,p,1
-2.0121783750402042,-1.464998227710299,p,1
-2.3245525900417183,-0.6564517143039491,p,1
-2.3201787162921415,-1.1183066949817029,p,1
-2.4745923771419047,-0.8072219125613515,p,1
-2.1656439147658486,-1.0703586958476856,p,1
0.14866241475063013,-0.3920708688372415,e,0
-2.579473092192311,-1.091244830867033,p,1
-1.653950046938321,-1.8277841890366169,p,1
-2.0725365245430574,-1.1502261116012669,p,1
1.2965696780068587,0.07791424321681682,e,0
0.3119365247970988,-0.37646531167613084,e,0
0.09194378764053823,-0.37583150816159405,e,0
0.2839102956266783,0.04506941427950416,e,0
-1.8637047239932376,-1.3777346641987507,p,1
-1.6561985290883467,-1.522291368590339,p,1
0.25034219848171924,-0.31319055412009567,e,0
-2.2298778667764143,-1.2603555326981533,p,1
-0.9074219134186843,-0.22783885798430095,p,1
-1.7829421452377883,-1.2531012336959015,p,1
-0.3010841481500649,0.15544874483204593,e,1
-2.252643230474675,-0.9530670753391476,p,1
-2.3847093470662273,-1.2257538570313282,p,1
-2.145624198500827,-1.1513763296644612,p,1
-2.0834883867852585,-1.164591880684216,p,1
-2.345453941933946,-0.9557493343864086,p,1
0.24633341384372404,-0.15358581456246787,e,0
-1.5666903953512716,-2.0325343811072965,p,1
-2.22764230995028,-1.2398783407449119,p,1
-1.9750825118752435,-1.3323739599309035,p,1
-0.1395043698014276,0.39733559959650605,e,0
-2.1087636124270626,-1.0020345200889216,p,1
-1.6822664705088033,-1.7279281827955515,p,1
0.3569906858680492,-0.3440201709979983,e,0
1.3035270295020764,0.07379046790616171,e,0
-2.318429349299275,-0.9948580705628579,p,1
-2.5736253535565687,-0.9663620545499346,p,1
-1.6592301326774836,-1.8306046884068914,p,1
0.22156702885382362,-0.47773712412719493,e,0
-2.5410608420633096,-0.4800134525929298,p,1
-2.2873063850217292,-1.0325326548410538,p,1
-2.1025927207668653,-1.41943069524137,p,1
-1.6469335195301835,-1.3755450528479778,p,1
0.7527787259582861,-0.4998971177585084,e,0
0.5841222776362534,-0.7615830441950389,e,0
-2.3836316035625433,-1.3504395955799762,p,1
-1.846179353758481,-1.4641838399598166,p,1
0.9879087295819038,-0.24985311693517623,e,0
-1.7842797218608983,-1.651052333910433,p,1
-2.14009875890628,-1.5659865934674446,p,1
-2.0460090971916,-1.2685568446817639,p,1
-0.6270471905056387,0.6931506326419556,p,1
-1.9630488511694058,-1.0559421974337821,p,1
-1.978258395673925,-1.4109006092524778,p,1
-2.2120081184733236,-1.2693712324322464,p,1
-2.45595113810404,-1.067755864991457,p,1
-2.202582300008684,-1.0948523171269366,p,1
-1.5719448608127595,-1.4133121655566467,p,1
0.7868384351290658,-0.5896484956638034,e,0
-1.8062383161885336,-1.6730615668477413,p,1
-2.3457506206974665,-0.8731996595855661,p,1
-2.2079192724487786,-1.2383462997608452,p,1
-2.3836316035625433,-1.3504395955799762,p,1
-1.9281974652079343,-1.552685851040267,p,1
0.5791347206581929,-0.5873289995955735,e,0
-2.033389331019844,-1.3557761605923968,p,1
-2.3445354606626454,-1.1806205940511953,p,1
-2.3566070109278723,-1.3895483317564254,p,1
-1.416924913368494,-2.006018087660364,p,1
-2.4337964562340773,-1.0957534700915017,p,1
-1.832581759715692,-1.4154092484769467,p,1
-2.5169639308122322,-0.9403363922866169,p,1
-1.8467632629633024,-1.179918057569925,p,1
0.22291063872840472,0.6866096496316595,e,0
-1.749305919311138,-1.4424239528367575,p,1
-2.486911065572775,-0.5907737617093178,p,1
0.2371774608472516,0.7260498824690637,e,0
-2.3907488838407716,-0.7121743399743384,p,1
-1.543654057519952,-2.135210886718636,p,1
-2.2855536870445112,-0.9894420773594047,p,1
-1.8384294983514335,-1.540292024794045,p,1
0.6641981370021524,-0.6878163620506745,e,0
-2.208107739603231,-0.6802420533239532,p,1
-2.062239305506195,-1.3232129859225095,p,1
-1.9096712893892462,-1.3822940327541735,p,1
-1.9710942570718921,-1.2688061904960128,p,1
-2.3566070109278723,-1.3895483317564254,p,1
-2.0823725179821504,-1.3386766573532556,p,1
-2.18156630330329,-1.5255893989047875,p,1
-2.379386846624117,-0.68387694044471,p,1
0.046120564110956164,0.6992020923611764,e,0
-2.20460264113461,-1.4229128932934476,p,1
-1.516369631765855,-1.651682784131906,p,1
-2.346511184369353,-0.6784609472412573,p,1
-1.8808043830061112,-1.5930484575821144,p,1
0.4569716420347551,-0.41810626520085425,e,0
-0.358453916984952,0.0859851267327729,e,1
-0.7885077554707072,0.6092646464975074,p,1
-2.1770103956033595,-1.3399593525230733,p,1
-2.5400035996279025,-0.7573018397380812,p,1
0.12665689336324176,-0.4104600225780396,e,0
-1.9337229048024809,-1.1380755872372836,p,1
-2.003533621315729,-1.2483432486571837,p,1
0.21380043237666196,-0.22599972715630748,e,0
0.25839764079517974,-0.30804078748986297,e,0
-0.05088403880207404,-0.46550581257655466,e,0
-1.407088919929401,-1.817567541908375,p,1
-2.1499858029686885,-1.3790680886995226,p,1
-2.0100529834406533,-1.621360387941775,p,1
-0.13669058945431165,-0.09660878001585879,e,0
-0.3882078589529127,-0.06391213823248881,e,1
0.10322436120120426,-0.4786225664705739,e,0
-2.2538858378447877,-1.2429056683162683,p,1
-1.6656243475529855,-1.6968102838956483,p,1
0.13575734266826633,-0.4062086538767342,e,0
0.3051600608318971,-0.11556383523556354,e,0
-1.8760234124241073,-1.1612865133467172,p,1
0.5769321254908018,-0.781224205360373,e,0
-1.7935447314190616,-1.7977986496527942,p,1
-1.9513712195703907,-1.2672741495119464,p,1
-2.1591245526409244,-0.6973415565630944,p,1
0.10169763349748656,-0.31645727597143924,e,0
0.63244880892588,-0.8118941892629294,e,0
-1.6994550697043813,-1.5003689008671133,p,1
-1.3666041497830774,-1.6251664906849737,p,1
-0.11117793462281317,0.2565014217535086,e,0
-0.2776317877774549,0.18871070108177754,e,1
-2.3401738561947836,-0.9529288350161339,p,1
1.0489923790265827,-0.1888563265703603,e,0
-2.0330926522563235,-1.438325835393239,p,1
-2.0404947986106863,-1.3651422214692337,p,1
0.12665689336324176,-0.4104600225780396,e,0
0.4712384641536022,-0.3786660323634501,e,0
-1.9771806521702406,-1.535586347801126,p,1
-1.9051722683902477,-1.3373374696360933,p,1
-1.883427761494739,-1.3792667051828174,p,1
-2.2298778667764143,-1.2603555326981533,p,1
-1.8176287173462478,-1.6634457223586265,p,1
0.11898317017575433,-0.1848865968913613,e,0
0.27273701759246194,-0.45299937403169044,e,0
-0.6536196777767267,0.6800248898430674,p,1
0.6805252535798876,-0.3285278836936345,e,0
0.14866241475063013,-0.3920708688372415,e,0
0.07175625932483953,-0.3673379461896835,e,0
-2.200046733434679,-1.2372828469117334,p,1
0.5863248728036443,-0.5676878384302395,e,0
0.2641872581251771,0.04353737329543736,e,0
0.17944975370273342,-0.39906596099651326,e,0
-2.3928470241357687,-0.9153867278445612,p,1
-2.144705717229526,-1.3762475893292478,p,1
-1.7121486544738533,-1.3756318180620601,p,1
-2.115793065159092,-1.1283036438780414,p,1
0.16846014964521616,-0.0334572909420329,e,0
-2.3356179484948525,-0.7672987886344197,p,1
-2.088768472524421,-1.1674123800544907,p,1
-2.381396046736409,-1.3299624036267348,p,1
-0.2805806527864442,-0.034143396887662186,e,0
0.2350303693713085,-0.35173238902857273,e,0
-2.4190905520302763,-0.9184140554159176,p,1
-2.254767493806144,-1.1682267678049731,p,1
0.05853444419755638,-0.407676576956015,e,0
-1.8062383161885336,-1.6730615668477413,p,1
-2.5741930064531484,-1.0884243314967583,p,1
-1.9672936081078323,-1.722504852569048,p,1
-1.7092910631434743,-1.688819446619102,p,1
-1.8654540909861046,-1.5011832886175955,p,1
-1.2942846152415803,-1.9078502212734927,p,1
-1.4618096803008658,-1.748511462801615,p,1
-1.7766792852479392,-1.4830789801116855,p,1
1.2936910360629839,-0.11466007784582702,e,0
-1.929115946479235,-1.3278145913754802,p,1
-0.5616359680196414,0.6432305598186853,p,1
-1.615973592061449,-1.852527156130117,p,1
-0.3656440691304036,0.06634396556743881,e,1
-2.073107508423987,-1.1919303416108948,p,1
-2.4801033447384677,-0.7909945827110775,p,1
-2.1578550109984374,-1.46048958848583,p,1
-1.9982535355765667,-1.245522749286909,p,1
-2.006042439343978,-0.8553918566487645,p,1
1.2483470547164395,-0.09972496588835081,e,0
-2.1130485459939345,-0.98305261472297,p,1
-2.085689149296319,-1.1541100638206534,p,1
-2.258755748609496,-1.2317945372398638,p,1
-2.683921342974938,-0.658935356867915,p,1
-1.7109192894598118,-1.4532352894835785,p,1
0.35594567887648537,-0.343121773069071,e,0
-2.1236656041731914,-1.129367096727153,p,1
-2.052403312067102,-1.134762440170521,p,1
-1.7533831142971938,-1.063118646959846,p,1
-2.6784070443940244,-0.7555207336553853,p,1
-2.8503305392311153,-0.6736813750650767,p,1
-1.6478680954608285,-1.8023072888772629,p,1
0.33498385235028943,-0.09639022199706779,e,0
-2.1947666476955168,-1.2344623475414587,p,1
-2.1618432658017888,-1.5240573579207206,p,1
0.5140714004252458,-0.3963186043653655,e,0
0.25531090213696006,-0.42290048571514405,e,0
-0.6029346274823939,0.6638115512196464,p,1
-2.013369614754822,-1.4367937944091724,p,1
-2.3446728771937817,-0.9978853981342143,p,1
-2.641956633294715,-0.620110554526525,p,1
-1.770508393587742,-1.9004751552641341,p,1
-1.5568544019121786,-1.8440838353553075,p,1
-2.130262765467187,-1.3775360477154557,p,1
-0.17624125485576017,0.4475118169837162,e,0
-2.668981225929386,-0.5810018183500756,p,1
-0.6023622171164418,0.7837466636109024,p,1
-2.5966616913878884,-0.8636855489385947,p,1
-2.5683452678174064,-0.9635415551796599,p,1
0.23132087471077206,-0.41836289193704024,e,0
-2.3974029318356997,-1.1010167742262753,p,1
-2.262069048939314,-1.127585990644457,p,1
-2.132771583495436,-0.9845846557070367,p,1
-2.716793674245351,-0.7447093970085643,p,1
-2.070573070118064,-0.9628390186983898,p,1
-2.0955761933587276,-0.9671915590527312,p,1
0.7287580579824908,-0.5987115827860674,e,0
-0.6842762661465549,0.5450626934318142,p,1
-1.9337229048024809,-1.1380755872372836,p,1
-2.235454631279097,-1.1806263572675857,p,1
-2.245341675341505,-0.9937078524996635,p,1
-2.26099130543563,-1.2522717291931051,p,1
1.097215002317002,-0.011217117465192467,e,0
-1.9165343056069029,-1.3656348691657216,p,1
-2.0002169900015603,-1.4329098421897861,p,1
-0.1925683714334956,0.08822333862667651,e,0
-2.0779774191886955,-1.1808192105344901,p,1
-1.5746139849886864,-1.6582287834364968,p,1
-1.4888342729355368,-1.7094027266251652,p,1
0.11319355284575705,-0.5364647576766619,e,0
-1.6724304770697103,-1.5394776370435626,p,1
-2.606497684826982,-1.0521360946905836,p,1
-2.406667941393863,-1.2477630899686363,p,1
-2.3399028820617245,-0.7483168832684678,p,1
0.11027578489930379,-0.3812595321904205,e,0
-2.303313270121019,-0.8035870254405943,p,1
-1.6016385776233575,-1.6191200472600475,p,1
-1.8135398713217032,-1.6324207896872251,p,1
-2.2341628003432863,-1.2413736273322016,p,1
0.05853444419755638,-0.407676576956015,e,0
-0.3146403619572239,0.05560798101763274,e,1
0.2936975319882864,-0.43371182236196504,e,0
-0.1252375476825806,0.43677583243391027,e,0
-1.616754656801613,-1.8103910923823112,p,1
-1.991599487581639,-0.8566803150349723,p,1
-2.3974029318356997,-1.1010167742262753,p,1
-2.1775780484999387,-1.4620216294698969,p,1
0.16778428218154284,-0.38951778720596675,e,0
-1.7000260535853111,-1.542073130876741,p,1
0.27683362565328284,0.025270342607434076,e,0
-1.7559175526031172,-1.2922099698723506,p,1
-1.9071368510833229,-1.1532027098416688,p,1
-0.5693660095011395,0.7890040928767598,p,1
-1.5054763958913546,-1.7405206255250685,p,1
-1.6327520162825728,-1.6110362437549997,p,1
-2.272353342652285,-1.2805691287227334,p,1
-2.188112599700589,-0.845619913289522,p,1
-2.5715272132615716,-0.763149666679712,p,1
-2.1072375686495004,-1.1621876663112822,p,1
0.11603430516676505,-0.407740694860801,e,0
-1.6656243475529855,-1.6968102838956483,p,1
-2.1598217964077815,-1.5675186344515115,p,1
-2.1770103956033595,-1.3399593525230733,p,1
-2.456832794065397,-0.9930769644801619,p,1
0.1152538473046455,-0.21661651215702613,e,0
-1.6208435028261574,-1.8414160250537122,p,1
-1.3326712450929066,-1.8970388846266717,p,1
-1.5844499784277795,-1.8466793291884858,p,1
0.6407457766295424,-0.7210783183004061,e,0
-2.6513824517593534,-0.7946294698318346,p,1
-1.8962402842244717,-1.3223985981720274,p,1
-1.9238358607400725,-1.3249940920052055,p,1
-0.6772294945604487,0.6791351133547501,p,1
0.24992043600633013,0.004097140458033194,e,0
-2.7891132087868478,-0.46202566642004483,p,1
-2.406967951141734,-1.0848553682305981,p,1
0.05788407846975846,-0.2860801302562992,e,0
-2.8134699531573517,-0.5243395654895372,p,1
-2.655370706562705,-0.8581972392667251,p,1
0.2350303693713085,-0.35173238902857273,e,0
-2.1973022142695218,-1.0920318177566621,p,1
-2.262517349213192,-1.0921185829707445,p,1
0.32620334691594594,-0.33702507883872657,e,0
-2.6234762031633254,-0.9084171065195791,p,1
-2.6695522098103153,-0.6227060483597034,p,1
-2.3774077919330576,-1.2663946341918444,p,1
-1.7612400530452281,-1.834086886458969,p,1
1.2581830481555325,0.08872557986363781,e,0
0.43285183430227586,-0.3678546957166291,e,0
-0.2798343829448461,-0.005184504683021812,e,0
-1.988094389113018,-1.5993511550044668,p,1
0.5969322216018143,-0.690701172585266,e,0
-2.591381605648726,-0.86086504956832,p,1
-1.38006432729473,-1.8566762780848243,p,1
0.25034219848171924,-0.31319055412009567,e,0
-1.8874126853137398,-1.5231925215549038,p,1
-2.1502969537301926,-0.8981354799459708,p,1
-1.9027629773337464,-1.6150576905194227,p,1
-1.8940047273983378,-1.3019214062187858,p,1
-2.271956093001722,-0.940667485876535,p,1
-2.302197401317911,-0.9776718021096341,p,1
0.12437315615943106,0.8163325618341813,e,0
-1.4049907796344039,-1.6143551540381527,p,1
-2.5741930064531484,-1.0884243314967583,p,1
-1.4726007336365912,-1.7351046323216155,p,1
-2.2157081762161903,-0.8482154071227005,p,1
0.5991348167692052,-0.4968059668204665,e,0
-2.058664556661648,-1.1932187999971027,p,1
0.32217390838472854,-0.16727209360684056,e,0
-2.5781812612565,-1.1519921009316487,p,1
-0.23581361885803837,0.18415299311964403,e,0
0.12665689336324176,-0.4104600225780396,e,0
-2.2822022614152693,-1.143049662075203,p,1
-1.805967342055475,-1.4684496151000752,p,1
-0.2988815529826738,0.34934395059684525,e,1
-1.815393160520114,-1.642968530405385,p,1
-1.7336478075139778,-1.7511333456885945,p,1
0.2416234683026679,-0.08671873050449011,e,0
-2.267086182237014,-0.9517786169529395,p,1
-2.4537155812779066,-1.0472786730382155,p,1
-2.6505007957979965,-0.8693083703431296,p,1
-2.0002169900015603,-1.4329098421897861,p,1
-1.751404059606135,-1.6456363407069798,p,1
-0.4094576241581316,0.09672111128257897,e,1
-2.8365062909886714,-0.4216630598781975,p,1
-1.842827928129239,-1.6177914246756149,p,1
0.2145840857674517,-0.2776636417747229,e,0
0.033369629473513296,-0.3565266095428625,e,0
-0.012842666204922387,-0.2768761866905598,e,0
-2.0872424287468587,-1.327565526276851,p,1
-1.46221985527532,-1.7624430932482942,p,1
-2.1631350967375997,-1.4633100878561047,p,1
0.20461489412289896,-0.2198214505686348,e,0
-2.791211349081845,-0.6652380542902674,p,1
0.11027578489930379,-0.3812595321904205,e,0
-0.30314444260895346,-0.16439950068758988,e,0
-0.70425408719512,0.7182438495311997,p,1
-0.25727059312233685,0.1250715991169058,e,0
-1.8692156915898006,-1.3615073343484767,p,1
0.23607537636287224,-0.35263078695750005,e,0
0.18059422614710363,-0.31863591559619375,e,0
0.20356304878903225,-0.4351929452255977,e,0
-0.2500804409768853,0.14471276028223987,e,0
-2.0323115875161597,-1.4804618991410452,p,1
-2.1480190175593443,-1.272039042733841,p,1
0.28781671706461964,-0.32621374219190546,e,0
-2.8010473425209383,-0.8536886000422562,p,1
-2.1059060210966836,-1.3152221486459632,p,1
-2.3346484166002366,-1.3675390988191174,p,1
-2.14009875890628,-1.5659865934674446,p,1
0.057489437205992644,-0.4067781790270877,e,0
-0.17000458161098642,0.21847944242660422,e,0
0.23607537636287224,-0.35263078695750005,e,0
-2.154541710668619,-1.5646981350812368,p,1
-2.157287358101858,-1.3384273115390066,p,1
-2.394596391128636,-1.038835352263406,p,1
-1.9380334586470274,-1.741136396792256,p,1
0.43285183430227586,-0.3678546957166291,e,0
-1.416924913368494,-2.006018087660364,p,1
0.07280126631640338,-0.3682363441186107,e,0
-2.402683017574862,-1.10383727359655,p,1
0.5195623566559147,-0.8506878234596459,e,0
-1.679238197904017,-1.339256816041803,p,1
-2.459886472938104,-0.6298824978857672,p,1
0.5578849554529739,-0.42669575008050564,e,0
-2.0933243802243515,-1.3530424264362046,p,1
0.6111990437206611,-0.6512609397478617,e,0
-2.2203385521008414,-0.9893553121453224,p,1
-2.195985138714689,-0.8466833661386338,p,1
-0.10398778247736168,0.27614258291884264,e,0
-1.9501560595355696,-1.5746950839775753,p,1
-0.6000225978709677,0.6540418964655063,p,1
0.7075082927772718,-0.43807833327099965,e,0
-2.5966616913878884,-0.8636855489385947,p,1
-2.0951660183842735,-0.953259928606052,p,1
-2.583461346995662,-1.1548126003019235,p,1
0.11745644247203657,-0.02272130639222672,e,0
0.6301384278313724,-0.5980649841453797,e,0
-1.8037038778826102,-1.4439702439352362,p,1
0.4034953292497881,-0.6489414436796319,e,0
-2.0533844709224858,-1.1903983006268282,p,1
-1.7283677217748155,-1.7483128463183197,p,1
0.13728407037198398,-0.5683739443758689,e,0
-2.5683452678174064,-0.9635415551796599,p,1
0.2456575463800506,-0.5096463108264019,e,0
-2.1808946798141076,-1.2774550359372945,p,1
0.23583385097267073,-0.43829689128979077,e,0
0.2794307098694393,-0.4731520551993693,e,0
-2.0060680596216525,-1.4774345715696886,p,1
-2.2473631447355125,-0.9502465759688729,p,1
0.7430248801013377,-0.5592713499486632,e,0
-0.6629554277323673,0.6976628581302385,p,1
-2.6012175990878195,-1.0493155953203088,p,1
-2.428926545469369,-1.1068646011679064,p,1
-1.751404059606135,-1.6456363407069798,p,1
-1.8858594058632003,-1.3497370590987061,p,1
0.1277019003548056,-0.4113584205069669,e,0
-2.2170252517710236,-1.0935638587407288,p,1
0.2086268244350184,0.9253117648678736,e,0
0.4885587455937474,-0.749428806134733,e,0
-2.4893716852809815,-0.8573828515162426,p,1
-1.0157953894267508,-0.2865664915337679,p,1
-1.7784286522408062,-1.6065276045305306,p,1
-2.7780110046896187,-0.9563651056535961,p,1
-2.351837015795815,-1.1399798168906792,p,1
0.38111049360052845,-0.3942717404822236,e,0
1.3240847094702832,0.013718491924519655,e,0
0.038161040968257204,-0.287612171240366,e,0
-2.090789941918428,-1.1239511035237,p,1
-2.406667941393863,-1.2477630899686363,p,1
-1.56084265671553,-1.907651604790198,p,1
-0.08419489542542899,0.14695097217614347,e,0
0.28781671706461964,-0.32621374219190546,e,0
-2.379643348759192,-1.2868718261450856,p,1
-1.6837941056039476,-1.5248868624235175,p,1
0.28543702333039594,-0.11709587621963022,e,0
-1.9574576146687392,-1.5340543068170591,p,1
0.7017750187851066,-0.48916113320870236,e,0
-1.760672400148649,-1.7120246095121452,p,1
-1.9534693598653878,-1.4704865373821685,p,1
0.16080133909517091,-0.1894443048534947,e,0
0.15077043462871142,-0.33780952883468973,e,0
-2.2653368152441473,-0.8283299925340947,p,1
-2.232141330949279,-1.2848349038629925,p,1
-2.027812566517161,-1.4355053360229646,p,1
-0.11825460459620868,0.23670235008143836,e,0
-2.145920877264347,-1.068826654863619,p,1
-2.424427524470371,-1.0619080380498258,p,1
-2.0103529931885245,-1.4584526662037367,p,1
-0.6388428647091224,0.6683237767079292,p,1
-2.222305337510186,-1.0963843581110033,p,1
0.21195556863039294,-0.3023792174732747,e,0
-1.5513178140379411,-1.2382684502846575,p,1
0.033369629473513296,-0.3565266095428625,e,0
0.5331185704630736,-0.7508470596452328,e,0
0.5628725124310343,-0.600949794679971,e,0
-2.5736253535565687,-0.9663620545499346,p,1
-2.2028532741417433,-1.2994642688746025,p,1
-1.8605841802213963,-1.5122944196940005,p,1
-2.6242572679034897,-0.8662810427717732,p,1
0.6875081966662595,-0.5286013660461065,e,0
0.4544990364229677,-0.6596774282294381,e,0
-0.629959220117065,0.7029202873960959,p,1
-1.652213605269346,-1.3783655522182523,p,1
-2.4201682955339603,-0.7937283168672696,p,1
-1.3326712450929066,-1.8970388846266717,p,1
-2.058254381687194,-1.1792871695504235,p,1
-2.764186756447174,-0.7043467904667169,p,1
-0.7279145448547815,0.6953484519781713,p,1
-1.9712289429418957,-1.284631485463358,p,1
0.4247450944550069,-0.8095746931946997,e,0
-2.4623470926463105,-0.8964915876926919,p,1
0.7172621386342202,-0.37870410108084485,e,0
-1.801605737587613,-1.2407578560650139,p,1
-2.7780110046896187,-0.9563651056535961,p,1
0.08197459599598533,-0.31798931695550603,e,0
0.6209528895776095,-0.591886707557707,e,0
-2.1868463890424525,-1.528409898275062,p,1
0.20356304878903225,-0.4351929452255977,e,0
1.2651403996507502,0.0846018045529827,e,0
0.13650361250986442,-0.3772497616720939,e,0
-2.0407290114524375,-1.2657363453114892,p,1
-2.5945635510928913,-0.6604731610683723,p,1
-2.0373775858231955,-1.4193439300272874,p,1
0.5650751075984255,-0.40705458891517166,e,0
-0.06017422744963358,0.24576543720370247,e,0
1.2867336845677657,-0.11053630253517191,e,0
0.6429483717969333,-0.5271831125356067,e,0
-1.7652283078485795,-1.8976546558938594,p,1
-1.7837087379799685,-1.6093481039008053,p,1
-1.7665201387843905,-1.8369073858292437,p,1
-2.1300029323477614,-0.8548992089522763,p,1
0.1277019003548056,-0.4113584205069669,e,0
-0.8572468540731086,-0.19291085063517957,p,1
-0.5280673500383869,0.7684231014757986,p,1
-1.2672600226069093,-1.9469589574499424,p,1
1.0668213289097022,-0.13959568723553925,e,0
-2.3478487609924636,-1.0764120474557886,p,1
0.006880371296578897,-0.2753441457064931,e,0
0.21007110950555313,-0.25772964242197227,e,0
-2.276922175676107,-1.1402291627049284,p,1
0.07280126631640338,-0.3682363441186107,e,0
0.05853444419755638,-0.407676576956015,e,0
1.214778436735185,-0.22491750754546405,e,0
0.4473088842775162,-0.6793185893947721,e,0
-2.1163640490400217,-1.1700078738876691,p,1
-1.662049598708439,-1.5668160979702412,p,1
-2.260281792387058,-1.071641391017503,p,1
-2.0232566588172305,-1.2498752896412504,p,1
-2.4266909886432355,-1.086387409214665,p,1
-2.0100529834406533,-1.621360387941775,p,1
0.20184399135232256,-0.4792691651112617,e,0
-0.7614831628360361,0.570155910321058,p,1
-1.6069186633625199,-1.6219405466303223,p,1
-0.04983903181051019,-0.466404210505482,e,0
-2.2571991381746055,-1.1386971217208617,p,1
-0.15095741157315862,-0.13604901285326296,e,0
-0.19200006383031026,0.1537758474045039,e,0
-1.9402690154731612,-1.7616135887454973,p,1
-1.951233803039254,-1.4500093454289271,p,1
-1.8588348132285293,-1.3888457952751554,p,1
-2.050577930215422,-1.1282168786639588,p,1
-2.583461346995662,-1.1548126003019235,p,1
-1.9534693598653878,-1.4704865373821685,p,1
-0.2062668859491572,0.11433561456709972,e,0
-2.3748733536271347,-1.0373033112793393,p,1
0.29089323871305023,-0.1550040680729677,e,0
-0.936657084148655,-0.2205886961858964,p,1
-2.0404947986106863,-1.3651422214692337,p,1
-2.7681750112505252,-0.7679145599016071,p,1
0.5699491824044298,-0.5811507230079008,e,0
0.13439559263178302,-0.4315111016746458,e,0
-2.351837015795815,-1.1399798168906792,p,1
0.38111049360052845,-0.3942717404822236,e,0
-1.7553923144094865,-1.7092041101418705,p,1
-2.8404945457920228,-0.4852308293130878,p,1
-1.5937149879859427,-1.9934256449308472,p,1
0.6066860674587624,-0.6313269403951112,e,0
0.3485981660266885,-0.47683389875032123,e,0
0.20252455444364892,-0.4484191325518112,e,0
-1.9360242585347347,-1.0950509336102314,p,1
1.087379008877909,-0.1996676632171813,e,0
0.3492506744691363,-0.05694998915966343,e,0
-2.354371454101738,-1.3690711398031843,p,1
0.148737112143715,-0.03498933192609957,e,0
-2.255177668780598,-1.1821583982516526,p,1
-1.8014683210564764,-1.4234930519819948,p,1
-1.5746139849886864,-1.6582287834364968,p,1
1.2553044062116572,-0.10384874119900603,e,0
-2.0685516007240565,-1.0063002952291804,p,1
-1.8507481867823032,-1.3238438739420115,p,1
0.2109105616388291,-0.30148081954434747,e,0
-2.640664802358904,-0.6808578245911406,p,1
-2.19301728070265,-1.1110137231226138,p,1
-2.587396681829725,-0.7169392331962338,p,1
-1.8692156915898006,-1.3615073343484767,p,1
-2.873366877062435,-0.5710048694537371,p,1
-2.7681750112505252,-0.7679145599016071,p,1
0.32620334691594594,-0.33702507883872657,e,0
-2.125629058598185,-1.31675418963003,p,1
0.4983125914506958,-0.6900545739445783,e,0
-1.9650580512816984,-1.7020276606158067,p,1
-2.1618432658017888,-1.5240573579207206,p,1
0.11027578489930379,-0.3812595321904205,e,0
-2.3346484166002366,-1.3675390988191174,p,1
0.3349140027998578,0.03433342972969808,e,0
0.02602211662371645,-0.49023873522411276,e,0
-1.9038407208374308,-1.4903719519707745,p,1
-1.389900320733823,-2.045126823836813,p,1
1.224614430174278,-0.03646696179347528,e,0
0.24009674059895025,0.07544655999464432,e,0
0.09347051534425588,-0.5379967986607287,e,0
0.3119365247970988,-0.37646531167613084,e,0
-2.3968319479547695,-1.0593125442166473,p,1
-1.56084265671553,-1.907651604790198,p,1
-0.05241691845801749,0.8289250045636982,e,0
-0.0814239926548525,0.40639868671877005,e,0
-2.4519628833006886,-1.0041880955565665,p,1
-2.4241565503373117,-0.85729608630216,p,1
-1.8489988197894363,-1.2003952495231665,p,1
-2.118328631733097,-0.9858731140932447,p,1
0.033369629473513296,-0.3565266095428625,e,0
-1.5949845296284297,-1.230277613008111,p,1
-2.3576847544315562,-1.2648625932077775,p,1
-2.2124182934477776,-1.2833028628789256,p,1
0.3119365247970988,-0.37646531167613084,e,0
0.22037370309744908,0.07391451901057754,e,0
-1.9633053533044809,-1.6589370831341574,p,1
-1.6291739364536757,-1.5614001047667883,p,1
0.6550125987483892,-0.6816380854630019,e,0
-2.19301728070265,-1.1110137231226138,p,1
-2.0330926522563235,-1.438325835393239,p,1
-2.157287358101858,-1.3384273115390066,p,1
0.23607537636287224,-0.35263078695750005,e,0
0.1590674023323736,-0.24699365787216623,e,0
-0.5886605606543125,0.6823392959951347,p,1
-2.449727326474555,-0.9837109036033252,p,1
-2.290125851052684,-0.7687440644044038,p,1
-2.003533621315729,-1.2483432486571837,p,1
-2.475002552116359,-0.8211535430080309,p,1
-2.3715600532973165,-1.1415118578747458,p,1
-1.6114745710624505,-1.8075705930120365,p,1
-2.0819623430076963,-1.3247450269065764,p,1
-1.616754656801613,-1.8103910923823112,p,1
-1.5844499784277795,-1.8466793291884858,p,1
-0.06163110560291979,0.2772070759760709,e,0
-0.7585711332246099,0.560386255566918,p,1
0.9780727361428108,-0.43830366268716514,e,0
-2.7740227498862673,-0.8927973362187057,p,1
-0.9315417211511636,-0.17758728850007574,p,1
-1.9599920529746626,-1.7631456297295642,p,1
-0.7013420575836937,0.7084741947770595,p,1
0.6877154057253392,-0.3088867225283004,e,0
-1.9712289429418957,-1.284631485463358,p,1
-2.1598217964077815,-1.5675186344515115,p,1
-1.690190060146218,-1.353622585124752,p,1
0.28781671706461964,-0.32621374219190546,e,0
-1.7744437284218053,-1.462601788158444,p,1
-2.3756328046625166,-0.5209032948520751,p,1
-2.379643348759192,-1.2868718261450856,p,1
-2.0677536040871085,-1.2266276091350399,p,1
-2.579473092192311,-1.091244830867033,p,1
-1.678828022929563,-1.3253251855951238,p,1
-2.3478487609924636,-1.0764120474557886,p,1
0.22586465932811778,-0.38045470008370275,e,0
0.17333422445122054,-0.20755342503476196,e,0
-0.026114518278853888,0.1560140592984075,e,0
-2.00078797388249,-1.4746140721994139,p,1
-2.50202714475103,-0.7820448068315814,p,1
-2.1750436101940154,-1.232930306557392,p,1
-1.8836238490370665,-1.3292598671454645,p,1
-2.3774077919330576,-1.2663946341918444,p,1
-2.618920295463395,-0.7227870601378646,p,1
-1.5838789945468497,-1.804975099178858,p,1
-1.7865152786870322,-1.6715295258636744,p,1
-1.8135398713217032,-1.6324207896872251,p,1
0.21195556863039294,-0.3023792174732747,e,0
-1.3056466524582355,-1.9361476208031214,p,1
-2.5511566686218288,-1.1911008371080982,p,1
0.10979763192199132,-0.17870832030368863,e,0
0.708965170930558,-0.46951997204336826,e,0
-1.5798940707278488,-1.6610492828067716,p,1
0.32620334691594594,-0.33702507883872657,e,0
-2.5466007609218977,-1.005470790726384,p,1
-1.7283677217748155,-1.7483128463183197,p,1
-1.7566841453452975,-1.6484568400772546,p,1
-2.171730309864197,-1.3371388531527986,p,1
-2.8233059465964443,-0.7127901112415262,p,1
0.2350303693713085,-0.35173238902857273,e,0
0.3569906858680492,-0.3440201709979983,e,0
-0.23602082791711798,-0.035561650398161976,e,0
-2.5511566686218288,-1.1911008371080982,p,1
0.4712384641536022,-0.3786660323634501,e,0
-1.990951980443397,-1.286163526447425,p,1
-0.1466945219468791,0.37769443843117195,e,0
0.14653451697632391,-0.22888453769089898,e,0
-2.2800427194479482,-1.0056694072096788,p,1
0.32620334691594594,-0.33702507883872657,e,0
0.20177414180189102,-0.3485455133844958,e,0
0.06038738622980305,0.7386423251985805,e,0
0.050693926324307026,-0.3057212914216332,e,0
-0.2655675608259991,0.03425572815438235,e,0
-0.6436608765791942,0.8043276550118635,p,1
0.2492971914901554,-0.31229215619116846,e,0
-2.3616730092349076,-1.3284303626426681,p,1
-2.1520072723626957,-1.335606812168732,p,1
0.18205110430038973,-0.3500775543685626,e,0
-0.2338182327497268,0.1583335553666374,e,0
0.3009241431795097,-0.006638844091772872,e,0
0.02602211662371645,-0.49023873522411276,e,0
-2.023553337580751,-1.167325614840408,p,1
-2.7069576808062576,-0.5562588512565754,p,1
-2.3616730092349076,-1.3284303626426681,p,1
0.09415107843558224,-0.5071467661012782,e,0
1.018598705619283,-0.317234896340707,e,0
-2.442126889861596,-0.8157375498045778,p,1
0.16059413003609135,-0.40915894837130085,e,0
-1.7935447314190616,-1.7977986496527942,p,1
-0.2933905967520051,-0.10502526849743507,e,0
-2.324812423161144,-1.1790885530671285,p,1
-1.7382037152139085,-1.9367633920703087,p,1
0.2109105616388291,-0.30148081954434747,e,0
-2.556436754360991,-1.193921336478373,p,1
-2.6867408090058937,-0.395146766431265,p,1
0.14866241475063013,-0.3920708688372415,e,0
-0.15499148965054127,0.28687856746864876,e,0
0.3054371194414082,-0.026572843444523292,e,0
0.14866241475063013,-0.3920708688372415,e,0
-1.961069796478347,-1.638459891180916,p,1
-2.3968319479547695,-1.0593125442166473,p,1
0.5911989476096489,-0.7417839725229687,e,0
-2.2178063165111874,-1.051427794992923,p,1
0.765588669923847,-0.42901524614873554,e,0
-2.7509864120549476,-0.9954738418300456,p,1
-1.764745151513849,-1.0914160464894744,p,1
-1.8332629088232046,-1.633952830671292,p,1
-0.06225291189711046,0.6404744588117094,e,0
-1.9870166456093337,-1.724036893553115,p,1
-1.9830283908059823,-1.6604691241182243,p,1
0.5556823602855829,-0.6205909558453051,e,0
-2.5413206751827353,-1.0026502913561093,p,1
-2.0553479253474793,-1.3777853935297053,p,1
0.1827968213144947,-0.12474070983139443,e,0
-2.3971319577026406,-0.8964048224786093,p,1
-2.167123351540951,-1.5268778572909953,p,1
-2.367571798493965,-1.0779440884398555,p,1
-1.8113043144955694,-1.6119435977339838,p,1
0.1387062076772555,-0.18335455590729452,e,0
-2.017976573078068,-1.2470547902709757,p,1
-2.4145915310312773,-0.873457492297837,p,1
0.27117020121154906,-0.15653610905703438,e,0
0.5261356273767017,-0.5507735772927607,e,0
0.22440778117483168,-0.349013061311334,e,0
-2.3748733536271347,-1.0373033112793393,p,1
-1.9633053533044809,-1.6589370831341574,p,1
-2.220041873337321,-1.0719049869461643,p,1
0.26538058388155167,-0.5081142698423351,e,0
-1.5995404373283604,-1.4159076593898252,p,1
-2.402683017574862,-1.10383727359655,p,1
0.12294739870270543,-0.4770905254865072,e,0
-2.198083279009686,-1.0498957540088563,p,1
-2.0593361801508308,-1.4413531629645955,p,1
-2.1808946798141076,-1.2774550359372945,p,1
1.016459365994137,-0.44911499933398613,e,0
-2.6517926267338074,-0.808561100278514,p,1
-2.8635308836233424,-0.38255432370174813,p,1
-0.8331270463406293,-0.24316242011940473,p,1
-2.6459448880980663,-0.6836783239614153,p,1
1.2531650665865113,-0.23572884419228504,e,0
-2.060413923654515,-1.3166674244159475,p,1
-0.20406429078176613,0.308230820331899,e,0
-1.8113043144955694,-1.6119435977339838,p,1
-2.4967470590118674,-0.7792243074613068,p,1
-1.7434838009530709,-1.9395838914405834,p,1
-1.7336478075139778,-1.7511333456885945,p,1
0.27137741027062856,0.06317853446077147,e,0
0.11678057500836325,-0.3787818026561607,e,0
-2.0232566588172305,-1.2498752896412504,p,1
0.3800654866089647,-0.39337334255329626,e,0
-2.791211349081845,-0.6652380542902674,p,1
-2.3847093470662273,-1.2257538570313282,p,1
0.13934436483087242,-0.2485256988562329,e,0
-1.7882646456798992,-1.7949781502825195,p,1
0.13439559263178302,-0.4315111016746458,e,0
-1.8768161282027598,-1.529480688147224,p,1
-1.8332629088232046,-1.633952830671292,p,1
-1.9599920529746626,-1.7631456297295642,p,1
-1.9281974652079343,-1.552685851040267,p,1
0.6224448764333126,-0.3375909708158986,e,0
0.468558649482735,-0.8399518389098398,e,0
-2.1348186731671177,-1.56316609409717,p,1
-2.5754625480956355,-0.32527629957402227,p,1
-0.1707502986250914,-0.006857402110563876,e,0
0.25034219848171924,-0.31319055412009567,e,0
-1.9830283908059823,-1.6604691241182243,p,1
-1.533818064080859,-1.9467603409666472,p,1
-0.04983903181051019,-0.466404210505482,e,0
-0.04038134039770089,0.11657382646100332,e,0
-0.18050414448203975,-0.06623163430071871,e,0
-1.6941749839652187,-1.4975484014968388,p,1
-1.832991934690146,-1.429340878923626,p,1
-0.6658674573437935,0.7074325128843787,p,1
0.2109105616388291,-0.30148081954434747,e,0
-2.253214214355605,-0.9947713053487753,p,1
-2.274762633708786,-1.002848907839404,p,1
-1.9982535355765667,-1.245522749286909,p,1
0.6279358326639815,-0.791960189910179,e,0
0.19034807200405196,-0.25926168340603906,e,0
0.0977334049705354,-0.024253347376293505,e,0
-0.24787784580949423,0.3386079660470392,e,1
0.32668688464662726,-0.1872060929595912,e,0
-2.394596391128636,-1.038835352263406,p,1
-2.2873063850217292,-1.0325326548410538,p,1
-1.7553923144094865,-1.7092041101418705,p,1
-2.539222534887738,-0.7994379034858867,p,1
0.2115978372092709,-0.4198949329211069,e,0
-0.25933088758122536,-0.19477664640272999,e,0
0.6946983488117111,-0.5089602048807725,e,0
0.28781671706461964,-0.32621374219190546,e,0
-1.6016385776233575,-1.6191200472600475,p,1
-1.6390099298927687,-1.7498506505187772,p,1
-2.1631350967375997,-1.4633100878561047,p,1
-1.8922553604054708,-1.178472781799941,p,1
-2.5278604976710835,-0.7711405039562583,p,1
0.033369629473513296,-0.3565266095428625,e,0
0.26758317904894285,-0.31421906407753564,e,0
-2.0060680596216525,-1.4774345715696886,p,1
-1.6835980180616201,-1.57489370046087,p,1
0.3547068898517906,-0.094858181013001,e,0
-2.587396681829725,-0.7169392331962338,p,1
0.23607537636287224,-0.35263078695750005,e,0
0.17840474671116957,-0.39816756306758594,e,0
-2.591381605648726,-0.86086504956832,p,1
-2.6242572679034897,-0.8662810427717732,p,1
-2.1677420550608457,-1.273571083717908,p,1
-1.9804939525000589,-1.4313778012057192,p,1
-2.6597162163712227,-0.4342555026077144,p,1
-0.15794035465953055,0.06402446949920902,e,0
-1.452383861836227,-1.5739925474963052,p,1
1.0214773475631582,-0.12466057527806315,e,0
0.2794307098694393,-0.4731520551993693,e,0
-1.9672936081078323,-1.722504852569048,p,1
-1.6567695129692765,-1.5639955985999667,p,1
-1.8290036798867946,-1.3657731094887353,p,1
0.2696434735078312,0.005629181442099979,e,0
-2.3698073553200985,-1.0984212803930968,p,1
-0.07444104956848058,0.2063252043662982,e,0
-2.433992543776405,-1.0457466320541489,p,1
0.24558769682961906,-0.37892265909963596,e,0
-2.0297771492102363,-1.25137057622854,p,1
-2.198083279009686,-1.0498957540088563,p,1
0.21611081347116945,-0.43982893227385744,e,0
-1.479408454470898,-1.534883811319856,p,1
-2.1532991032985067,-1.2748595421041158,p,1
-0.04983903181051019,-0.466404210505482,e,0
0.09519608542714608,-0.5080451640302055,e,0
-2.381396046736409,-1.3299624036267348,p,1
-2.209882726873772,-1.4257333926637221,p,1
0.2716920106008981,-0.4521009761027631,e,0
-1.9810649363809887,-1.473082031215347,p,1
-1.68907419134311,-1.527707361793792,p,1
-2.614421274464396,-0.6778304970197843,p,1
-1.8737878555979735,-1.1408093213934758,p,1
-2.2296068926433557,-1.0557435809504874,p,1
0.2237696240212148,-0.2838419183623956,e,0
0.20356956143521265,-0.4493175304807385,e,0
-2.424427524470371,-1.0619080380498258,p,1
0.033369629473513296,-0.3565266095428625,e,0
0.03183674981756984,0.9379042075973905,e,0
-1.9771806521702406,-1.535586347801126,p,1
1.285698079618957,0.024529828571340645,e,0
1.0569853354706096,-0.328046232987528,e,0
-0.8623622170706,-0.23591225832100007,p,1
-2.476751919109226,-0.9446021674268757,p,1
-2.075853155857226,-0.9656595180686646,p,1
-0.785595725859281,0.5994949917433673,p,1
0.057489437205992644,-0.4067781790270877,e,0
-2.1348186731671177,-1.56316609409717,p,1
0.19458398965643947,-0.3681866745498299,e,0
-1.5203578865692065,-1.7152505535667966,p,1
-0.5309793796498131,0.7781927562299388,p,1
-1.8537797903714401,-1.632157193758564,p,1
0.1277019003548056,-0.4113584205069669,e,0
0.23274663216749775,0.8750601953836484,e,0
-2.1163640490400217,-1.1700078738876691,p,1
-1.7612400530452281,-1.834086886458969,p,1
-0.1722071767783775,0.02458423666180473,e,0
1.02629535943323,-0.2606644535819972,e,0
-2.0933243802243515,-1.3530424264362046,p,1
0.1277019003548056,-0.4113584205069669,e,0
0.31242006252778026,-0.22664632579699537,e,0
0.6579614637573785,-0.4587839874935622,e,0
-2.200617717315609,-1.2789870769213614,p,1
-0.6359308350976962,0.658554121953789,p,1
-1.7837087379799685,-1.6093481039008053,p,1
0.25034219848171924,-0.31319055412009567,e,0
-1.8658642659605587,-1.515114919064275,p,1
-2.258755748609496,-1.2317945372398638,p,1
-2.154541710668619,-1.5646981350812368,p,1
-2.220041873337321,-1.0719049869461643,p,1
-2.613640209724233,-0.71996656076759,p,1
-2.280238806990276,-0.9556625691723261,p,1
0.6734485836064921,-0.3483269553657047,e,0
-0.04983903181051019,-0.466404210505482,e,0
-2.5696370987532173,-0.9027942851150442,p,1
-0.9415005223486961,-0.30189005366887167,p,1
0.05941080617347616,-0.4482454207554337,e,0
0.32620334691594594,-0.33702507883872657,e,0
-2.1775780484999387,-1.4620216294698969,p,1
0.2122737046729442,-0.06383443665717303,e,0
0.6203845819744243,-0.6574392163355344,e,0
0.21195556863039294,-0.3023792174732747,e,0
-0.2145638536528195,0.023519743604576288,e,0
-0.2160207318061056,0.05496138237694491,e,0
0.34640992214812844,-0.18567405197552442,e,0
0.16998687734893392,-0.19562258144116737,e,0
-1.8565992564023954,-1.3683686033219138,p,1
-1.6069186633625199,-1.6219405466303223,p,1
0.6088886626261536,-0.4374317346303118,e,0
0.6422026547828283,-0.7525199570727749,e,0
-1.8335595875867252,-1.5514031558704497,p,1
-1.9962320661825594,-1.2889840258176997,p,1
-2.6366765475555525,-0.6172900551562504,p,1
-2.6788172193684785,-0.7694523641020645,p,1
-1.9870166456093337,-1.724036893553115,p,1
0.20252455444364892,-0.4484191325518112,e,0
-1.990329945939152,-1.6198283469577082,p,1
0.5771393345498814,-0.5615095618425668,e,0
0.07280126631640338,-0.3682363441186107,e,0
-0.19477096660088672,-0.10567186713812285,e,0
-2.20460264113461,-1.4229128932934476,p,1
0.2167913765624958,-0.40897889971440693,e,0
-2.27517280868324,-1.0167805382860835,p,1
-2.2999618444917775,-0.9571946101563927,p,1
-2.1803236959331778,-1.2357508059276667,p,1
0.7385119038394392,-0.5393373505959127,e,0
-1.8687218572909376,-1.2019272905072331,p,1
-2.429707610209533,-1.0647285374201005,p,1
0.24413081867633296,-0.34748102032726735,e,0
-2.5972326752688186,-0.9053897789482227,p,1
-1.8406650551775674,-1.5607692167472866,p,1
-2.2440498444056947,-1.0544551225642793,p,1
0.5983890997551002,-0.7221428113576347,e,0
-0.22175400579827098,0.0038785824392421897,e,0
-2.173022140800008,-1.2763915830881827,p,1
0.11453716272033809,0.6278820160821924,e,0
-2.013369614754822,-1.4367937944091724,p,1
-1.760672400148649,-1.7120246095121452,p,1
0.057489437205992644,-0.4067781790270877,e,0
0.3108933348240625,-0.06448103529786092,e,0
-1.8375478423900766,-1.6149709253053404,p,1
-1.7434838009530709,-1.9395838914405834,p,1
-2.5524228792799653,-0.5083108521225582,p,1
-1.9592948092078055,-0.8929685518411471,p,1
0.21195556863039294,-0.3023792174732747,e,0
-1.38006432729473,-1.8566762780848243,p,1
0.5536220658266944,-0.9404392013649409,e,0
0.2350303693713085,-0.35173238902857273,e,0
-2.564357013014055,-0.8999737857447695,p,1
-2.182858134239101,-1.4648421288401716,p,1
-2.2079192724487786,-1.2383462997608452,p,1
0.07913384367497733,-0.44671337977136705,e,0
-2.3715600532973165,-1.1415118578747458,p,1
0.6762623639536081,-0.8422713349780696,e,0
-2.017976573078068,-1.2470547902709757,p,1
-2.4198716167704397,-0.8762779916681117,p,1
-1.7964023227494406,-1.4846110210957524,p,1
-0.5664539798897132,0.7792344381226196,p,1
-1.8584246382540752,-1.3749141648284762,p,1
0.22661037634222275,-0.15511785554653454,e,0
-1.570678650154623,-2.096102150542187,p,1
-0.5645479976310677,0.6530002145728254,p,1
-1.4765889884399426,-1.7986724017565061,p,1
0.20356304878903225,-0.4351929452255977,e,0
-1.961069796478347,-1.638459891180916,p,1
0.22582991848010314,0.03600632715724014,e,0
0.2980833908585016,-0.13536290690763367,e,0
0.07175625932483953,-0.3673379461896835,e,0
-2.130262765467187,-1.3775360477154557,p,1
0.2109105616388291,-0.30148081954434747,e,0
0.5473853925819208,-0.7114068268078285,e,0
-1.570678650154623,-2.096102150542187,p,1
-2.606497684826982,-1.0521360946905836,p,1
-0.20175390968725865,0.09440161521434919,e,0
0.5118688052578548,-0.5902138101301649,e,0
-2.2433782209165116,-0.8063207595967865,p,1
-0.7142128883926524,0.5939410843624037,p,1
-1.8560282725214656,-1.326664373312286,p,1
-2.225618637840004,-0.9921758115155969,p,1
0.33644073050357565,-0.12783186076943628,e,0
-2.0495001867117377,-1.2529026172126068,p,1
0.057489437205992644,-0.4067781790270877,e,0
-2.3928470241357687,-0.9153867278445612,p,1
-1.7665201387843905,-1.8369073858292437,p,1
0.057489437205992644,-0.4067781790270877,e,0
0.17944975370273342,-0.39906596099651326,e,0
-0.3243942078141723,-0.0037662511725220227,e,1
0.2109105616388291,-0.30148081954434747,e,0
-2.1520072723626957,-1.335606812168732,p,1
0.13439559263178302,-0.4315111016746458,e,0
0.2716920106008981,-0.4521009761027631,e,0
-1.8037038778826102,-1.4439702439352362,p,1
0.35594567887648537,-0.343121773069071,e,0
-2.1054121867978206,-1.15564210480472,p,1
-0.1905080769746072,0.4080715841463121,e,0
-1.5798940707278488,-1.6610492828067716,p,1
0.11027578489930379,-0.3812595321904205,e,0
-2.556436754360991,-1.193921336478373,p,1
0.23867460329367868,-0.30957282847392975,e,0
-0.2430037710034899,0.16451183195431007,e,0
-0.05088403880207404,-0.46550581257655466,e,0
0.2492971914901554,-0.31229215619116846,e,0
-1.407088919929401,-1.817567541908375,p,1
-0.09117783851180086,0.34702445452861547,e,0
-2.0783875941631496,-1.1947508409811696,p,1
-2.2178063165111874,-1.051427794992923,p,1
-1.8237235941476322,-1.3629526101184608,p,1
-2.100132101058658,-1.1528216054344453,p,1
-1.9304330220340682,-1.5731630429935084,p,1
-1.9552220578426054,-1.5135771148638177,p,1
0.13104739712721014,-0.3393415698187564,e,0
-1.9380334586470274,-1.741136396792256,p,1
-2.209882726873772,-1.4257333926637221,p,1
-1.5937149879859427,-1.9934256449308472,p,1
0.7217751148961189,-0.3986381004335954,e,0
0.25034219848171924,-0.31319055412009567,e,0
-0.22883067577166644,-0.01592048923282799,e,0
-2.0125885500146583,-1.4789298581569783,p,1
-1.606137598622356,-1.6640766103781282,p,1
-1.5897300641669418,-1.8494998285587605,p,1
-1.949896226416144,-1.0520582452143956,p,1
-2.090296107619565,-0.9643710596824565,p,1
0.07280126631640338,-0.3682363441186107,e,0
0.15361118694971942,-0.20908546601882874,e,0
-2.25916592358395,-1.245726167686543,p,1
-2.443879587838813,-0.8588281272862267,p,1
0.008407099000296542,-0.43750943620562766,e,0
0.057489437205992644,-0.4067781790270877,e,0
-0.3372041517797332,-0.07464812278229499,e,1
-2.0080895290156597,-1.4339732950388977,p,1
-2.025788894406885,-1.1878028067936495,p,1
-1.9650580512816984,-1.7020276606158067,p,1
-2.00078797388249,-1.4746140721994139,p,1
-2.428516370494915,-1.092932970721227,p,1
0.27273701759246194,-0.45299937403169044,e,0
-1.8785578507300307,-1.3903778362592223,p,1
-2.2028532741417433,-1.2994642688746025,p,1
-2.2243268069041933,-1.0529230815802126,p,1
0.3561637680050768,-0.1262998197853696,e,0
-1.9488389839807363,-1.329346632359547,p,1
-2.354371454101738,-1.3690711398031843,p,1
-1.489244447909991,-1.723334357071845,p,1
0.03441463646507714,-0.35742500747178974,e,0
0.24701345428634464,0.9145004282210526,e,0
-2.1907817238765164,-1.0905365311693724,p,1
-2.5781812612565,-1.1519921009316487,p,1
0.18031716753759247,-0.40762690738723406,e,0
-1.5568544019121786,-1.8440838353553075,p,1
-1.5666903953512716,-2.0325343811072965,p,1
0.39537731571937546,-0.3548315076448193,e,0
0.22433793162440013,-0.21828940958456813,e,0
-0.286817326031218,0.1948889776694502,e,1
-2.6799330881715866,-0.5953675874330246,p,1
-1.4956404024522616,-1.5520700797730795,p,1
1.0588283724656757,-0.00040578081837147617,e,0
-1.6114745710624505,-1.8075705930120365,p,1
0.37050043967435536,-0.2175832386747313,e,0
-2.1480190175593443,-1.272039042733841,p,1
-2.1578550109984374,-1.46048958848583,p,1
-2.134558840047692,-1.0405292553339904,p,1
0.3151909652983566,0.032801388745631294,e,0
0.25531090213696006,-0.42290048571514405,e,0
-2.1444458841101004,-0.8536107505660685,p,1
0.7725716130102189,-0.6290887285012076,e,0
-1.6429981846961201,-1.8134184199536678,p,1
0.7315289607530673,-0.3392638682434407,e,0
-0.6743174649490224,0.6693654586006099,p,1
0.07175625932483953,-0.3673379461896835,e,0
0.1662575544778251,-0.2273524967068322,e,0
0.13439559263178302,-0.4315111016746458,e,0
-2.6965768024449863,-0.583597312183254,p,1
0.03441463646507714,-0.35742500747178974,e,0
0.3251601569429095,-0.025040802460456618,e,0
-2.035624887845978,-1.3762533525456384,p,1
0.3123502129773487,-0.0959226740702295,e,0
1.028434699058376,-0.12878435058871826,e,0
-1.8277118489509836,-1.4265203795533514,p,1
0.202519858815996,-0.12320866884732776,e,0
0.1277019003548056,-0.4113584205069669,e,0
-2.4697224663771964,-0.8183330436377562,p,1
-1.9402690154731612,-1.7616135887454973,p,1
-2.190159689372271,-1.4242013516796554,p,1
-2.171058686375015,-1.0890044901853055,p,1
0.1277019003548056,-0.4113584205069669,e,0
-1.9731923973668892,-1.4720185783662354,p,1
0.23352346987816314,-0.2244676861722408,e,0
-2.6637011401902235,-0.578181318979801,p,1
0.022000756378476816,0.7494536618454015,e,0
-2.1848796036331084,-1.4213808523093807,p,1
-0.04736428348407276,0.3166473088134753,e,0
-1.6739581121648546,-1.3364363166715285,p,1
-1.8234269153841116,-1.445502284919303,p,1
-1.815803335494568,-1.6569001608520642,p,1
0.3119365247970988,-0.37646531167613084,e,0
0.5098085107989663,-0.9100620556498006,e,0
0.2350303693713085,-0.35173238902857273,e,0
1.29553407305805,0.2129803743233295,e,0
-0.7113008587812262,0.5841714296082635,p,1
-1.4842783652356064,-1.5237726802434512,p,1
-2.240061589602343,-0.990887353129389,p,1
-0.05088403880207404,-0.46550581257655466,e,0
0.20356304878903225,-0.4351929452255977,e,0
1.0598639774144845,-0.13547191192488414,e,0
-2.1868463890424525,-1.528409898275062,p,1
-2.324812423161144,-1.1790885530671285,p,1
-1.7652283078485795,-1.8976546558938594,p,1
-1.976509028681058,-1.2874519848336328,p,1
-2.2723662679761762,-0.9545991163232143,p,1
1.0116413541240652,-0.3131111210300518,e,0
0.39537731571937546,-0.3548315076448193,e,0
0.33214310002928144,-0.22511428481292858,e,0
0.16126999749976467,-0.053098452107366856,e,0
0.2109105616388291,-0.30148081954434747,e,0
0.20356304878903225,-0.4351929452255977,e,0
0.5353211656304648,-0.5569518538804333,e,0
-2.249329930144857,-1.057275621934554,p,1
-0.12544475674166014,0.21706118891610438,e,0
-1.7566841453452975,-1.6484568400772546,p,1
-2.4198716167704397,-0.8762779916681117,p,1
-2.048828563222555,-1.0047682542451137,p,1
0.07280126631640338,-0.3682363441186107,e,0
1.2630010600256043,-0.04727829844029621,e,0
0.18750731968304402,-0.3879857462219001,e,0
-1.9842979324484693,-0.8973210921954885,p,1
-2.2071382077086152,-1.280482363508651,p,1
-2.1848796036331084,-1.4213808523093807,p,1
0.25034219848171924,-0.31319055412009567,e,0
0.2167913765624958,-0.40897889971440693,e,0
0.6619955418347612,-0.881711567815474,e,0
-1.9279376320885087,-1.0300490122770876,p,1
0.35623361755550836,-0.25702347151213545,e,0
0.24707968368532218,-0.1246269223578276,e,0
0.227356646183821,-0.12615896334189428,e,0
-0.04983903181051019,-0.466404210505482,e,0
-2.1750436101940154,-1.232930306557392,p,1
-0.05088403880207404,-0.46550581257655466,e,0
-1.9055824433647017,-1.3512691000827726,p,1
-0.7250025152433552,0.685578797224031,p,1
-1.7842797218608983,-1.651052333910433,p,1
0.1295206694234925,-0.17717627931962185,e,0
0.19879083099592537,0.7368612191158846,e,0
0.12665689336324176,-0.4104600225780396,e,0
0.05595655755004919,0.8876526381131653,e,0
-2.7006656484695313,-0.6146222448546549,p,1
0.23607537636287224,-0.35263078695750005,e,0
-2.2953896804836043,-1.1778926231113935,p,1
-2.4398913330354617,-0.7952603578513362,p,1
0.07222075013903695,-0.37736354914566084,e,0
-2.0027525565755653,-1.2904793124049894,p,1
0.1415469599982635,-0.05463049309143364,e,0
0.2492971914901554,-0.31229215619116846,e,0
-1.990329945939152,-1.6198283469577082,p,1
0.03441463646507714,-0.35742500747178974,e,0
-2.7509864120549476,-0.9954738418300456,p,1
-1.951233803039254,-1.4500093454289271,p,1
0.17105723386137273,-0.5318796887488363,e,0
0.4569716420347551,-0.41810626520085425,e,0
0.07022337966889608,0.9270928709505695,e,0
0.2599243684988975,-0.4702060779889976,e,0
0.11027578489930379,-0.3812595321904205,e,0
-2.1512009630035096,-1.0716471542338935,p,1
-1.4842783652356064,-1.5237726802434512,p,1
-2.1803236959331778,-1.2357508059276667,p,1
-2.080409063557157,-1.1512895644503787,p,1
-2.673537133629316,-0.7666318647317899,p,1
0.20356956143521265,-0.4493175304807385,e,0
0.07175625932483953,-0.3673379461896835,e,0
0.03441463646507714,-0.35742500747178974,e,0
-1.543654057519952,-2.135210886718636,p,1
0.13439559263178302,-0.4315111016746458,e,0
0.5323723006214756,-0.7798059518498731,e,0
-0.18281452557654726,0.14759757081683123,e,0
-2.4044323845677287,-1.227285898015395,p,1
-0.16925831176938821,0.24743833463124454,e,0
0.2796474060003988,-0.46867403700493093,e,0
0.3418969458862297,-0.16574005262277378,e,0
-1.7744437284218053,-1.462601788158444,p,1
-2.070288042393032,-1.4557189320475445,p,1
-2.7069576808062576,-0.5562588512565754,p,1
-2.190159689372271,-1.4242013516796554,p,1
-2.263101258418013,-0.8078528005808531,p,1
0.2492971914901554,-0.31229215619116846,e,0
0.17840474671116957,-0.39816756306758594,e,0
-2.416854995204142,-0.897936863462676,p,1
-1.8105232497554056,-1.6540796614817896,p,1
0.6367116985521595,-0.29815073797849445,e,0
0.15700710787348515,-0.5668419033918021,e,0
-2.4471928881686313,-0.7546195806908202,p,1
-1.3395795571484064,-1.664275226861423,p,1
-1.8006872563163125,-1.4656291157298007,p,1
0.20356304878903225,-0.4351929452255977,e,0
0.2783603533570005,-0.13689494789170045,e,0
0.02602211662371645,-0.49023873522411276,e,0
-2.4145915310312773,-0.873457492297837,p,1
1.3339207029093763,0.2021690376765085,e,0
-2.0396131426493294,-1.439821121980529,p,1
0.13439559263178302,-0.4315111016746458,e,0
-2.1947666476955168,-1.2344623475414587,p,1
0.2492971914901554,-0.31229215619116846,e,0
0.11027578489930379,-0.3812595321904205,e,0
0.28781671706461964,-0.32621374219190546,e,0
-2.200046733434679,-1.2372828469117334,p,1
0.20610688097860208,0.03447428617317336,e,0
-2.0080895290156597,-1.4339732950388977,p,1
-1.986345022120151,-1.4759025305856217,p,1
-2.0224755940770667,-1.292011353389056,p,1
-1.986345022120151,-1.4759025305856217,p,1
0.39022347717585654,-0.21605119769066453,e,0
0.033369629473513296,-0.3565266095428625,e,0
-2.465166558677266,-0.6327029972560418,p,1
0.2936975319882864,-0.43371182236196504,e,0
0.2911702973225614,-0.06601307628192771,e,0
0.05853444419755638,-0.407676576956015,e,0
0.07280126631640338,-0.3682363441186107,e,0
-2.167123351540951,-1.5268778572909953,p,1
-1.8388396733258876,-1.5542236552407243,p,1
-2.200617717315609,-1.2789870769213614,p,1
-2.7740227498862673,-0.8927973362187057,p,1
-2.1249826797280247,-1.374715548345181,p,1
0.24786014154744168,-0.3157511050616024,e,0
-2.0275415923841025,-1.2308933842752987,p,1
-0.05088403880207404,-0.46550581257655466,e,0
-2.4789874759353596,-0.9650793593801171,p,1
0.3119365247970988,-0.37646531167613084,e,0
0.21195556863039294,-0.3023792174732747,e,0
0.3485981660266885,-0.47683389875032123,e,0
-2.37379561012345,-1.1619890498279872,p,1
0.02602211662371645,-0.49023873522411276,e,0
-2.469151482496267,-0.7766288136281284,p,1
0.02602211662371645,-0.49023873522411276,e,0
-0.10544466063064789,0.3075842216912111,e,0
0.21195556863039294,-0.3023792174732747,e,0
0.23607537636287224,-0.35263078695750005,e,0
0.03441463646507714,-0.35742500747178974,e,0
0.6662584314610407,-0.3679681165310388,e,0
-1.633162191257027,-1.6249678742016789,p,1
-1.9810649363809887,-1.473082031215347,p,1
-2.0455119319083863,-1.1893348477777161,p,1
-2.8010473425209383,-0.8536886000422562,p,1
-1.533818064080859,-1.9467603409666472,p,1
-0.0956908147736995,0.3669584538813659,e,0
0.18251976270498355,-0.21373170162243463,e,0
0.02602211662371645,-0.49023873522411276,e,0
-2.159561963288356,-1.0448817956883318,p,1
0.17105723386137273,-0.5318796887488363,e,0
-2.4921911513119372,-0.5935942610795925,p,1
-2.2729372518571065,-0.9963033463328422,p,1
-2.052813487041556,-1.1486940706172002,p,1
-1.978258395673925,-1.4109006092524778,p,1
-2.0802129760148294,-1.2012964024877315,p,1
0.09553080980314432,-0.2181485531410928,e,0
-0.605274246727868,0.7935163183650426,p,1
0.20404658651971364,-0.28537395934646237,e,0
-2.741150418615854,-0.8070232960780566,p,1
-2.429707610209533,-1.0647285374201005,p,1
-0.1487548164057675,0.05784619291153635,e,0
0.03441463646507714,-0.35742500747178974,e,0
-1.7882646456798992,-1.7949781502825195,p,1
0.3943323087278116,-0.353933109715892,e,0
0.12665689336324176,-0.4104600225780396,e,0
0.09415107843558224,-0.5071467661012782,e,0
-0.05088403880207404,-0.46550581257655466,e,0
0.09519608542714608,-0.5080451640302055,e,0
0.3943323087278116,-0.353933109715892,e,0
-2.171730309864197,-1.3371388531527986,p,1
0.6181819868070331,-0.8513344221003337,e,0
0.21783638355405965,-0.40987729764333425,e,0
0.4757488016281865,-0.8203106777445057,e,0
-0.04983903181051019,-0.466404210505482,e,0
-2.614421274464396,-0.6778304970197843,p,1
-0.640748846967768,0.7945580002577234,p,1
0.07175625932483953,-0.3673379461896835,e,0
-2.1249826797280247,-1.374715548345181,p,1
-2.027812566517161,-1.4355053360229646,p,1
-2.063271514984894,-1.003479795858906,p,1
0.12665689336324176,-0.4104600225780396,e,0
0.07175625932483953,-0.3673379461896835,e,0
0.28781671706461964,-0.32621374219190546,e,0
-1.9304330220340682,-1.5731630429935084,p,1
0.2492971914901554,-0.31229215619116846,e,0
